interaction_id,ticket_id,occurred_at,actor,kind,body
INTERACTION-0100001,TICKET-005001,2026-07-24T00:53:12Z,customer,message,Initial report.
INTERACTION-0100002,TICKET-005001,2026-07-24T03:04:12Z,agent,message,I have passed this to the team that can see the detail.
INTERACTION-0100003,TICKET-005002,2026-08-22T11:51:27Z,customer,message,Initial report.
INTERACTION-0100004,TICKET-005002,2026-08-23T00:42:27Z,agent,message,Sorry about this. I have found the charge and am looking into it.
INTERACTION-0100005,TICKET-005003,2026-07-06T12:47:57Z,customer,message,Initial report.
INTERACTION-0100006,TICKET-005003,2026-07-07T01:21:57Z,agent,message,"I can see the payment on our side, checking where it stopped."
INTERACTION-0100007,TICKET-005004,2026-07-06T11:12:26Z,customer,message,Initial report.
INTERACTION-0100008,TICKET-005004,2026-07-06T19:52:26Z,portal,proposal_sent,First response.
INTERACTION-0100009,TICKET-005005,2026-08-28T14:36:09Z,customer,message,Initial report.
INTERACTION-0100010,TICKET-005005,2026-08-28T15:42:09Z,agent,message,I have blocked the card and ordered a replacement.
INTERACTION-0100011,TICKET-005006,2026-08-12T16:27:11Z,customer,message,Initial report.
INTERACTION-0100012,TICKET-005006,2026-08-12T16:40:11Z,portal,proposal_sent,First response.
INTERACTION-0100013,TICKET-005007,2026-07-19T21:27:58Z,customer,message,Initial report.
INTERACTION-0100014,TICKET-005007,2026-07-20T05:39:58Z,portal,proposal_sent,First response.
INTERACTION-0100015,TICKET-005008,2026-06-23T20:49:33Z,customer,message,Initial report.
INTERACTION-0100016,TICKET-005008,2026-06-24T02:14:33Z,agent,message,I have passed this to the team that can see the detail.
INTERACTION-0100017,TICKET-005009,2026-06-27T08:06:53Z,customer,message,Initial report.
INTERACTION-0100018,TICKET-005009,2026-06-27T16:53:53Z,agent,message,"I can see the payment on our side, checking where it stopped."
INTERACTION-0100019,TICKET-005010,2026-06-23T02:10:58Z,customer,message,Initial report.
INTERACTION-0100020,TICKET-005010,2026-06-23T06:45:58Z,agent,message,I have blocked the card and ordered a replacement.
INTERACTION-0100021,TICKET-005011,2026-06-21T11:13:22Z,customer,message,Initial report.
INTERACTION-0100022,TICKET-005011,2026-06-21T13:28:22Z,agent,message,Sorry about this. I have found the charge and am looking into it.
INTERACTION-0100023,TICKET-005012,2026-08-14T01:57:46Z,customer,message,Initial report.
INTERACTION-0100024,TICKET-005012,2026-08-14T13:32:46Z,agent,message,I have passed this to the team that can see the detail.
INTERACTION-0100025,TICKET-005013,2026-07-10T00:45:13Z,customer,message,Initial report.
INTERACTION-0100026,TICKET-005013,2026-07-10T05:21:13Z,agent,message,I have blocked the card and ordered a replacement.
INTERACTION-0100027,TICKET-005014,2026-07-18T20:24:03Z,customer,message,Initial report.
INTERACTION-0100028,TICKET-005014,2026-07-18T23:50:03Z,agent,message,"I can see the payment on our side, checking where it stopped."
INTERACTION-0100029,TICKET-005015,2026-07-06T12:05:46Z,customer,message,Initial report.
INTERACTION-0100030,TICKET-005015,2026-07-06T15:25:46Z,agent,message,"I can see the payment on our side, checking where it stopped."
INTERACTION-0100031,TICKET-005016,2026-08-29T09:40:54Z,customer,message,Initial report.
INTERACTION-0100032,TICKET-005016,2026-08-30T00:07:54Z,agent,message,I have passed this to the team that can see the detail.
INTERACTION-0100033,TICKET-005017,2026-07-21T21:30:17Z,customer,message,Initial report.
INTERACTION-0100034,TICKET-005017,2026-07-22T00:02:17Z,agent,message,Sorry about this. I have found the charge and am looking into it.
INTERACTION-0100035,TICKET-005018,2026-08-11T18:07:22Z,customer,message,Initial report.
INTERACTION-0100036,TICKET-005018,2026-08-11T20:35:22Z,agent,message,"Thanks for getting in touch, taking a look now."
INTERACTION-0100037,TICKET-005019,2026-06-27T01:35:25Z,customer,message,Initial report.
INTERACTION-0100038,TICKET-005019,2026-06-27T14:31:25Z,agent,message,Sorry about this. I have found the charge and am looking into it.
INTERACTION-0100039,TICKET-005020,2026-06-30T19:31:17Z,customer,message,Initial report.
INTERACTION-0100040,TICKET-005020,2026-07-01T02:05:17Z,agent,message,"Thanks for getting in touch, taking a look now."
INTERACTION-0100041,TICKET-005021,2026-08-19T13:01:03Z,customer,message,Initial report.
INTERACTION-0100042,TICKET-005021,2026-08-19T19:43:03Z,portal,proposal_sent,First response.
INTERACTION-0100043,TICKET-005022,2026-06-13T18:07:39Z,customer,message,Initial report.
INTERACTION-0100044,TICKET-005022,2026-06-13T21:48:39Z,portal,proposal_sent,First response.
INTERACTION-0100045,TICKET-005023,2026-06-30T07:33:07Z,customer,message,Initial report.
INTERACTION-0100046,TICKET-005023,2026-06-30T15:36:07Z,agent,message,I have blocked the card and ordered a replacement.
INTERACTION-0100047,TICKET-005024,2026-07-07T19:57:58Z,customer,message,Initial report.
INTERACTION-0100048,TICKET-005024,2026-07-08T10:46:58Z,agent,message,"Thanks for getting in touch, taking a look now."
INTERACTION-0100049,TICKET-005025,2026-08-05T02:02:36Z,customer,message,Initial report.
INTERACTION-0100050,TICKET-005025,2026-08-05T02:19:36Z,agent,message,Sorry about this. I have found the charge and am looking into it.
INTERACTION-0100051,TICKET-005026,2026-06-19T16:02:20Z,customer,message,Initial report.
INTERACTION-0100052,TICKET-005026,2026-06-19T22:30:20Z,agent,message,Sorry about this. I have found the charge and am looking into it.
INTERACTION-0100053,TICKET-005027,2026-06-02T04:26:51Z,customer,message,Initial report.
INTERACTION-0100054,TICKET-005027,2026-06-02T05:39:51Z,agent,message,I have blocked the card and ordered a replacement.
INTERACTION-0100055,TICKET-005028,2026-08-24T03:21:33Z,customer,message,Initial report.
INTERACTION-0100056,TICKET-005028,2026-08-24T16:48:33Z,agent,message,I have passed this to the team that can see the detail.
INTERACTION-0100057,TICKET-005029,2026-06-21T06:21:42Z,customer,message,Initial report.
INTERACTION-0100058,TICKET-005029,2026-06-21T08:53:42Z,portal,proposal_sent,First response.
INTERACTION-0100059,TICKET-005030,2026-08-31T13:57:27Z,customer,message,Initial report.
INTERACTION-0100060,TICKET-005030,2026-09-01T04:11:27Z,agent,message,"Thanks for getting in touch, taking a look now."
INTERACTION-0100061,TICKET-005031,2026-06-07T18:22:02Z,customer,message,Initial report.
INTERACTION-0100062,TICKET-005031,2026-06-07T23:24:02Z,portal,proposal_sent,First response.
INTERACTION-0100063,TICKET-005032,2026-06-20T20:45:18Z,customer,message,Initial report.
INTERACTION-0100064,TICKET-005032,2026-06-21T05:09:18Z,agent,message,I have passed this to the team that can see the detail.
INTERACTION-0100065,TICKET-005033,2026-08-01T12:45:38Z,customer,message,Initial report.
INTERACTION-0100066,TICKET-005033,2026-08-02T00:37:38Z,agent,message,Sorry about this. I have found the charge and am looking into it.
INTERACTION-0100067,TICKET-005034,2026-07-10T14:23:50Z,customer,message,Initial report.
INTERACTION-0100068,TICKET-005034,2026-07-10T17:51:50Z,portal,proposal_sent,First response.
INTERACTION-0100069,TICKET-005035,2026-08-23T08:46:40Z,customer,message,Initial report.
INTERACTION-0100070,TICKET-005035,2026-08-23T22:07:40Z,agent,message,Sorry about this. I have found the charge and am looking into it.
INTERACTION-0100071,TICKET-005036,2026-06-30T10:03:22Z,customer,message,Initial report.
INTERACTION-0100072,TICKET-005036,2026-06-30T20:49:22Z,agent,message,"I can see the payment on our side, checking where it stopped."
INTERACTION-0100073,TICKET-005037,2026-06-11T05:15:49Z,customer,message,Initial report.
INTERACTION-0100074,TICKET-005037,2026-06-11T11:09:49Z,portal,proposal_sent,First response.
INTERACTION-0100075,TICKET-005038,2026-06-10T20:56:00Z,customer,message,Initial report.
INTERACTION-0100076,TICKET-005038,2026-06-11T06:58:00Z,agent,message,"I can see the payment on our side, checking where it stopped."
INTERACTION-0100077,TICKET-005039,2026-08-27T00:41:18Z,customer,message,Initial report.
INTERACTION-0100078,TICKET-005039,2026-08-27T11:11:18Z,agent,message,"Thanks for getting in touch, taking a look now."
INTERACTION-0100079,TICKET-005040,2026-08-14T06:44:37Z,customer,message,Initial report.
INTERACTION-0100080,TICKET-005040,2026-08-14T09:11:37Z,agent,message,Sorry about this. I have found the charge and am looking into it.
INTERACTION-0100081,TICKET-005041,2026-06-10T14:11:46Z,customer,message,Initial report.
INTERACTION-0100082,TICKET-005041,2026-06-10T23:28:46Z,portal,proposal_sent,First response.
INTERACTION-0100083,TICKET-005042,2026-07-02T13:04:44Z,customer,message,Initial report.
INTERACTION-0100084,TICKET-005042,2026-07-03T02:28:44Z,agent,message,"Thanks for getting in touch, taking a look now."
INTERACTION-0100085,TICKET-005043,2026-07-25T06:49:12Z,customer,message,Initial report.
INTERACTION-0100086,TICKET-005043,2026-07-25T14:59:12Z,agent,message,"Thanks for getting in touch, taking a look now."
INTERACTION-0100087,TICKET-005044,2026-08-13T22:47:43Z,customer,message,Initial report.
INTERACTION-0100088,TICKET-005044,2026-08-14T00:36:43Z,agent,message,Sorry about this. I have found the charge and am looking into it.
INTERACTION-0100089,TICKET-005045,2026-06-10T18:10:37Z,customer,message,Initial report.
INTERACTION-0100090,TICKET-005045,2026-06-10T18:33:37Z,agent,message,I have passed this to the team that can see the detail.
INTERACTION-0100091,TICKET-005046,2026-06-10T02:00:51Z,customer,message,Initial report.
INTERACTION-0100092,TICKET-005046,2026-06-10T10:03:51Z,agent,message,Sorry about this. I have found the charge and am looking into it.
INTERACTION-0100093,TICKET-005047,2026-06-12T03:47:51Z,customer,message,Initial report.
INTERACTION-0100094,TICKET-005047,2026-06-12T05:28:51Z,portal,proposal_sent,First response.
INTERACTION-0100095,TICKET-005048,2026-08-13T22:30:07Z,customer,message,Initial report.
INTERACTION-0100096,TICKET-005048,2026-08-14T01:57:07Z,agent,message,I have passed this to the team that can see the detail.
INTERACTION-0100097,TICKET-005049,2026-07-06T23:10:11Z,customer,message,Initial report.
INTERACTION-0100098,TICKET-005049,2026-07-07T11:22:11Z,agent,message,I have blocked the card and ordered a replacement.
INTERACTION-0100099,TICKET-005050,2026-06-13T18:32:27Z,customer,message,Initial report.
INTERACTION-0100100,TICKET-005050,2026-06-13T23:07:27Z,agent,message,"Thanks for getting in touch, taking a look now."
INTERACTION-0100101,TICKET-005051,2026-06-25T22:37:17Z,customer,message,Initial report.
INTERACTION-0100102,TICKET-005051,2026-06-26T04:18:17Z,agent,message,"I can see the payment on our side, checking where it stopped."
INTERACTION-0100103,TICKET-005052,2026-08-19T23:26:34Z,customer,message,Initial report.
INTERACTION-0100104,TICKET-005052,2026-08-20T08:58:34Z,agent,message,I have passed this to the team that can see the detail.
INTERACTION-0100105,TICKET-005053,2026-06-10T00:57:36Z,customer,message,Initial report.
INTERACTION-0100106,TICKET-005053,2026-06-10T12:37:36Z,agent,message,I have passed this to the team that can see the detail.
INTERACTION-0100107,TICKET-005054,2026-08-28T18:31:56Z,customer,message,Initial report.
INTERACTION-0100108,TICKET-005054,2026-08-29T06:17:56Z,agent,message,Sorry about this. I have found the charge and am looking into it.
INTERACTION-0100109,TICKET-005055,2026-08-30T19:11:11Z,customer,message,Initial report.
INTERACTION-0100110,TICKET-005055,2026-08-31T02:19:11Z,portal,proposal_sent,First response.
INTERACTION-0100111,TICKET-005056,2026-07-02T03:36:40Z,customer,message,Initial report.
INTERACTION-0100112,TICKET-005056,2026-07-02T12:18:40Z,agent,message,I have blocked the card and ordered a replacement.
INTERACTION-0100113,TICKET-005057,2026-06-04T07:11:31Z,customer,message,Initial report.
INTERACTION-0100114,TICKET-005057,2026-06-04T14:36:31Z,portal,proposal_sent,First response.
INTERACTION-0100115,TICKET-005058,2026-06-09T10:21:34Z,customer,message,Initial report.
INTERACTION-0100116,TICKET-005058,2026-06-09T19:53:34Z,agent,message,I have passed this to the team that can see the detail.
INTERACTION-0100117,TICKET-005059,2026-07-23T13:43:43Z,customer,message,Initial report.
INTERACTION-0100118,TICKET-005059,2026-07-23T22:58:43Z,agent,message,I have passed this to the team that can see the detail.
INTERACTION-0100119,TICKET-005060,2026-06-12T23:44:47Z,customer,message,Initial report.
INTERACTION-0100120,TICKET-005060,2026-06-13T05:22:47Z,agent,message,Sorry about this. I have found the charge and am looking into it.
INTERACTION-0100121,TICKET-005061,2026-07-31T04:19:35Z,customer,message,Initial report.
INTERACTION-0100122,TICKET-005061,2026-07-31T04:48:35Z,portal,proposal_sent,First response.
INTERACTION-0100123,TICKET-005062,2026-06-11T01:53:20Z,customer,message,Initial report.
INTERACTION-0100124,TICKET-005062,2026-06-11T16:35:20Z,agent,message,I have blocked the card and ordered a replacement.
INTERACTION-0100125,TICKET-005063,2026-06-05T02:10:33Z,customer,message,Initial report.
INTERACTION-0100126,TICKET-005063,2026-06-05T16:30:33Z,agent,message,"I can see the payment on our side, checking where it stopped."
INTERACTION-0100127,TICKET-005064,2026-08-02T16:39:07Z,customer,message,Initial report.
INTERACTION-0100128,TICKET-005064,2026-08-02T22:38:07Z,agent,message,I have passed this to the team that can see the detail.
INTERACTION-0100129,TICKET-005065,2026-08-22T23:48:28Z,customer,message,Initial report.
INTERACTION-0100130,TICKET-005065,2026-08-23T04:07:28Z,agent,message,"Thanks for getting in touch, taking a look now."
INTERACTION-0100131,TICKET-005066,2026-06-07T05:12:50Z,customer,message,Initial report.
INTERACTION-0100132,TICKET-005066,2026-06-07T05:35:50Z,agent,message,Sorry about this. I have found the charge and am looking into it.
INTERACTION-0100133,TICKET-005067,2026-07-26T12:13:37Z,customer,message,Initial report.
INTERACTION-0100134,TICKET-005067,2026-07-27T00:53:37Z,agent,message,Sorry about this. I have found the charge and am looking into it.
INTERACTION-0100135,TICKET-005068,2026-07-25T16:43:27Z,customer,message,Initial report.
INTERACTION-0100136,TICKET-005068,2026-07-26T06:11:27Z,portal,proposal_sent,First response.
INTERACTION-0100137,TICKET-005069,2026-08-25T19:46:05Z,customer,message,Initial report.
INTERACTION-0100138,TICKET-005069,2026-08-26T07:43:05Z,agent,message,"I can see the payment on our side, checking where it stopped."
INTERACTION-0100139,TICKET-005070,2026-07-05T23:57:18Z,customer,message,Initial report.
INTERACTION-0100140,TICKET-005070,2026-07-06T07:35:18Z,agent,message,Sorry about this. I have found the charge and am looking into it.
INTERACTION-0100141,TICKET-005071,2026-08-05T15:02:10Z,customer,message,Initial report.
INTERACTION-0100142,TICKET-005071,2026-08-05T22:30:10Z,agent,message,"I can see the payment on our side, checking where it stopped."
INTERACTION-0100143,TICKET-005072,2026-07-08T16:44:02Z,customer,message,Initial report.
INTERACTION-0100144,TICKET-005072,2026-07-08T17:24:02Z,agent,message,Sorry about this. I have found the charge and am looking into it.
INTERACTION-0100145,TICKET-005073,2026-06-28T00:07:06Z,customer,message,Initial report.
INTERACTION-0100146,TICKET-005073,2026-06-28T11:53:06Z,agent,message,Sorry about this. I have found the charge and am looking into it.
INTERACTION-0100147,TICKET-005074,2026-07-29T21:55:06Z,customer,message,Initial report.
INTERACTION-0100148,TICKET-005074,2026-07-30T10:22:06Z,agent,message,"I can see the payment on our side, checking where it stopped."
INTERACTION-0100149,TICKET-005075,2026-06-10T14:24:01Z,customer,message,Initial report.
INTERACTION-0100150,TICKET-005075,2026-06-10T19:20:01Z,agent,message,"Thanks for getting in touch, taking a look now."
INTERACTION-0100151,TICKET-005076,2026-07-30T03:51:24Z,customer,message,Initial report.
INTERACTION-0100152,TICKET-005076,2026-07-30T07:21:24Z,agent,message,"Thanks for getting in touch, taking a look now."
INTERACTION-0100153,TICKET-005077,2026-07-18T06:20:18Z,customer,message,Initial report.
INTERACTION-0100154,TICKET-005077,2026-07-18T10:14:18Z,agent,message,I have passed this to the team that can see the detail.
INTERACTION-0100155,TICKET-005078,2026-07-29T21:44:24Z,customer,message,Initial report.
INTERACTION-0100156,TICKET-005078,2026-07-30T01:26:24Z,portal,proposal_sent,First response.
INTERACTION-0100157,TICKET-005079,2026-07-15T08:09:45Z,customer,message,Initial report.
INTERACTION-0100158,TICKET-005079,2026-07-15T10:16:45Z,agent,message,Sorry about this. I have found the charge and am looking into it.
INTERACTION-0100159,TICKET-005080,2026-06-16T15:04:07Z,customer,message,Initial report.
INTERACTION-0100160,TICKET-005080,2026-06-17T02:53:07Z,agent,message,I have blocked the card and ordered a replacement.
INTERACTION-0100161,TICKET-005081,2026-06-29T04:43:08Z,customer,message,Initial report.
INTERACTION-0100162,TICKET-005081,2026-06-29T06:09:08Z,agent,message,"I can see the payment on our side, checking where it stopped."
INTERACTION-0100163,TICKET-005082,2026-08-22T10:48:23Z,customer,message,Initial report.
INTERACTION-0100164,TICKET-005082,2026-08-22T19:17:23Z,agent,message,"I can see the payment on our side, checking where it stopped."
INTERACTION-0100165,TICKET-005083,2026-08-19T23:43:47Z,customer,message,Initial report.
INTERACTION-0100166,TICKET-005083,2026-08-20T10:05:47Z,agent,message,"I can see the payment on our side, checking where it stopped."
INTERACTION-0100167,TICKET-005084,2026-06-29T08:50:19Z,customer,message,Initial report.
INTERACTION-0100168,TICKET-005084,2026-06-29T14:54:19Z,portal,proposal_sent,First response.
INTERACTION-0100169,TICKET-005085,2026-07-16T13:12:09Z,customer,message,Initial report.
INTERACTION-0100170,TICKET-005085,2026-07-17T00:30:09Z,portal,proposal_sent,First response.
INTERACTION-0100171,TICKET-005086,2026-06-14T21:03:32Z,customer,message,Initial report.
INTERACTION-0100172,TICKET-005086,2026-06-15T09:55:32Z,portal,proposal_sent,First response.
INTERACTION-0100173,TICKET-005087,2026-08-14T14:56:28Z,customer,message,Initial report.
INTERACTION-0100174,TICKET-005087,2026-08-14T15:37:28Z,agent,message,"Thanks for getting in touch, taking a look now."
INTERACTION-0100175,TICKET-005088,2026-08-20T03:25:18Z,customer,message,Initial report.
INTERACTION-0100176,TICKET-005088,2026-08-20T11:02:18Z,agent,message,I have blocked the card and ordered a replacement.
INTERACTION-0100177,TICKET-005089,2026-08-22T21:12:38Z,customer,message,Initial report.
INTERACTION-0100178,TICKET-005089,2026-08-23T05:23:38Z,agent,message,"I can see the payment on our side, checking where it stopped."
INTERACTION-0100179,TICKET-005090,2026-08-04T16:15:25Z,customer,message,Initial report.
INTERACTION-0100180,TICKET-005090,2026-08-04T19:33:25Z,agent,message,I have blocked the card and ordered a replacement.
INTERACTION-0100181,TICKET-005091,2026-06-16T06:41:19Z,customer,message,Initial report.
INTERACTION-0100182,TICKET-005091,2026-06-16T20:12:19Z,agent,message,I have blocked the card and ordered a replacement.
INTERACTION-0100183,TICKET-005092,2026-07-03T22:07:30Z,customer,message,Initial report.
INTERACTION-0100184,TICKET-005092,2026-07-04T04:08:30Z,agent,message,"I can see the payment on our side, checking where it stopped."
INTERACTION-0100185,TICKET-005093,2026-08-31T07:30:36Z,customer,message,Initial report.
INTERACTION-0100186,TICKET-005093,2026-08-31T15:18:36Z,agent,message,"I can see the payment on our side, checking where it stopped."
INTERACTION-0100187,TICKET-005094,2026-06-02T01:56:11Z,customer,message,Initial report.
INTERACTION-0100188,TICKET-005094,2026-06-02T03:58:11Z,agent,message,"I can see the payment on our side, checking where it stopped."
INTERACTION-0100189,TICKET-005095,2026-06-30T02:27:29Z,customer,message,Initial report.
INTERACTION-0100190,TICKET-005095,2026-06-30T13:45:29Z,portal,proposal_sent,First response.
INTERACTION-0100191,TICKET-005096,2026-07-17T23:22:18Z,customer,message,Initial report.
INTERACTION-0100192,TICKET-005096,2026-07-18T08:42:18Z,agent,message,"I can see the payment on our side, checking where it stopped."
INTERACTION-0100193,TICKET-005097,2026-06-22T20:09:53Z,customer,message,Initial report.
INTERACTION-0100194,TICKET-005097,2026-06-23T01:32:53Z,agent,message,Sorry about this. I have found the charge and am looking into it.
INTERACTION-0100195,TICKET-005098,2026-06-15T09:42:44Z,customer,message,Initial report.
INTERACTION-0100196,TICKET-005098,2026-06-15T16:01:44Z,agent,message,I have passed this to the team that can see the detail.
INTERACTION-0100197,TICKET-005099,2026-08-16T07:45:36Z,customer,message,Initial report.
INTERACTION-0100198,TICKET-005099,2026-08-16T16:28:36Z,agent,message,I have passed this to the team that can see the detail.
INTERACTION-0100199,TICKET-005100,2026-07-11T20:03:52Z,customer,message,Initial report.
INTERACTION-0100200,TICKET-005100,2026-07-12T02:58:52Z,agent,message,"Thanks for getting in touch, taking a look now."
INTERACTION-0100201,TICKET-005101,2026-07-05T11:06:18Z,customer,message,Initial report.
INTERACTION-0100202,TICKET-005101,2026-07-05T20:10:18Z,agent,message,I have passed this to the team that can see the detail.
INTERACTION-0100203,TICKET-005102,2026-08-11T09:10:40Z,customer,message,Initial report.
INTERACTION-0100204,TICKET-005102,2026-08-11T09:58:40Z,portal,proposal_sent,First response.
INTERACTION-0100205,TICKET-005103,2026-06-06T19:22:04Z,customer,message,Initial report.
INTERACTION-0100206,TICKET-005103,2026-06-07T01:44:04Z,portal,proposal_sent,First response.
INTERACTION-0100207,TICKET-005104,2026-08-02T09:08:49Z,customer,message,Initial report.
INTERACTION-0100208,TICKET-005104,2026-08-02T14:47:49Z,portal,proposal_sent,First response.
INTERACTION-0100209,TICKET-005105,2026-06-16T04:58:54Z,customer,message,Initial report.
INTERACTION-0100210,TICKET-005105,2026-06-16T11:48:54Z,agent,message,Sorry about this. I have found the charge and am looking into it.
INTERACTION-0100211,TICKET-005106,2026-06-04T17:06:53Z,customer,message,Initial report.
INTERACTION-0100212,TICKET-005106,2026-06-04T20:05:53Z,portal,proposal_sent,First response.
INTERACTION-0100213,TICKET-005107,2026-06-06T21:43:14Z,customer,message,Initial report.
INTERACTION-0100214,TICKET-005107,2026-06-06T23:25:14Z,portal,proposal_sent,First response.
INTERACTION-0100215,TICKET-005108,2026-06-18T22:14:01Z,customer,message,Initial report.
INTERACTION-0100216,TICKET-005108,2026-06-19T10:19:01Z,portal,proposal_sent,First response.
INTERACTION-0100217,TICKET-005109,2026-06-05T16:26:43Z,customer,message,Initial report.
INTERACTION-0100218,TICKET-005109,2026-06-05T17:57:43Z,portal,proposal_sent,First response.
INTERACTION-0100219,TICKET-005110,2026-08-09T19:44:00Z,customer,message,Initial report.
INTERACTION-0100220,TICKET-005110,2026-08-09T21:19:00Z,portal,proposal_sent,First response.
INTERACTION-0100221,TICKET-005111,2026-07-28T16:58:25Z,customer,message,Initial report.
INTERACTION-0100222,TICKET-005111,2026-07-29T07:32:25Z,agent,message,Sorry about this. I have found the charge and am looking into it.
INTERACTION-0100223,TICKET-005112,2026-07-26T04:15:04Z,customer,message,Initial report.
INTERACTION-0100224,TICKET-005112,2026-07-26T14:09:04Z,agent,message,I have passed this to the team that can see the detail.
INTERACTION-0100225,TICKET-005113,2026-07-02T23:10:49Z,customer,message,Initial report.
INTERACTION-0100226,TICKET-005113,2026-07-03T02:54:49Z,portal,proposal_sent,First response.
INTERACTION-0100227,TICKET-005114,2026-06-15T10:05:55Z,customer,message,Initial report.
INTERACTION-0100228,TICKET-005114,2026-06-15T19:20:55Z,agent,message,"I can see the payment on our side, checking where it stopped."
INTERACTION-0100229,TICKET-005115,2026-07-18T23:20:58Z,customer,message,Initial report.
INTERACTION-0100230,TICKET-005115,2026-07-18T23:24:58Z,agent,message,I have blocked the card and ordered a replacement.
INTERACTION-0100231,TICKET-005116,2026-08-22T10:04:41Z,customer,message,Initial report.
INTERACTION-0100232,TICKET-005116,2026-08-22T10:53:41Z,portal,proposal_sent,First response.
INTERACTION-0100233,TICKET-005117,2026-08-25T19:50:21Z,customer,message,Initial report.
INTERACTION-0100234,TICKET-005117,2026-08-25T22:52:21Z,agent,message,"Thanks for getting in touch, taking a look now."
INTERACTION-0100235,TICKET-005118,2026-08-29T13:02:57Z,customer,message,Initial report.
INTERACTION-0100236,TICKET-005118,2026-08-30T01:30:57Z,agent,message,I have blocked the card and ordered a replacement.
INTERACTION-0100237,TICKET-005119,2026-07-03T13:51:07Z,customer,message,Initial report.
INTERACTION-0100238,TICKET-005119,2026-07-03T18:17:07Z,agent,message,I have passed this to the team that can see the detail.
INTERACTION-0100239,TICKET-005120,2026-06-30T23:04:20Z,customer,message,Initial report.
INTERACTION-0100240,TICKET-005120,2026-07-01T12:33:20Z,agent,message,I have passed this to the team that can see the detail.
INTERACTION-0100241,TICKET-005121,2026-07-02T18:05:32Z,customer,message,Initial report.
INTERACTION-0100242,TICKET-005121,2026-07-03T05:48:32Z,agent,message,I have blocked the card and ordered a replacement.
INTERACTION-0100243,TICKET-005122,2026-07-15T13:05:35Z,customer,message,Initial report.
INTERACTION-0100244,TICKET-005122,2026-07-15T15:19:35Z,portal,proposal_sent,First response.
INTERACTION-0100245,TICKET-005123,2026-07-03T22:09:26Z,customer,message,Initial report.
INTERACTION-0100246,TICKET-005123,2026-07-04T03:08:26Z,agent,message,Sorry about this. I have found the charge and am looking into it.
INTERACTION-0100247,TICKET-005124,2026-08-13T08:17:59Z,customer,message,Initial report.
INTERACTION-0100248,TICKET-005124,2026-08-13T08:56:59Z,agent,message,I have passed this to the team that can see the detail.
INTERACTION-0100249,TICKET-005125,2026-08-29T10:04:11Z,customer,message,Initial report.
INTERACTION-0100250,TICKET-005125,2026-08-29T22:18:11Z,agent,message,Sorry about this. I have found the charge and am looking into it.
INTERACTION-0100251,TICKET-005126,2026-06-24T00:23:37Z,customer,message,Initial report.
INTERACTION-0100252,TICKET-005126,2026-06-24T03:42:37Z,agent,message,I have blocked the card and ordered a replacement.
INTERACTION-0100253,TICKET-005127,2026-08-27T21:35:06Z,customer,message,Initial report.
INTERACTION-0100254,TICKET-005127,2026-08-27T22:34:06Z,agent,message,I have passed this to the team that can see the detail.
INTERACTION-0100255,TICKET-005128,2026-06-04T01:40:50Z,customer,message,Initial report.
INTERACTION-0100256,TICKET-005128,2026-06-04T13:50:50Z,agent,message,I have blocked the card and ordered a replacement.
INTERACTION-0100257,TICKET-005129,2026-08-24T20:45:11Z,customer,message,Initial report.
INTERACTION-0100258,TICKET-005129,2026-08-25T06:12:11Z,agent,message,Sorry about this. I have found the charge and am looking into it.
INTERACTION-0100259,TICKET-005130,2026-07-17T13:42:12Z,customer,message,Initial report.
INTERACTION-0100260,TICKET-005130,2026-07-18T04:34:12Z,agent,message,Sorry about this. I have found the charge and am looking into it.
INTERACTION-0100261,TICKET-005131,2026-08-13T05:35:18Z,customer,message,Initial report.
INTERACTION-0100262,TICKET-005131,2026-08-13T18:53:18Z,agent,message,I have passed this to the team that can see the detail.
INTERACTION-0100263,TICKET-005132,2026-06-25T10:47:22Z,customer,message,Initial report.
INTERACTION-0100264,TICKET-005132,2026-06-26T00:13:22Z,agent,message,"I can see the payment on our side, checking where it stopped."
INTERACTION-0100265,TICKET-005133,2026-06-28T18:01:38Z,customer,message,Initial report.
INTERACTION-0100266,TICKET-005133,2026-06-29T08:12:38Z,agent,message,I have blocked the card and ordered a replacement.
INTERACTION-0100267,TICKET-005134,2026-06-07T06:05:38Z,customer,message,Initial report.
INTERACTION-0100268,TICKET-005134,2026-06-07T14:15:38Z,agent,message,"Thanks for getting in touch, taking a look now."
INTERACTION-0100269,TICKET-005135,2026-07-18T19:13:37Z,customer,message,Initial report.
INTERACTION-0100270,TICKET-005135,2026-07-18T22:43:37Z,agent,message,I have blocked the card and ordered a replacement.
INTERACTION-0100271,TICKET-005136,2026-06-29T12:13:50Z,customer,message,Initial report.
INTERACTION-0100272,TICKET-005136,2026-06-29T19:29:50Z,agent,message,Sorry about this. I have found the charge and am looking into it.
INTERACTION-0100273,TICKET-005137,2026-07-31T14:08:59Z,customer,message,Initial report.
INTERACTION-0100274,TICKET-005137,2026-08-01T04:24:59Z,agent,message,"Thanks for getting in touch, taking a look now."
INTERACTION-0100275,TICKET-005138,2026-08-01T22:40:53Z,customer,message,Initial report.
INTERACTION-0100276,TICKET-005138,2026-08-02T00:58:53Z,agent,message,Sorry about this. I have found the charge and am looking into it.
INTERACTION-0100277,TICKET-005139,2026-06-18T03:17:48Z,customer,message,Initial report.
INTERACTION-0100278,TICKET-005139,2026-06-18T07:57:48Z,agent,message,I have blocked the card and ordered a replacement.
INTERACTION-0100279,TICKET-005140,2026-06-25T21:47:20Z,customer,message,Initial report.
INTERACTION-0100280,TICKET-005140,2026-06-26T02:24:20Z,agent,message,"Thanks for getting in touch, taking a look now."
INTERACTION-0100281,TICKET-005141,2026-08-17T05:01:19Z,customer,message,Initial report.
INTERACTION-0100282,TICKET-005141,2026-08-17T10:35:19Z,agent,message,Sorry about this. I have found the charge and am looking into it.
INTERACTION-0100283,TICKET-005142,2026-06-07T10:18:13Z,customer,message,Initial report.
INTERACTION-0100284,TICKET-005142,2026-06-07T21:34:13Z,agent,message,"I can see the payment on our side, checking where it stopped."
INTERACTION-0100285,TICKET-005143,2026-08-30T07:26:25Z,customer,message,Initial report.
INTERACTION-0100286,TICKET-005143,2026-08-30T12:04:25Z,agent,message,"I can see the payment on our side, checking where it stopped."
INTERACTION-0100287,TICKET-005144,2026-06-17T07:52:10Z,customer,message,Initial report.
INTERACTION-0100288,TICKET-005144,2026-06-17T19:23:10Z,portal,proposal_sent,First response.
INTERACTION-0100289,TICKET-005145,2026-06-14T00:28:52Z,customer,message,Initial report.
INTERACTION-0100290,TICKET-005145,2026-06-14T01:42:52Z,agent,message,I have passed this to the team that can see the detail.
INTERACTION-0100291,TICKET-005146,2026-07-07T20:18:28Z,customer,message,Initial report.
INTERACTION-0100292,TICKET-005146,2026-07-08T09:01:28Z,agent,message,I have passed this to the team that can see the detail.
INTERACTION-0100293,TICKET-005147,2026-06-21T08:28:16Z,customer,message,Initial report.
INTERACTION-0100294,TICKET-005147,2026-06-21T22:03:16Z,agent,message,I have blocked the card and ordered a replacement.
INTERACTION-0100295,TICKET-005148,2026-06-09T14:01:01Z,customer,message,Initial report.
INTERACTION-0100296,TICKET-005148,2026-06-10T01:18:01Z,agent,message,I have blocked the card and ordered a replacement.
INTERACTION-0100297,TICKET-005149,2026-08-01T03:01:02Z,customer,message,Initial report.
INTERACTION-0100298,TICKET-005149,2026-08-01T14:16:02Z,agent,message,I have blocked the card and ordered a replacement.
INTERACTION-0100299,TICKET-005150,2026-07-04T04:31:57Z,customer,message,Initial report.
INTERACTION-0100300,TICKET-005150,2026-07-04T09:10:57Z,agent,message,"I can see the payment on our side, checking where it stopped."
INTERACTION-0100301,TICKET-005151,2026-07-04T01:58:30Z,customer,message,Initial report.
INTERACTION-0100302,TICKET-005151,2026-07-04T02:13:30Z,agent,message,"I can see the payment on our side, checking where it stopped."
INTERACTION-0100303,TICKET-005152,2026-07-11T20:05:40Z,customer,message,Initial report.
INTERACTION-0100304,TICKET-005152,2026-07-11T20:13:40Z,agent,message,Sorry about this. I have found the charge and am looking into it.
INTERACTION-0100305,TICKET-005153,2026-08-07T09:25:47Z,customer,message,Initial report.
INTERACTION-0100306,TICKET-005153,2026-08-07T13:52:47Z,agent,message,Sorry about this. I have found the charge and am looking into it.
INTERACTION-0100307,TICKET-005154,2026-06-11T04:38:07Z,customer,message,Initial report.
INTERACTION-0100308,TICKET-005154,2026-06-11T16:28:07Z,agent,message,"Thanks for getting in touch, taking a look now."
INTERACTION-0100309,TICKET-005155,2026-06-18T04:21:38Z,customer,message,Initial report.
INTERACTION-0100310,TICKET-005155,2026-06-18T07:31:38Z,portal,proposal_sent,First response.
INTERACTION-0100311,TICKET-005156,2026-07-14T03:09:51Z,customer,message,Initial report.
INTERACTION-0100312,TICKET-005156,2026-07-14T11:41:51Z,agent,message,I have passed this to the team that can see the detail.
INTERACTION-0100313,TICKET-005157,2026-08-17T00:05:53Z,customer,message,Initial report.
INTERACTION-0100314,TICKET-005157,2026-08-17T05:38:53Z,agent,message,"I can see the payment on our side, checking where it stopped."
INTERACTION-0100315,TICKET-005158,2026-08-20T01:58:41Z,customer,message,Initial report.
INTERACTION-0100316,TICKET-005158,2026-08-20T03:55:41Z,portal,proposal_sent,First response.
INTERACTION-0100317,TICKET-005159,2026-06-10T18:39:05Z,customer,message,Initial report.
INTERACTION-0100318,TICKET-005159,2026-06-11T05:15:05Z,agent,message,I have blocked the card and ordered a replacement.
INTERACTION-0100319,TICKET-005160,2026-07-03T15:07:41Z,customer,message,Initial report.
INTERACTION-0100320,TICKET-005160,2026-07-04T03:22:41Z,portal,proposal_sent,First response.
INTERACTION-0100321,TICKET-005161,2026-07-03T13:14:33Z,customer,message,Initial report.
INTERACTION-0100322,TICKET-005161,2026-07-03T14:18:33Z,agent,message,I have passed this to the team that can see the detail.
INTERACTION-0100323,TICKET-005162,2026-06-29T21:28:51Z,customer,message,Initial report.
INTERACTION-0100324,TICKET-005162,2026-06-30T07:33:51Z,agent,message,"Thanks for getting in touch, taking a look now."
INTERACTION-0100325,TICKET-005163,2026-08-23T08:41:53Z,customer,message,Initial report.
INTERACTION-0100326,TICKET-005163,2026-08-23T09:12:53Z,agent,message,"Thanks for getting in touch, taking a look now."
INTERACTION-0100327,TICKET-005164,2026-08-15T07:10:52Z,customer,message,Initial report.
INTERACTION-0100328,TICKET-005164,2026-08-15T15:49:52Z,agent,message,"Thanks for getting in touch, taking a look now."
INTERACTION-0100329,TICKET-005165,2026-08-31T06:52:43Z,customer,message,Initial report.
INTERACTION-0100330,TICKET-005165,2026-08-31T15:10:43Z,agent,message,"Thanks for getting in touch, taking a look now."
INTERACTION-0100331,TICKET-005166,2026-08-21T13:00:43Z,customer,message,Initial report.
INTERACTION-0100332,TICKET-005166,2026-08-21T21:56:43Z,agent,message,"I can see the payment on our side, checking where it stopped."
INTERACTION-0100333,TICKET-005167,2026-07-03T01:54:34Z,customer,message,Initial report.
INTERACTION-0100334,TICKET-005167,2026-07-03T11:47:34Z,agent,message,"I can see the payment on our side, checking where it stopped."
INTERACTION-0100335,TICKET-005168,2026-07-02T01:12:03Z,customer,message,Initial report.
INTERACTION-0100336,TICKET-005168,2026-07-02T02:53:03Z,agent,message,I have passed this to the team that can see the detail.
INTERACTION-0100337,TICKET-005169,2026-08-25T09:32:07Z,customer,message,Initial report.
INTERACTION-0100338,TICKET-005169,2026-08-25T20:47:07Z,portal,proposal_sent,First response.
INTERACTION-0100339,TICKET-005170,2026-06-01T12:30:24Z,customer,message,Initial report.
INTERACTION-0100340,TICKET-005170,2026-06-02T02:21:24Z,agent,message,Sorry about this. I have found the charge and am looking into it.
INTERACTION-0100341,TICKET-005171,2026-08-11T23:06:51Z,customer,message,Initial report.
INTERACTION-0100342,TICKET-005171,2026-08-12T05:23:51Z,agent,message,I have passed this to the team that can see the detail.
INTERACTION-0100343,TICKET-005172,2026-06-23T20:50:14Z,customer,message,Initial report.
INTERACTION-0100344,TICKET-005172,2026-06-24T07:55:14Z,agent,message,Sorry about this. I have found the charge and am looking into it.
INTERACTION-0100345,TICKET-005173,2026-08-03T11:52:06Z,customer,message,Initial report.
INTERACTION-0100346,TICKET-005173,2026-08-03T13:38:06Z,agent,message,I have passed this to the team that can see the detail.
INTERACTION-0100347,TICKET-005174,2026-07-31T14:05:00Z,customer,message,Initial report.
INTERACTION-0100348,TICKET-005174,2026-07-31T14:15:00Z,agent,message,I have blocked the card and ordered a replacement.
INTERACTION-0100349,TICKET-005175,2026-07-31T04:54:16Z,customer,message,Initial report.
INTERACTION-0100350,TICKET-005175,2026-07-31T18:57:16Z,agent,message,Sorry about this. I have found the charge and am looking into it.
INTERACTION-0100351,TICKET-005176,2026-07-02T16:22:46Z,customer,message,Initial report.
INTERACTION-0100352,TICKET-005176,2026-07-03T06:04:46Z,agent,message,I have passed this to the team that can see the detail.
INTERACTION-0100353,TICKET-005177,2026-07-07T06:34:47Z,customer,message,Initial report.
INTERACTION-0100354,TICKET-005177,2026-07-07T07:51:47Z,agent,message,Sorry about this. I have found the charge and am looking into it.
INTERACTION-0100355,TICKET-005178,2026-08-19T15:00:43Z,customer,message,Initial report.
INTERACTION-0100356,TICKET-005178,2026-08-20T02:42:43Z,agent,message,I have passed this to the team that can see the detail.
INTERACTION-0100357,TICKET-005179,2026-08-23T14:33:08Z,customer,message,Initial report.
INTERACTION-0100358,TICKET-005179,2026-08-23T18:50:08Z,agent,message,Sorry about this. I have found the charge and am looking into it.
INTERACTION-0100359,TICKET-005180,2026-06-21T02:00:02Z,customer,message,Initial report.
INTERACTION-0100360,TICKET-005180,2026-06-21T13:36:02Z,portal,proposal_sent,First response.
INTERACTION-0100361,TICKET-005181,2026-07-19T18:31:26Z,customer,message,Initial report.
INTERACTION-0100362,TICKET-005181,2026-07-20T00:25:26Z,agent,message,"Thanks for getting in touch, taking a look now."
INTERACTION-0100363,TICKET-005182,2026-08-28T07:30:36Z,customer,message,Initial report.
INTERACTION-0100364,TICKET-005182,2026-08-28T20:29:36Z,agent,message,"I can see the payment on our side, checking where it stopped."
INTERACTION-0100365,TICKET-005183,2026-08-12T11:05:53Z,customer,message,Initial report.
INTERACTION-0100366,TICKET-005183,2026-08-12T13:28:53Z,agent,message,"I can see the payment on our side, checking where it stopped."
INTERACTION-0100367,TICKET-005184,2026-06-27T03:43:36Z,customer,message,Initial report.
INTERACTION-0100368,TICKET-005184,2026-06-27T04:35:36Z,agent,message,"Thanks for getting in touch, taking a look now."
INTERACTION-0100369,TICKET-005185,2026-07-17T01:11:42Z,customer,message,Initial report.
INTERACTION-0100370,TICKET-005185,2026-07-17T01:44:42Z,agent,message,I have blocked the card and ordered a replacement.
INTERACTION-0100371,TICKET-005186,2026-08-17T11:40:23Z,customer,message,Initial report.
INTERACTION-0100372,TICKET-005186,2026-08-17T23:29:23Z,agent,message,I have blocked the card and ordered a replacement.
INTERACTION-0100373,TICKET-005187,2026-08-18T15:26:40Z,customer,message,Initial report.
INTERACTION-0100374,TICKET-005187,2026-08-18T16:26:40Z,portal,proposal_sent,First response.
INTERACTION-0100375,TICKET-005188,2026-08-03T01:36:24Z,customer,message,Initial report.
INTERACTION-0100376,TICKET-005188,2026-08-03T06:09:24Z,agent,message,"I can see the payment on our side, checking where it stopped."
INTERACTION-0100377,TICKET-005189,2026-08-29T08:38:49Z,customer,message,Initial report.
INTERACTION-0100378,TICKET-005189,2026-08-29T23:26:49Z,agent,message,"Thanks for getting in touch, taking a look now."
INTERACTION-0100379,TICKET-005190,2026-06-27T12:10:32Z,customer,message,Initial report.
INTERACTION-0100380,TICKET-005190,2026-06-27T23:37:32Z,agent,message,"Thanks for getting in touch, taking a look now."
INTERACTION-0100381,TICKET-005191,2026-06-08T01:21:02Z,customer,message,Initial report.
INTERACTION-0100382,TICKET-005191,2026-06-08T02:47:02Z,portal,proposal_sent,First response.
INTERACTION-0100383,TICKET-005192,2026-08-29T22:40:22Z,customer,message,Initial report.
INTERACTION-0100384,TICKET-005192,2026-08-30T04:39:22Z,agent,message,Sorry about this. I have found the charge and am looking into it.
INTERACTION-0100385,TICKET-005193,2026-07-08T20:06:56Z,customer,message,Initial report.
INTERACTION-0100386,TICKET-005193,2026-07-09T05:06:56Z,agent,message,"I can see the payment on our side, checking where it stopped."
INTERACTION-0100387,TICKET-005194,2026-07-03T12:18:34Z,customer,message,Initial report.
INTERACTION-0100388,TICKET-005194,2026-07-03T14:06:34Z,agent,message,Sorry about this. I have found the charge and am looking into it.
INTERACTION-0100389,TICKET-005195,2026-07-29T09:20:32Z,customer,message,Initial report.
INTERACTION-0100390,TICKET-005195,2026-07-29T17:40:32Z,agent,message,I have blocked the card and ordered a replacement.
INTERACTION-0100391,TICKET-005196,2026-08-08T07:04:08Z,customer,message,Initial report.
INTERACTION-0100392,TICKET-005196,2026-08-08T11:22:08Z,agent,message,"I can see the payment on our side, checking where it stopped."
INTERACTION-0100393,TICKET-005197,2026-06-29T07:24:46Z,customer,message,Initial report.
INTERACTION-0100394,TICKET-005197,2026-06-29T19:10:46Z,portal,proposal_sent,First response.
INTERACTION-0100395,TICKET-005198,2026-08-04T01:17:12Z,customer,message,Initial report.
INTERACTION-0100396,TICKET-005198,2026-08-04T03:47:12Z,agent,message,"I can see the payment on our side, checking where it stopped."
INTERACTION-0100397,TICKET-005199,2026-07-24T04:09:13Z,customer,message,Initial report.
INTERACTION-0100398,TICKET-005199,2026-07-24T08:19:13Z,agent,message,Sorry about this. I have found the charge and am looking into it.
INTERACTION-0100399,TICKET-005200,2026-08-07T22:34:35Z,customer,message,Initial report.
INTERACTION-0100400,TICKET-005200,2026-08-08T06:35:35Z,portal,proposal_sent,First response.
INTERACTION-0100401,TICKET-005201,2026-07-04T01:21:24Z,customer,message,Initial report.
INTERACTION-0100402,TICKET-005201,2026-07-04T07:44:24Z,portal,proposal_sent,First response.
INTERACTION-0100403,TICKET-005202,2026-08-13T07:57:11Z,customer,message,Initial report.
INTERACTION-0100404,TICKET-005202,2026-08-13T17:06:11Z,agent,message,"Thanks for getting in touch, taking a look now."
INTERACTION-0100405,TICKET-005203,2026-06-21T13:10:11Z,customer,message,Initial report.
INTERACTION-0100406,TICKET-005203,2026-06-21T21:26:11Z,agent,message,I have passed this to the team that can see the detail.
INTERACTION-0100407,TICKET-005204,2026-06-24T06:43:19Z,customer,message,Initial report.
INTERACTION-0100408,TICKET-005204,2026-06-24T10:58:19Z,portal,proposal_sent,First response.
INTERACTION-0100409,TICKET-005205,2026-08-03T05:46:16Z,customer,message,Initial report.
INTERACTION-0100410,TICKET-005205,2026-08-03T15:31:16Z,agent,message,"Thanks for getting in touch, taking a look now."
INTERACTION-0100411,TICKET-005206,2026-08-24T01:34:55Z,customer,message,Initial report.
INTERACTION-0100412,TICKET-005206,2026-08-24T14:52:55Z,portal,proposal_sent,First response.
INTERACTION-0100413,TICKET-005207,2026-07-10T19:06:02Z,customer,message,Initial report.
INTERACTION-0100414,TICKET-005207,2026-07-11T04:35:02Z,portal,proposal_sent,First response.
INTERACTION-0100415,TICKET-005208,2026-07-29T22:32:29Z,customer,message,Initial report.
INTERACTION-0100416,TICKET-005208,2026-07-30T12:00:29Z,agent,message,I have blocked the card and ordered a replacement.
INTERACTION-0100417,TICKET-005209,2026-06-29T08:53:00Z,customer,message,Initial report.
INTERACTION-0100418,TICKET-005209,2026-06-29T19:02:00Z,agent,message,I have passed this to the team that can see the detail.
INTERACTION-0100419,TICKET-005210,2026-06-22T14:22:32Z,customer,message,Initial report.
INTERACTION-0100420,TICKET-005210,2026-06-23T03:31:32Z,agent,message,"I can see the payment on our side, checking where it stopped."
INTERACTION-0100421,TICKET-005211,2026-07-09T15:33:51Z,customer,message,Initial report.
INTERACTION-0100422,TICKET-005211,2026-07-09T22:11:51Z,agent,message,I have blocked the card and ordered a replacement.
INTERACTION-0100423,TICKET-005212,2026-08-16T00:51:27Z,customer,message,Initial report.
INTERACTION-0100424,TICKET-005212,2026-08-16T14:53:27Z,portal,proposal_sent,First response.
INTERACTION-0100425,TICKET-005213,2026-07-14T00:32:46Z,customer,message,Initial report.
INTERACTION-0100426,TICKET-005213,2026-07-14T07:16:46Z,agent,message,"Thanks for getting in touch, taking a look now."
INTERACTION-0100427,TICKET-005214,2026-07-05T02:04:40Z,customer,message,Initial report.
INTERACTION-0100428,TICKET-005214,2026-07-05T09:18:40Z,agent,message,I have blocked the card and ordered a replacement.
INTERACTION-0100429,TICKET-005215,2026-06-11T01:34:32Z,customer,message,Initial report.
INTERACTION-0100430,TICKET-005215,2026-06-11T10:51:32Z,portal,proposal_sent,First response.
INTERACTION-0100431,TICKET-005216,2026-07-11T07:21:03Z,customer,message,Initial report.
INTERACTION-0100432,TICKET-005216,2026-07-11T09:30:03Z,agent,message,Sorry about this. I have found the charge and am looking into it.
INTERACTION-0100433,TICKET-005217,2026-08-10T06:51:46Z,customer,message,Initial report.
INTERACTION-0100434,TICKET-005217,2026-08-10T09:53:46Z,agent,message,"Thanks for getting in touch, taking a look now."
INTERACTION-0100435,TICKET-005218,2026-07-14T10:23:59Z,customer,message,Initial report.
INTERACTION-0100436,TICKET-005218,2026-07-14T22:02:59Z,agent,message,Sorry about this. I have found the charge and am looking into it.
INTERACTION-0100437,TICKET-005219,2026-06-01T23:21:47Z,customer,message,Initial report.
INTERACTION-0100438,TICKET-005219,2026-06-01T23:54:47Z,portal,proposal_sent,First response.
INTERACTION-0100439,TICKET-005220,2026-06-07T19:37:25Z,customer,message,Initial report.
INTERACTION-0100440,TICKET-005220,2026-06-07T22:14:25Z,agent,message,I have passed this to the team that can see the detail.
INTERACTION-0100441,TICKET-005221,2026-07-18T11:56:32Z,customer,message,Initial report.
INTERACTION-0100442,TICKET-005221,2026-07-19T01:40:32Z,agent,message,"Thanks for getting in touch, taking a look now."
INTERACTION-0100443,TICKET-005222,2026-08-12T21:11:07Z,customer,message,Initial report.
INTERACTION-0100444,TICKET-005222,2026-08-13T01:16:07Z,agent,message,Sorry about this. I have found the charge and am looking into it.
INTERACTION-0100445,TICKET-005223,2026-08-12T21:25:15Z,customer,message,Initial report.
INTERACTION-0100446,TICKET-005223,2026-08-13T05:58:15Z,agent,message,I have passed this to the team that can see the detail.
INTERACTION-0100447,TICKET-005224,2026-07-09T15:25:26Z,customer,message,Initial report.
INTERACTION-0100448,TICKET-005224,2026-07-09T22:42:26Z,agent,message,"I can see the payment on our side, checking where it stopped."
INTERACTION-0100449,TICKET-005225,2026-08-03T05:22:25Z,customer,message,Initial report.
INTERACTION-0100450,TICKET-005225,2026-08-03T05:48:25Z,portal,proposal_sent,First response.
INTERACTION-0100451,TICKET-005226,2026-08-08T19:32:29Z,customer,message,Initial report.
INTERACTION-0100452,TICKET-005226,2026-08-09T08:54:29Z,agent,message,I have blocked the card and ordered a replacement.
INTERACTION-0100453,TICKET-005227,2026-06-10T08:56:46Z,customer,message,Initial report.
INTERACTION-0100454,TICKET-005227,2026-06-10T23:46:46Z,agent,message,"I can see the payment on our side, checking where it stopped."
INTERACTION-0100455,TICKET-005228,2026-06-10T00:02:06Z,customer,message,Initial report.
INTERACTION-0100456,TICKET-005228,2026-06-10T05:31:06Z,agent,message,I have blocked the card and ordered a replacement.
INTERACTION-0100457,TICKET-005229,2026-06-15T22:47:13Z,customer,message,Initial report.
INTERACTION-0100458,TICKET-005229,2026-06-15T23:53:13Z,agent,message,"Thanks for getting in touch, taking a look now."
INTERACTION-0100459,TICKET-005230,2026-07-18T12:41:06Z,customer,message,Initial report.
INTERACTION-0100460,TICKET-005230,2026-07-18T17:39:06Z,agent,message,Sorry about this. I have found the charge and am looking into it.
INTERACTION-0100461,TICKET-005231,2026-06-17T16:13:35Z,customer,message,Initial report.
INTERACTION-0100462,TICKET-005231,2026-06-17T22:47:35Z,agent,message,"I can see the payment on our side, checking where it stopped."
INTERACTION-0100463,TICKET-005232,2026-07-27T21:50:20Z,customer,message,Initial report.
INTERACTION-0100464,TICKET-005232,2026-07-27T23:56:20Z,portal,proposal_sent,First response.
INTERACTION-0100465,TICKET-005233,2026-06-24T21:35:21Z,customer,message,Initial report.
INTERACTION-0100466,TICKET-005233,2026-06-25T10:24:21Z,agent,message,"Thanks for getting in touch, taking a look now."
INTERACTION-0100467,TICKET-005234,2026-07-05T23:24:14Z,customer,message,Initial report.
INTERACTION-0100468,TICKET-005234,2026-07-06T11:27:14Z,portal,proposal_sent,First response.
INTERACTION-0100469,TICKET-005235,2026-07-10T15:08:37Z,customer,message,Initial report.
INTERACTION-0100470,TICKET-005235,2026-07-11T00:49:37Z,agent,message,Sorry about this. I have found the charge and am looking into it.
INTERACTION-0100471,TICKET-005236,2026-08-29T16:51:50Z,customer,message,Initial report.
INTERACTION-0100472,TICKET-005236,2026-08-30T05:59:50Z,agent,message,I have passed this to the team that can see the detail.
INTERACTION-0100473,TICKET-005237,2026-07-31T20:35:36Z,customer,message,Initial report.
INTERACTION-0100474,TICKET-005237,2026-08-01T07:41:36Z,portal,proposal_sent,First response.
INTERACTION-0100475,TICKET-005238,2026-07-16T06:22:35Z,customer,message,Initial report.
INTERACTION-0100476,TICKET-005238,2026-07-16T07:39:35Z,portal,proposal_sent,First response.
INTERACTION-0100477,TICKET-005239,2026-06-24T09:22:55Z,customer,message,Initial report.
INTERACTION-0100478,TICKET-005239,2026-06-24T18:48:55Z,agent,message,I have blocked the card and ordered a replacement.
INTERACTION-0100479,TICKET-005240,2026-06-07T02:38:33Z,customer,message,Initial report.
INTERACTION-0100480,TICKET-005240,2026-06-07T09:12:33Z,agent,message,I have passed this to the team that can see the detail.
INTERACTION-0100481,TICKET-005241,2026-08-19T14:20:41Z,customer,message,Initial report.
INTERACTION-0100482,TICKET-005241,2026-08-20T03:57:41Z,portal,proposal_sent,First response.
INTERACTION-0100483,TICKET-005242,2026-06-05T16:52:01Z,customer,message,Initial report.
INTERACTION-0100484,TICKET-005242,2026-06-06T05:25:01Z,agent,message,"Thanks for getting in touch, taking a look now."
INTERACTION-0100485,TICKET-005243,2026-06-20T17:14:01Z,customer,message,Initial report.
INTERACTION-0100486,TICKET-005243,2026-06-21T03:14:01Z,agent,message,"I can see the payment on our side, checking where it stopped."
INTERACTION-0100487,TICKET-005244,2026-07-15T03:30:24Z,customer,message,Initial report.
INTERACTION-0100488,TICKET-005244,2026-07-15T09:45:24Z,agent,message,"Thanks for getting in touch, taking a look now."
INTERACTION-0100489,TICKET-005245,2026-08-03T08:41:01Z,customer,message,Initial report.
INTERACTION-0100490,TICKET-005245,2026-08-03T18:05:01Z,agent,message,"I can see the payment on our side, checking where it stopped."
INTERACTION-0100491,TICKET-005246,2026-06-14T00:02:36Z,customer,message,Initial report.
INTERACTION-0100492,TICKET-005246,2026-06-14T14:02:36Z,agent,message,"Thanks for getting in touch, taking a look now."
INTERACTION-0100493,TICKET-005247,2026-08-13T22:54:10Z,customer,message,Initial report.
INTERACTION-0100494,TICKET-005247,2026-08-14T07:52:10Z,agent,message,I have blocked the card and ordered a replacement.
INTERACTION-0100495,TICKET-005248,2026-07-07T09:12:44Z,customer,message,Initial report.
INTERACTION-0100496,TICKET-005248,2026-07-07T13:31:44Z,agent,message,I have blocked the card and ordered a replacement.
INTERACTION-0100497,TICKET-005249,2026-07-16T17:17:25Z,customer,message,Initial report.
INTERACTION-0100498,TICKET-005249,2026-07-16T18:32:25Z,agent,message,"Thanks for getting in touch, taking a look now."
INTERACTION-0100499,TICKET-005250,2026-06-16T10:35:44Z,customer,message,Initial report.
INTERACTION-0100500,TICKET-005250,2026-06-16T20:45:44Z,agent,message,Sorry about this. I have found the charge and am looking into it.
INTERACTION-0100501,TICKET-005251,2026-07-18T04:18:46Z,customer,message,Initial report.
INTERACTION-0100502,TICKET-005251,2026-07-18T12:43:46Z,portal,proposal_sent,First response.
INTERACTION-0100503,TICKET-005252,2026-06-25T00:12:44Z,customer,message,Initial report.
INTERACTION-0100504,TICKET-005252,2026-06-25T11:02:44Z,agent,message,I have passed this to the team that can see the detail.
INTERACTION-0100505,TICKET-005253,2026-08-23T21:32:06Z,customer,message,Initial report.
INTERACTION-0100506,TICKET-005253,2026-08-24T11:06:06Z,agent,message,Sorry about this. I have found the charge and am looking into it.
INTERACTION-0100507,TICKET-005254,2026-06-03T07:06:27Z,customer,message,Initial report.
INTERACTION-0100508,TICKET-005254,2026-06-03T17:53:27Z,portal,proposal_sent,First response.
INTERACTION-0100509,TICKET-005255,2026-08-06T05:42:54Z,customer,message,Initial report.
INTERACTION-0100510,TICKET-005255,2026-08-06T14:43:54Z,agent,message,Sorry about this. I have found the charge and am looking into it.
INTERACTION-0100511,TICKET-005256,2026-06-18T17:34:32Z,customer,message,Initial report.
INTERACTION-0100512,TICKET-005256,2026-06-19T02:01:32Z,agent,message,I have passed this to the team that can see the detail.
INTERACTION-0100513,TICKET-005257,2026-08-07T07:07:20Z,customer,message,Initial report.
INTERACTION-0100514,TICKET-005257,2026-08-07T09:32:20Z,portal,proposal_sent,First response.
INTERACTION-0100515,TICKET-005258,2026-08-03T07:46:43Z,customer,message,Initial report.
INTERACTION-0100516,TICKET-005258,2026-08-03T19:36:43Z,agent,message,"I can see the payment on our side, checking where it stopped."
INTERACTION-0100517,TICKET-005259,2026-08-07T21:13:30Z,customer,message,Initial report.
INTERACTION-0100518,TICKET-005259,2026-08-08T00:57:30Z,agent,message,I have passed this to the team that can see the detail.
INTERACTION-0100519,TICKET-005260,2026-06-14T11:17:28Z,customer,message,Initial report.
INTERACTION-0100520,TICKET-005260,2026-06-15T02:08:28Z,agent,message,I have passed this to the team that can see the detail.
INTERACTION-0100521,TICKET-005261,2026-06-29T15:04:24Z,customer,message,Initial report.
INTERACTION-0100522,TICKET-005261,2026-06-29T21:00:24Z,agent,message,I have passed this to the team that can see the detail.
INTERACTION-0100523,TICKET-005262,2026-08-12T04:49:03Z,customer,message,Initial report.
INTERACTION-0100524,TICKET-005262,2026-08-12T14:16:03Z,agent,message,Sorry about this. I have found the charge and am looking into it.
INTERACTION-0100525,TICKET-005263,2026-07-04T05:47:46Z,customer,message,Initial report.
INTERACTION-0100526,TICKET-005263,2026-07-04T20:13:46Z,agent,message,I have passed this to the team that can see the detail.
INTERACTION-0100527,TICKET-005264,2026-07-02T10:27:50Z,customer,message,Initial report.
INTERACTION-0100528,TICKET-005264,2026-07-03T00:58:50Z,agent,message,I have blocked the card and ordered a replacement.
INTERACTION-0100529,TICKET-005265,2026-08-25T01:41:20Z,customer,message,Initial report.
INTERACTION-0100530,TICKET-005265,2026-08-25T10:13:20Z,agent,message,"I can see the payment on our side, checking where it stopped."
INTERACTION-0100531,TICKET-005266,2026-07-27T12:33:50Z,customer,message,Initial report.
INTERACTION-0100532,TICKET-005266,2026-07-27T13:34:50Z,agent,message,"Thanks for getting in touch, taking a look now."
INTERACTION-0100533,TICKET-005267,2026-07-04T08:36:43Z,customer,message,Initial report.
INTERACTION-0100534,TICKET-005267,2026-07-04T16:26:43Z,agent,message,"I can see the payment on our side, checking where it stopped."
INTERACTION-0100535,TICKET-005268,2026-06-12T00:34:40Z,customer,message,Initial report.
INTERACTION-0100536,TICKET-005268,2026-06-12T07:32:40Z,agent,message,I have blocked the card and ordered a replacement.
INTERACTION-0100537,TICKET-005269,2026-08-28T17:42:47Z,customer,message,Initial report.
INTERACTION-0100538,TICKET-005269,2026-08-29T06:43:47Z,agent,message,"Thanks for getting in touch, taking a look now."
INTERACTION-0100539,TICKET-005270,2026-08-31T07:30:33Z,customer,message,Initial report.
INTERACTION-0100540,TICKET-005270,2026-08-31T21:22:33Z,agent,message,I have passed this to the team that can see the detail.
INTERACTION-0100541,TICKET-005271,2026-08-16T21:31:14Z,customer,message,Initial report.
INTERACTION-0100542,TICKET-005271,2026-08-17T02:55:14Z,agent,message,I have blocked the card and ordered a replacement.
INTERACTION-0100543,TICKET-005272,2026-06-21T19:36:50Z,customer,message,Initial report.
INTERACTION-0100544,TICKET-005272,2026-06-22T08:04:50Z,agent,message,"Thanks for getting in touch, taking a look now."
INTERACTION-0100545,TICKET-005273,2026-07-14T16:09:18Z,customer,message,Initial report.
INTERACTION-0100546,TICKET-005273,2026-07-14T23:57:18Z,agent,message,Sorry about this. I have found the charge and am looking into it.
INTERACTION-0100547,TICKET-005274,2026-06-25T23:54:22Z,customer,message,Initial report.
INTERACTION-0100548,TICKET-005274,2026-06-26T05:17:22Z,agent,message,"Thanks for getting in touch, taking a look now."
INTERACTION-0100549,TICKET-005275,2026-07-08T18:47:44Z,customer,message,Initial report.
INTERACTION-0100550,TICKET-005275,2026-07-09T07:40:44Z,agent,message,"Thanks for getting in touch, taking a look now."
INTERACTION-0100551,TICKET-005276,2026-07-20T00:14:31Z,customer,message,Initial report.
INTERACTION-0100552,TICKET-005276,2026-07-20T08:53:31Z,agent,message,I have passed this to the team that can see the detail.
INTERACTION-0100553,TICKET-005277,2026-06-13T10:03:05Z,customer,message,Initial report.
INTERACTION-0100554,TICKET-005277,2026-06-13T12:50:05Z,agent,message,"Thanks for getting in touch, taking a look now."
INTERACTION-0100555,TICKET-005278,2026-08-30T17:17:10Z,customer,message,Initial report.
INTERACTION-0100556,TICKET-005278,2026-08-30T20:27:10Z,agent,message,"I can see the payment on our side, checking where it stopped."
INTERACTION-0100557,TICKET-005279,2026-08-16T21:50:10Z,customer,message,Initial report.
INTERACTION-0100558,TICKET-005279,2026-08-17T11:55:10Z,agent,message,"I can see the payment on our side, checking where it stopped."
INTERACTION-0100559,TICKET-005280,2026-08-24T15:44:51Z,customer,message,Initial report.
INTERACTION-0100560,TICKET-005280,2026-08-24T15:53:51Z,agent,message,"Thanks for getting in touch, taking a look now."
INTERACTION-0100561,TICKET-005281,2026-08-23T21:42:35Z,customer,message,Initial report.
INTERACTION-0100562,TICKET-005281,2026-08-24T10:12:35Z,agent,message,"Thanks for getting in touch, taking a look now."
INTERACTION-0100563,TICKET-005282,2026-08-27T12:08:37Z,customer,message,Initial report.
INTERACTION-0100564,TICKET-005282,2026-08-28T02:08:37Z,portal,proposal_sent,First response.
INTERACTION-0100565,TICKET-005283,2026-08-18T07:24:29Z,customer,message,Initial report.
INTERACTION-0100566,TICKET-005283,2026-08-18T14:46:29Z,agent,message,Sorry about this. I have found the charge and am looking into it.
INTERACTION-0100567,TICKET-005284,2026-08-20T12:57:48Z,customer,message,Initial report.
INTERACTION-0100568,TICKET-005284,2026-08-21T00:34:48Z,agent,message,Sorry about this. I have found the charge and am looking into it.
INTERACTION-0100569,TICKET-005285,2026-08-02T00:21:42Z,customer,message,Initial report.
INTERACTION-0100570,TICKET-005285,2026-08-02T13:19:42Z,agent,message,"I can see the payment on our side, checking where it stopped."
INTERACTION-0100571,TICKET-005286,2026-08-10T01:09:10Z,customer,message,Initial report.
INTERACTION-0100572,TICKET-005286,2026-08-10T04:03:10Z,portal,proposal_sent,First response.
INTERACTION-0100573,TICKET-005287,2026-06-30T09:32:10Z,customer,message,Initial report.
INTERACTION-0100574,TICKET-005287,2026-06-30T19:15:10Z,agent,message,"Thanks for getting in touch, taking a look now."
INTERACTION-0100575,TICKET-005288,2026-07-03T09:57:47Z,customer,message,Initial report.
INTERACTION-0100576,TICKET-005288,2026-07-03T11:09:47Z,agent,message,"I can see the payment on our side, checking where it stopped."
INTERACTION-0100577,TICKET-005289,2026-08-08T19:40:58Z,customer,message,Initial report.
INTERACTION-0100578,TICKET-005289,2026-08-09T01:30:58Z,portal,proposal_sent,First response.
INTERACTION-0100579,TICKET-005290,2026-08-01T16:37:34Z,customer,message,Initial report.
INTERACTION-0100580,TICKET-005290,2026-08-02T01:15:34Z,portal,proposal_sent,First response.
INTERACTION-0100581,TICKET-005291,2026-07-27T17:49:13Z,customer,message,Initial report.
INTERACTION-0100582,TICKET-005291,2026-07-28T03:12:13Z,portal,proposal_sent,First response.
INTERACTION-0100583,TICKET-005292,2026-06-07T12:52:41Z,customer,message,Initial report.
INTERACTION-0100584,TICKET-005292,2026-06-07T20:02:41Z,agent,message,"Thanks for getting in touch, taking a look now."
INTERACTION-0100585,TICKET-005293,2026-06-29T11:00:44Z,customer,message,Initial report.
INTERACTION-0100586,TICKET-005293,2026-06-29T12:45:44Z,portal,proposal_sent,First response.
INTERACTION-0100587,TICKET-005294,2026-07-07T08:32:33Z,customer,message,Initial report.
INTERACTION-0100588,TICKET-005294,2026-07-07T12:14:33Z,agent,message,I have passed this to the team that can see the detail.
INTERACTION-0100589,TICKET-005295,2026-06-06T16:10:01Z,customer,message,Initial report.
INTERACTION-0100590,TICKET-005295,2026-06-06T23:34:01Z,agent,message,I have passed this to the team that can see the detail.
INTERACTION-0100591,TICKET-005296,2026-06-14T07:43:48Z,customer,message,Initial report.
INTERACTION-0100592,TICKET-005296,2026-06-14T17:40:48Z,agent,message,Sorry about this. I have found the charge and am looking into it.
INTERACTION-0100593,TICKET-005297,2026-08-15T05:51:41Z,customer,message,Initial report.
INTERACTION-0100594,TICKET-005297,2026-08-15T16:43:41Z,portal,proposal_sent,First response.
INTERACTION-0100595,TICKET-005298,2026-08-29T10:48:53Z,customer,message,Initial report.
INTERACTION-0100596,TICKET-005298,2026-08-29T15:05:53Z,agent,message,Sorry about this. I have found the charge and am looking into it.
INTERACTION-0100597,TICKET-005299,2026-08-16T03:29:54Z,customer,message,Initial report.
INTERACTION-0100598,TICKET-005299,2026-08-16T11:39:54Z,agent,message,I have blocked the card and ordered a replacement.
INTERACTION-0100599,TICKET-005300,2026-07-11T06:35:00Z,customer,message,Initial report.
INTERACTION-0100600,TICKET-005300,2026-07-11T09:32:00Z,agent,message,"Thanks for getting in touch, taking a look now."
INTERACTION-0100601,TICKET-005301,2026-06-14T07:27:17Z,customer,message,Initial report.
INTERACTION-0100602,TICKET-005301,2026-06-14T18:52:17Z,agent,message,I have passed this to the team that can see the detail.
INTERACTION-0100603,TICKET-005302,2026-08-18T03:20:32Z,customer,message,Initial report.
INTERACTION-0100604,TICKET-005302,2026-08-18T15:39:32Z,agent,message,"Thanks for getting in touch, taking a look now."
INTERACTION-0100605,TICKET-005303,2026-06-20T11:44:35Z,customer,message,Initial report.
INTERACTION-0100606,TICKET-005303,2026-06-20T17:22:35Z,agent,message,Sorry about this. I have found the charge and am looking into it.
INTERACTION-0100607,TICKET-005304,2026-08-10T02:42:32Z,customer,message,Initial report.
INTERACTION-0100608,TICKET-005304,2026-08-10T06:03:32Z,agent,message,I have passed this to the team that can see the detail.
INTERACTION-0100609,TICKET-005305,2026-07-19T19:46:28Z,customer,message,Initial report.
INTERACTION-0100610,TICKET-005305,2026-07-20T07:43:28Z,portal,proposal_sent,First response.
INTERACTION-0100611,TICKET-005306,2026-07-15T08:02:11Z,customer,message,Initial report.
INTERACTION-0100612,TICKET-005306,2026-07-15T13:33:11Z,agent,message,I have passed this to the team that can see the detail.
INTERACTION-0100613,TICKET-005307,2026-08-03T00:54:08Z,customer,message,Initial report.
INTERACTION-0100614,TICKET-005307,2026-08-03T11:05:08Z,agent,message,"Thanks for getting in touch, taking a look now."
INTERACTION-0100615,TICKET-005308,2026-07-09T07:39:39Z,customer,message,Initial report.
INTERACTION-0100616,TICKET-005308,2026-07-09T09:27:39Z,portal,proposal_sent,First response.
INTERACTION-0100617,TICKET-005309,2026-06-05T21:21:37Z,customer,message,Initial report.
INTERACTION-0100618,TICKET-005309,2026-06-05T23:28:37Z,agent,message,I have passed this to the team that can see the detail.
INTERACTION-0100619,TICKET-005310,2026-08-17T18:07:55Z,customer,message,Initial report.
INTERACTION-0100620,TICKET-005310,2026-08-17T22:43:55Z,portal,proposal_sent,First response.
INTERACTION-0100621,TICKET-005311,2026-08-20T11:54:51Z,customer,message,Initial report.
INTERACTION-0100622,TICKET-005311,2026-08-20T22:01:51Z,portal,proposal_sent,First response.
INTERACTION-0100623,TICKET-005312,2026-08-11T01:33:40Z,customer,message,Initial report.
INTERACTION-0100624,TICKET-005312,2026-08-11T02:17:40Z,agent,message,"I can see the payment on our side, checking where it stopped."
INTERACTION-0100625,TICKET-005313,2026-06-13T03:31:06Z,customer,message,Initial report.
INTERACTION-0100626,TICKET-005313,2026-06-13T12:10:06Z,agent,message,"I can see the payment on our side, checking where it stopped."
INTERACTION-0100627,TICKET-005314,2026-06-27T01:08:19Z,customer,message,Initial report.
INTERACTION-0100628,TICKET-005314,2026-06-27T03:50:19Z,agent,message,Sorry about this. I have found the charge and am looking into it.
INTERACTION-0100629,TICKET-005315,2026-08-30T17:18:32Z,customer,message,Initial report.
INTERACTION-0100630,TICKET-005315,2026-08-31T00:41:32Z,agent,message,I have passed this to the team that can see the detail.
INTERACTION-0100631,TICKET-005316,2026-07-21T09:05:35Z,customer,message,Initial report.
INTERACTION-0100632,TICKET-005316,2026-07-21T17:34:35Z,agent,message,"I can see the payment on our side, checking where it stopped."
INTERACTION-0100633,TICKET-005317,2026-08-18T17:47:35Z,customer,message,Initial report.
INTERACTION-0100634,TICKET-005317,2026-08-18T23:30:35Z,portal,proposal_sent,First response.
INTERACTION-0100635,TICKET-005318,2026-08-14T13:28:46Z,customer,message,Initial report.
INTERACTION-0100636,TICKET-005318,2026-08-14T21:35:46Z,agent,message,I have passed this to the team that can see the detail.
INTERACTION-0100637,TICKET-005319,2026-07-26T00:23:24Z,customer,message,Initial report.
INTERACTION-0100638,TICKET-005319,2026-07-26T14:42:24Z,portal,proposal_sent,First response.
INTERACTION-0100639,TICKET-005320,2026-07-06T14:36:06Z,customer,message,Initial report.
INTERACTION-0100640,TICKET-005320,2026-07-07T03:45:06Z,agent,message,"I can see the payment on our side, checking where it stopped."
INTERACTION-0100641,TICKET-005321,2026-06-19T21:04:51Z,customer,message,Initial report.
INTERACTION-0100642,TICKET-005321,2026-06-19T23:22:51Z,agent,message,I have blocked the card and ordered a replacement.
INTERACTION-0100643,TICKET-005322,2026-08-31T17:25:12Z,customer,message,Initial report.
INTERACTION-0100644,TICKET-005322,2026-08-31T21:02:12Z,agent,message,I have passed this to the team that can see the detail.
INTERACTION-0100645,TICKET-005323,2026-07-05T19:35:24Z,customer,message,Initial report.
INTERACTION-0100646,TICKET-005323,2026-07-05T20:32:24Z,agent,message,"I can see the payment on our side, checking where it stopped."
INTERACTION-0100647,TICKET-005324,2026-08-05T06:41:51Z,customer,message,Initial report.
INTERACTION-0100648,TICKET-005324,2026-08-05T19:12:51Z,agent,message,"I can see the payment on our side, checking where it stopped."
INTERACTION-0100649,TICKET-005325,2026-08-12T09:05:49Z,customer,message,Initial report.
INTERACTION-0100650,TICKET-005325,2026-08-12T18:28:49Z,agent,message,Sorry about this. I have found the charge and am looking into it.
INTERACTION-0100651,TICKET-005326,2026-07-07T10:24:22Z,customer,message,Initial report.
INTERACTION-0100652,TICKET-005326,2026-07-07T21:50:22Z,agent,message,I have blocked the card and ordered a replacement.
INTERACTION-0100653,TICKET-005327,2026-07-16T12:46:30Z,customer,message,Initial report.
INTERACTION-0100654,TICKET-005327,2026-07-16T17:30:30Z,portal,proposal_sent,First response.
INTERACTION-0100655,TICKET-005328,2026-08-12T02:35:23Z,customer,message,Initial report.
INTERACTION-0100656,TICKET-005328,2026-08-12T15:36:23Z,agent,message,"I can see the payment on our side, checking where it stopped."
INTERACTION-0100657,TICKET-005329,2026-08-05T14:02:16Z,customer,message,Initial report.
INTERACTION-0100658,TICKET-005329,2026-08-05T23:31:16Z,agent,message,"I can see the payment on our side, checking where it stopped."
INTERACTION-0100659,TICKET-005330,2026-07-20T06:28:53Z,customer,message,Initial report.
INTERACTION-0100660,TICKET-005330,2026-07-20T08:55:53Z,portal,proposal_sent,First response.
INTERACTION-0100661,TICKET-005331,2026-08-13T22:42:36Z,customer,message,Initial report.
INTERACTION-0100662,TICKET-005331,2026-08-14T07:21:36Z,agent,message,Sorry about this. I have found the charge and am looking into it.
INTERACTION-0100663,TICKET-005332,2026-08-31T15:26:51Z,customer,message,Initial report.
INTERACTION-0100664,TICKET-005332,2026-08-31T16:59:51Z,agent,message,I have blocked the card and ordered a replacement.
INTERACTION-0100665,TICKET-005333,2026-07-01T04:01:27Z,customer,message,Initial report.
INTERACTION-0100666,TICKET-005333,2026-07-01T07:33:27Z,agent,message,"Thanks for getting in touch, taking a look now."
INTERACTION-0100667,TICKET-005334,2026-08-20T11:31:04Z,customer,message,Initial report.
INTERACTION-0100668,TICKET-005334,2026-08-20T16:26:04Z,agent,message,"Thanks for getting in touch, taking a look now."
INTERACTION-0100669,TICKET-005335,2026-07-17T07:00:53Z,customer,message,Initial report.
INTERACTION-0100670,TICKET-005335,2026-07-17T17:52:53Z,portal,proposal_sent,First response.
INTERACTION-0100671,TICKET-005336,2026-06-08T15:41:09Z,customer,message,Initial report.
INTERACTION-0100672,TICKET-005336,2026-06-09T04:19:09Z,agent,message,I have blocked the card and ordered a replacement.
INTERACTION-0100673,TICKET-005337,2026-08-23T17:36:52Z,customer,message,Initial report.
INTERACTION-0100674,TICKET-005337,2026-08-24T08:14:52Z,portal,proposal_sent,First response.
INTERACTION-0100675,TICKET-005338,2026-08-31T05:05:27Z,customer,message,Initial report.
INTERACTION-0100676,TICKET-005338,2026-08-31T17:40:27Z,portal,proposal_sent,First response.
INTERACTION-0100677,TICKET-005339,2026-08-27T07:42:42Z,customer,message,Initial report.
INTERACTION-0100678,TICKET-005339,2026-08-27T22:28:42Z,agent,message,I have passed this to the team that can see the detail.
INTERACTION-0100679,TICKET-005340,2026-08-16T15:31:07Z,customer,message,Initial report.
INTERACTION-0100680,TICKET-005340,2026-08-16T21:25:07Z,agent,message,I have passed this to the team that can see the detail.
INTERACTION-0100681,TICKET-005341,2026-08-06T08:14:29Z,customer,message,Initial report.
INTERACTION-0100682,TICKET-005341,2026-08-06T11:34:29Z,agent,message,"I can see the payment on our side, checking where it stopped."
INTERACTION-0100683,TICKET-005342,2026-07-10T09:06:21Z,customer,message,Initial report.
INTERACTION-0100684,TICKET-005342,2026-07-10T12:36:21Z,agent,message,I have blocked the card and ordered a replacement.
INTERACTION-0100685,TICKET-005343,2026-07-09T14:35:14Z,customer,message,Initial report.
INTERACTION-0100686,TICKET-005343,2026-07-09T19:40:14Z,agent,message,"I can see the payment on our side, checking where it stopped."
INTERACTION-0100687,TICKET-005344,2026-06-21T11:12:06Z,customer,message,Initial report.
INTERACTION-0100688,TICKET-005344,2026-06-21T16:44:06Z,agent,message,I have blocked the card and ordered a replacement.
INTERACTION-0100689,TICKET-005345,2026-06-17T11:29:12Z,customer,message,Initial report.
INTERACTION-0100690,TICKET-005345,2026-06-18T00:46:12Z,agent,message,Sorry about this. I have found the charge and am looking into it.
INTERACTION-0100691,TICKET-005346,2026-08-27T06:05:56Z,customer,message,Initial report.
INTERACTION-0100692,TICKET-005346,2026-08-27T14:34:56Z,agent,message,I have blocked the card and ordered a replacement.
INTERACTION-0100693,TICKET-005347,2026-06-11T11:42:34Z,customer,message,Initial report.
INTERACTION-0100694,TICKET-005347,2026-06-11T22:57:34Z,agent,message,I have blocked the card and ordered a replacement.
INTERACTION-0100695,TICKET-005348,2026-08-09T12:10:07Z,customer,message,Initial report.
INTERACTION-0100696,TICKET-005348,2026-08-09T21:13:07Z,agent,message,I have passed this to the team that can see the detail.
INTERACTION-0100697,TICKET-005349,2026-08-02T09:38:08Z,customer,message,Initial report.
INTERACTION-0100698,TICKET-005349,2026-08-02T20:30:08Z,portal,proposal_sent,First response.
INTERACTION-0100699,TICKET-005350,2026-08-16T11:34:15Z,customer,message,Initial report.
INTERACTION-0100700,TICKET-005350,2026-08-17T01:34:15Z,agent,message,"I can see the payment on our side, checking where it stopped."
INTERACTION-0100701,TICKET-005351,2026-06-23T13:38:22Z,customer,message,Initial report.
INTERACTION-0100702,TICKET-005351,2026-06-23T19:17:22Z,portal,proposal_sent,First response.
INTERACTION-0100703,TICKET-005352,2026-06-15T04:46:00Z,customer,message,Initial report.
INTERACTION-0100704,TICKET-005352,2026-06-15T13:57:00Z,agent,message,Sorry about this. I have found the charge and am looking into it.
INTERACTION-0100705,TICKET-005353,2026-06-15T15:24:25Z,customer,message,Initial report.
INTERACTION-0100706,TICKET-005353,2026-06-15T16:18:25Z,agent,message,Sorry about this. I have found the charge and am looking into it.
INTERACTION-0100707,TICKET-005354,2026-07-23T21:42:08Z,customer,message,Initial report.
INTERACTION-0100708,TICKET-005354,2026-07-24T02:21:08Z,portal,proposal_sent,First response.
INTERACTION-0100709,TICKET-005355,2026-06-03T12:15:43Z,customer,message,Initial report.
INTERACTION-0100710,TICKET-005355,2026-06-03T16:19:43Z,agent,message,"I can see the payment on our side, checking where it stopped."
INTERACTION-0100711,TICKET-005356,2026-06-03T18:30:00Z,customer,message,Initial report.
INTERACTION-0100712,TICKET-005356,2026-06-04T07:04:00Z,agent,message,"I can see the payment on our side, checking where it stopped."
INTERACTION-0100713,TICKET-005357,2026-07-02T18:07:39Z,customer,message,Initial report.
INTERACTION-0100714,TICKET-005357,2026-07-02T18:51:39Z,portal,proposal_sent,First response.
INTERACTION-0100715,TICKET-005358,2026-07-18T09:25:23Z,customer,message,Initial report.
INTERACTION-0100716,TICKET-005358,2026-07-18T20:32:23Z,agent,message,Sorry about this. I have found the charge and am looking into it.
INTERACTION-0100717,TICKET-005359,2026-07-21T16:34:02Z,customer,message,Initial report.
INTERACTION-0100718,TICKET-005359,2026-07-22T06:49:02Z,agent,message,Sorry about this. I have found the charge and am looking into it.
INTERACTION-0100719,TICKET-005360,2026-08-28T15:51:29Z,customer,message,Initial report.
INTERACTION-0100720,TICKET-005360,2026-08-29T06:40:29Z,agent,message,"I can see the payment on our side, checking where it stopped."
INTERACTION-0100721,TICKET-005361,2026-06-17T22:18:10Z,customer,message,Initial report.
INTERACTION-0100722,TICKET-005361,2026-06-18T07:06:10Z,agent,message,I have passed this to the team that can see the detail.
INTERACTION-0100723,TICKET-005362,2026-06-19T14:21:19Z,customer,message,Initial report.
INTERACTION-0100724,TICKET-005362,2026-06-19T22:07:19Z,agent,message,"I can see the payment on our side, checking where it stopped."
INTERACTION-0100725,TICKET-005363,2026-07-16T05:48:30Z,customer,message,Initial report.
INTERACTION-0100726,TICKET-005363,2026-07-16T19:46:30Z,agent,message,"Thanks for getting in touch, taking a look now."
INTERACTION-0100727,TICKET-005364,2026-07-27T14:35:36Z,customer,message,Initial report.
INTERACTION-0100728,TICKET-005364,2026-07-27T20:33:36Z,portal,proposal_sent,First response.
INTERACTION-0100729,TICKET-005365,2026-07-10T20:33:25Z,customer,message,Initial report.
INTERACTION-0100730,TICKET-005365,2026-07-11T01:49:25Z,agent,message,"I can see the payment on our side, checking where it stopped."
INTERACTION-0100731,TICKET-005366,2026-06-21T19:23:53Z,customer,message,Initial report.
INTERACTION-0100732,TICKET-005366,2026-06-22T06:40:53Z,agent,message,Sorry about this. I have found the charge and am looking into it.
INTERACTION-0100733,TICKET-005367,2026-08-27T06:36:14Z,customer,message,Initial report.
INTERACTION-0100734,TICKET-005367,2026-08-27T13:52:14Z,portal,proposal_sent,First response.
INTERACTION-0100735,TICKET-005368,2026-07-13T14:43:19Z,customer,message,Initial report.
INTERACTION-0100736,TICKET-005368,2026-07-13T23:28:19Z,agent,message,"I can see the payment on our side, checking where it stopped."
INTERACTION-0100737,TICKET-005369,2026-06-19T09:32:19Z,customer,message,Initial report.
INTERACTION-0100738,TICKET-005369,2026-06-19T11:25:19Z,agent,message,I have passed this to the team that can see the detail.
INTERACTION-0100739,TICKET-005370,2026-08-10T13:35:43Z,customer,message,Initial report.
INTERACTION-0100740,TICKET-005370,2026-08-10T22:16:43Z,agent,message,"I can see the payment on our side, checking where it stopped."
INTERACTION-0100741,TICKET-005371,2026-08-16T08:44:15Z,customer,message,Initial report.
INTERACTION-0100742,TICKET-005371,2026-08-16T17:06:15Z,agent,message,I have passed this to the team that can see the detail.
INTERACTION-0100743,TICKET-005372,2026-06-30T04:52:16Z,customer,message,Initial report.
INTERACTION-0100744,TICKET-005372,2026-06-30T11:50:16Z,agent,message,"I can see the payment on our side, checking where it stopped."
INTERACTION-0100745,TICKET-005373,2026-06-24T02:02:01Z,customer,message,Initial report.
INTERACTION-0100746,TICKET-005373,2026-06-24T02:19:01Z,portal,proposal_sent,First response.
INTERACTION-0100747,TICKET-005374,2026-07-17T02:26:14Z,customer,message,Initial report.
INTERACTION-0100748,TICKET-005374,2026-07-17T13:13:14Z,agent,message,I have passed this to the team that can see the detail.
INTERACTION-0100749,TICKET-005375,2026-07-21T02:21:28Z,customer,message,Initial report.
INTERACTION-0100750,TICKET-005375,2026-07-21T07:46:28Z,agent,message,I have passed this to the team that can see the detail.
INTERACTION-0100751,TICKET-005376,2026-06-27T21:43:58Z,customer,message,Initial report.
INTERACTION-0100752,TICKET-005376,2026-06-28T12:37:58Z,agent,message,Sorry about this. I have found the charge and am looking into it.
INTERACTION-0100753,TICKET-005377,2026-08-30T21:30:12Z,customer,message,Initial report.
INTERACTION-0100754,TICKET-005377,2026-08-30T21:35:12Z,agent,message,I have blocked the card and ordered a replacement.
INTERACTION-0100755,TICKET-005378,2026-07-27T12:41:03Z,customer,message,Initial report.
INTERACTION-0100756,TICKET-005378,2026-07-28T03:14:03Z,portal,proposal_sent,First response.
INTERACTION-0100757,TICKET-005379,2026-07-28T21:38:48Z,customer,message,Initial report.
INTERACTION-0100758,TICKET-005379,2026-07-29T08:16:48Z,portal,proposal_sent,First response.
INTERACTION-0100759,TICKET-005380,2026-06-25T05:31:33Z,customer,message,Initial report.
INTERACTION-0100760,TICKET-005380,2026-06-25T11:16:33Z,agent,message,"Thanks for getting in touch, taking a look now."
INTERACTION-0100761,TICKET-005381,2026-07-16T16:05:39Z,customer,message,Initial report.
INTERACTION-0100762,TICKET-005381,2026-07-16T17:41:39Z,agent,message,"I can see the payment on our side, checking where it stopped."
INTERACTION-0100763,TICKET-005382,2026-07-09T20:25:14Z,customer,message,Initial report.
INTERACTION-0100764,TICKET-005382,2026-07-10T00:07:14Z,portal,proposal_sent,First response.
INTERACTION-0100765,TICKET-005383,2026-08-10T21:08:16Z,customer,message,Initial report.
INTERACTION-0100766,TICKET-005383,2026-08-11T05:46:16Z,agent,message,I have blocked the card and ordered a replacement.
INTERACTION-0100767,TICKET-005384,2026-07-24T01:08:39Z,customer,message,Initial report.
INTERACTION-0100768,TICKET-005384,2026-07-24T06:19:39Z,agent,message,"I can see the payment on our side, checking where it stopped."
INTERACTION-0100769,TICKET-005385,2026-06-24T19:45:19Z,customer,message,Initial report.
INTERACTION-0100770,TICKET-005385,2026-06-24T22:14:19Z,agent,message,"I can see the payment on our side, checking where it stopped."
INTERACTION-0100771,TICKET-005386,2026-07-31T15:17:55Z,customer,message,Initial report.
INTERACTION-0100772,TICKET-005386,2026-08-01T01:11:55Z,portal,proposal_sent,First response.
INTERACTION-0100773,TICKET-005387,2026-06-15T01:07:41Z,customer,message,Initial report.
INTERACTION-0100774,TICKET-005387,2026-06-15T06:02:41Z,agent,message,Sorry about this. I have found the charge and am looking into it.
INTERACTION-0100775,TICKET-005388,2026-08-08T18:08:27Z,customer,message,Initial report.
INTERACTION-0100776,TICKET-005388,2026-08-08T20:16:27Z,agent,message,"I can see the payment on our side, checking where it stopped."
INTERACTION-0100777,TICKET-005389,2026-08-10T13:20:05Z,customer,message,Initial report.
INTERACTION-0100778,TICKET-005389,2026-08-10T19:12:05Z,agent,message,Sorry about this. I have found the charge and am looking into it.
INTERACTION-0100779,TICKET-005390,2026-07-28T21:57:33Z,customer,message,Initial report.
INTERACTION-0100780,TICKET-005390,2026-07-29T00:35:33Z,portal,proposal_sent,First response.
INTERACTION-0100781,TICKET-005391,2026-08-22T02:29:09Z,customer,message,Initial report.
INTERACTION-0100782,TICKET-005391,2026-08-22T14:49:09Z,portal,proposal_sent,First response.
INTERACTION-0100783,TICKET-005392,2026-06-23T10:02:21Z,customer,message,Initial report.
INTERACTION-0100784,TICKET-005392,2026-06-23T20:56:21Z,agent,message,I have passed this to the team that can see the detail.
INTERACTION-0100785,TICKET-005393,2026-07-09T13:25:12Z,customer,message,Initial report.
INTERACTION-0100786,TICKET-005393,2026-07-09T19:30:12Z,agent,message,"I can see the payment on our side, checking where it stopped."
INTERACTION-0100787,TICKET-005394,2026-06-01T23:55:58Z,customer,message,Initial report.
INTERACTION-0100788,TICKET-005394,2026-06-02T13:37:58Z,agent,message,Sorry about this. I have found the charge and am looking into it.
INTERACTION-0100789,TICKET-005395,2026-07-17T15:42:56Z,customer,message,Initial report.
INTERACTION-0100790,TICKET-005395,2026-07-17T18:15:56Z,portal,proposal_sent,First response.
INTERACTION-0100791,TICKET-005396,2026-06-05T20:52:05Z,customer,message,Initial report.
INTERACTION-0100792,TICKET-005396,2026-06-06T02:46:05Z,agent,message,I have passed this to the team that can see the detail.
INTERACTION-0100793,TICKET-005397,2026-07-12T12:04:18Z,customer,message,Initial report.
INTERACTION-0100794,TICKET-005397,2026-07-12T13:35:18Z,agent,message,I have blocked the card and ordered a replacement.
INTERACTION-0100795,TICKET-005398,2026-07-29T09:15:05Z,customer,message,Initial report.
INTERACTION-0100796,TICKET-005398,2026-07-29T22:38:05Z,agent,message,I have passed this to the team that can see the detail.
INTERACTION-0100797,TICKET-005399,2026-07-05T19:53:57Z,customer,message,Initial report.
INTERACTION-0100798,TICKET-005399,2026-07-06T02:55:57Z,portal,proposal_sent,First response.
INTERACTION-0100799,TICKET-005400,2026-08-25T20:13:58Z,customer,message,Initial report.
INTERACTION-0100800,TICKET-005400,2026-08-26T04:18:58Z,portal,proposal_sent,First response.
INTERACTION-0100801,TICKET-005401,2026-06-18T17:39:11Z,customer,message,Initial report.
INTERACTION-0100802,TICKET-005401,2026-06-18T20:50:11Z,agent,message,I have blocked the card and ordered a replacement.
INTERACTION-0100803,TICKET-005402,2026-07-20T11:44:52Z,customer,message,Initial report.
INTERACTION-0100804,TICKET-005402,2026-07-20T16:53:52Z,agent,message,Sorry about this. I have found the charge and am looking into it.
INTERACTION-0100805,TICKET-005403,2026-07-13T13:00:24Z,customer,message,Initial report.
INTERACTION-0100806,TICKET-005403,2026-07-13T20:15:24Z,agent,message,"I can see the payment on our side, checking where it stopped."
INTERACTION-0100807,TICKET-005404,2026-08-19T00:50:22Z,customer,message,Initial report.
INTERACTION-0100808,TICKET-005404,2026-08-19T02:35:22Z,agent,message,I have blocked the card and ordered a replacement.
INTERACTION-0100809,TICKET-005405,2026-07-22T11:11:41Z,customer,message,Initial report.
INTERACTION-0100810,TICKET-005405,2026-07-23T01:53:41Z,agent,message,I have passed this to the team that can see the detail.
INTERACTION-0100811,TICKET-005406,2026-08-10T03:09:01Z,customer,message,Initial report.
INTERACTION-0100812,TICKET-005406,2026-08-10T15:19:01Z,portal,proposal_sent,First response.
INTERACTION-0100813,TICKET-005407,2026-07-20T11:41:52Z,customer,message,Initial report.
INTERACTION-0100814,TICKET-005407,2026-07-20T19:01:52Z,agent,message,"Thanks for getting in touch, taking a look now."
INTERACTION-0100815,TICKET-005408,2026-08-17T14:20:41Z,customer,message,Initial report.
INTERACTION-0100816,TICKET-005408,2026-08-17T20:05:41Z,agent,message,I have blocked the card and ordered a replacement.
INTERACTION-0100817,TICKET-005409,2026-06-23T15:59:43Z,customer,message,Initial report.
INTERACTION-0100818,TICKET-005409,2026-06-23T21:31:43Z,agent,message,Sorry about this. I have found the charge and am looking into it.
INTERACTION-0100819,TICKET-005410,2026-06-10T01:54:13Z,customer,message,Initial report.
INTERACTION-0100820,TICKET-005410,2026-06-10T15:27:13Z,agent,message,I have blocked the card and ordered a replacement.
INTERACTION-0100821,TICKET-005411,2026-08-21T10:45:10Z,customer,message,Initial report.
INTERACTION-0100822,TICKET-005411,2026-08-21T14:20:10Z,portal,proposal_sent,First response.
INTERACTION-0100823,TICKET-005412,2026-06-16T12:35:02Z,customer,message,Initial report.
INTERACTION-0100824,TICKET-005412,2026-06-16T15:34:02Z,agent,message,I have blocked the card and ordered a replacement.
INTERACTION-0100825,TICKET-005413,2026-07-03T23:24:28Z,customer,message,Initial report.
INTERACTION-0100826,TICKET-005413,2026-07-04T02:43:28Z,agent,message,I have blocked the card and ordered a replacement.
INTERACTION-0100827,TICKET-005414,2026-06-29T12:33:11Z,customer,message,Initial report.
INTERACTION-0100828,TICKET-005414,2026-06-30T02:18:11Z,agent,message,Sorry about this. I have found the charge and am looking into it.
INTERACTION-0100829,TICKET-005415,2026-06-29T05:45:55Z,customer,message,Initial report.
INTERACTION-0100830,TICKET-005415,2026-06-29T09:06:55Z,agent,message,"I can see the payment on our side, checking where it stopped."
INTERACTION-0100831,TICKET-005416,2026-06-19T05:21:08Z,customer,message,Initial report.
INTERACTION-0100832,TICKET-005416,2026-06-19T19:14:08Z,agent,message,"Thanks for getting in touch, taking a look now."
INTERACTION-0100833,TICKET-005417,2026-06-24T16:01:56Z,customer,message,Initial report.
INTERACTION-0100834,TICKET-005417,2026-06-25T05:18:56Z,agent,message,I have passed this to the team that can see the detail.
INTERACTION-0100835,TICKET-005418,2026-07-04T00:32:37Z,customer,message,Initial report.
INTERACTION-0100836,TICKET-005418,2026-07-04T04:35:37Z,agent,message,"I can see the payment on our side, checking where it stopped."
INTERACTION-0100837,TICKET-005419,2026-07-05T03:34:55Z,customer,message,Initial report.
INTERACTION-0100838,TICKET-005419,2026-07-05T08:13:55Z,portal,proposal_sent,First response.
INTERACTION-0100839,TICKET-005420,2026-07-05T01:58:35Z,customer,message,Initial report.
INTERACTION-0100840,TICKET-005420,2026-07-05T04:12:35Z,portal,proposal_sent,First response.
INTERACTION-0100841,TICKET-005421,2026-08-22T14:39:11Z,customer,message,Initial report.
INTERACTION-0100842,TICKET-005421,2026-08-22T16:37:11Z,agent,message,I have passed this to the team that can see the detail.
INTERACTION-0100843,TICKET-005422,2026-08-20T14:54:08Z,customer,message,Initial report.
INTERACTION-0100844,TICKET-005422,2026-08-20T23:12:08Z,portal,proposal_sent,First response.
INTERACTION-0100845,TICKET-005423,2026-07-27T10:03:34Z,customer,message,Initial report.
INTERACTION-0100846,TICKET-005423,2026-07-27T15:43:34Z,agent,message,Sorry about this. I have found the charge and am looking into it.
INTERACTION-0100847,TICKET-005424,2026-06-21T10:33:23Z,customer,message,Initial report.
INTERACTION-0100848,TICKET-005424,2026-06-21T12:17:23Z,agent,message,I have passed this to the team that can see the detail.
INTERACTION-0100849,TICKET-005425,2026-06-18T09:30:56Z,customer,message,Initial report.
INTERACTION-0100850,TICKET-005425,2026-06-18T19:37:56Z,agent,message,I have blocked the card and ordered a replacement.
INTERACTION-0100851,TICKET-005426,2026-06-07T01:09:03Z,customer,message,Initial report.
INTERACTION-0100852,TICKET-005426,2026-06-07T15:44:03Z,agent,message,I have passed this to the team that can see the detail.
INTERACTION-0100853,TICKET-005427,2026-07-11T19:11:48Z,customer,message,Initial report.
INTERACTION-0100854,TICKET-005427,2026-07-11T23:03:48Z,portal,proposal_sent,First response.
INTERACTION-0100855,TICKET-005428,2026-06-21T17:50:12Z,customer,message,Initial report.
INTERACTION-0100856,TICKET-005428,2026-06-22T03:05:12Z,portal,proposal_sent,First response.
INTERACTION-0100857,TICKET-005429,2026-07-06T22:41:33Z,customer,message,Initial report.
INTERACTION-0100858,TICKET-005429,2026-07-07T06:23:33Z,agent,message,I have blocked the card and ordered a replacement.
INTERACTION-0100859,TICKET-005430,2026-08-22T03:27:08Z,customer,message,Initial report.
INTERACTION-0100860,TICKET-005430,2026-08-22T18:01:08Z,agent,message,I have blocked the card and ordered a replacement.
INTERACTION-0100861,TICKET-005431,2026-07-03T04:12:44Z,customer,message,Initial report.
INTERACTION-0100862,TICKET-005431,2026-07-03T15:56:44Z,agent,message,Sorry about this. I have found the charge and am looking into it.
INTERACTION-0100863,TICKET-005432,2026-07-29T21:02:07Z,customer,message,Initial report.
INTERACTION-0100864,TICKET-005432,2026-07-30T00:46:07Z,agent,message,I have passed this to the team that can see the detail.
INTERACTION-0100865,TICKET-005433,2026-07-01T23:50:13Z,customer,message,Initial report.
INTERACTION-0100866,TICKET-005433,2026-07-02T11:18:13Z,agent,message,Sorry about this. I have found the charge and am looking into it.
INTERACTION-0100867,TICKET-005434,2026-07-22T01:09:49Z,customer,message,Initial report.
INTERACTION-0100868,TICKET-005434,2026-07-22T01:34:49Z,agent,message,"I can see the payment on our side, checking where it stopped."
INTERACTION-0100869,TICKET-005435,2026-06-30T00:53:28Z,customer,message,Initial report.
INTERACTION-0100870,TICKET-005435,2026-06-30T12:13:28Z,portal,proposal_sent,First response.
INTERACTION-0100871,TICKET-005436,2026-08-06T01:42:54Z,customer,message,Initial report.
INTERACTION-0100872,TICKET-005436,2026-08-06T06:12:54Z,agent,message,I have blocked the card and ordered a replacement.
INTERACTION-0100873,TICKET-005437,2026-06-12T06:52:32Z,customer,message,Initial report.
INTERACTION-0100874,TICKET-005437,2026-06-12T13:49:32Z,agent,message,Sorry about this. I have found the charge and am looking into it.
INTERACTION-0100875,TICKET-005438,2026-08-26T22:56:22Z,customer,message,Initial report.
INTERACTION-0100876,TICKET-005438,2026-08-27T01:20:22Z,agent,message,I have blocked the card and ordered a replacement.
INTERACTION-0100877,TICKET-005439,2026-08-05T08:17:05Z,customer,message,Initial report.
INTERACTION-0100878,TICKET-005439,2026-08-05T13:19:05Z,agent,message,Sorry about this. I have found the charge and am looking into it.
INTERACTION-0100879,TICKET-005440,2026-08-25T03:05:28Z,customer,message,Initial report.
INTERACTION-0100880,TICKET-005440,2026-08-25T06:48:28Z,agent,message,"I can see the payment on our side, checking where it stopped."
INTERACTION-0100881,TICKET-005441,2026-07-28T19:51:54Z,customer,message,Initial report.
INTERACTION-0100882,TICKET-005441,2026-07-29T08:10:54Z,agent,message,"Thanks for getting in touch, taking a look now."
INTERACTION-0100883,TICKET-005442,2026-06-24T08:38:33Z,customer,message,Initial report.
INTERACTION-0100884,TICKET-005442,2026-06-24T15:51:33Z,agent,message,"Thanks for getting in touch, taking a look now."
INTERACTION-0100885,TICKET-005443,2026-07-05T19:23:08Z,customer,message,Initial report.
INTERACTION-0100886,TICKET-005443,2026-07-05T19:39:08Z,agent,message,"I can see the payment on our side, checking where it stopped."
INTERACTION-0100887,TICKET-005444,2026-08-31T10:12:44Z,customer,message,Initial report.
INTERACTION-0100888,TICKET-005444,2026-08-31T23:34:44Z,agent,message,"Thanks for getting in touch, taking a look now."
INTERACTION-0100889,TICKET-005445,2026-07-03T19:08:17Z,customer,message,Initial report.
INTERACTION-0100890,TICKET-005445,2026-07-03T20:33:17Z,agent,message,I have blocked the card and ordered a replacement.
INTERACTION-0100891,TICKET-005446,2026-06-03T12:58:10Z,customer,message,Initial report.
INTERACTION-0100892,TICKET-005446,2026-06-03T21:33:10Z,agent,message,I have passed this to the team that can see the detail.
INTERACTION-0100893,TICKET-005447,2026-06-25T17:36:15Z,customer,message,Initial report.
INTERACTION-0100894,TICKET-005447,2026-06-26T04:48:15Z,agent,message,I have passed this to the team that can see the detail.
INTERACTION-0100895,TICKET-005448,2026-07-20T06:55:12Z,customer,message,Initial report.
INTERACTION-0100896,TICKET-005448,2026-07-20T10:19:12Z,agent,message,I have blocked the card and ordered a replacement.
INTERACTION-0100897,TICKET-005449,2026-08-04T19:29:04Z,customer,message,Initial report.
INTERACTION-0100898,TICKET-005449,2026-08-05T06:22:04Z,agent,message,Sorry about this. I have found the charge and am looking into it.
INTERACTION-0100899,TICKET-005450,2026-06-16T20:10:27Z,customer,message,Initial report.
INTERACTION-0100900,TICKET-005450,2026-06-17T04:21:27Z,agent,message,"I can see the payment on our side, checking where it stopped."
INTERACTION-0100901,TICKET-005451,2026-06-28T14:22:54Z,customer,message,Initial report.
INTERACTION-0100902,TICKET-005451,2026-06-29T02:44:54Z,agent,message,"Thanks for getting in touch, taking a look now."
INTERACTION-0100903,TICKET-005452,2026-06-19T08:58:48Z,customer,message,Initial report.
INTERACTION-0100904,TICKET-005452,2026-06-19T10:34:48Z,agent,message,I have passed this to the team that can see the detail.
INTERACTION-0100905,TICKET-005453,2026-06-05T22:00:48Z,customer,message,Initial report.
INTERACTION-0100906,TICKET-005453,2026-06-05T22:19:48Z,agent,message,I have blocked the card and ordered a replacement.
INTERACTION-0100907,TICKET-005454,2026-08-11T11:45:56Z,customer,message,Initial report.
INTERACTION-0100908,TICKET-005454,2026-08-11T16:18:56Z,agent,message,"Thanks for getting in touch, taking a look now."
INTERACTION-0100909,TICKET-005455,2026-08-03T17:02:34Z,customer,message,Initial report.
INTERACTION-0100910,TICKET-005455,2026-08-04T04:27:34Z,agent,message,"I can see the payment on our side, checking where it stopped."
INTERACTION-0100911,TICKET-005456,2026-06-19T04:07:27Z,customer,message,Initial report.
INTERACTION-0100912,TICKET-005456,2026-06-19T18:03:27Z,agent,message,"I can see the payment on our side, checking where it stopped."
INTERACTION-0100913,TICKET-005457,2026-08-17T01:17:15Z,customer,message,Initial report.
INTERACTION-0100914,TICKET-005457,2026-08-17T03:35:15Z,portal,proposal_sent,First response.
INTERACTION-0100915,TICKET-005458,2026-06-05T13:06:20Z,customer,message,Initial report.
INTERACTION-0100916,TICKET-005458,2026-06-05T16:59:20Z,agent,message,I have passed this to the team that can see the detail.
INTERACTION-0100917,TICKET-005459,2026-08-08T05:15:02Z,customer,message,Initial report.
INTERACTION-0100918,TICKET-005459,2026-08-08T08:12:02Z,agent,message,I have passed this to the team that can see the detail.
INTERACTION-0100919,TICKET-005460,2026-06-22T20:40:56Z,customer,message,Initial report.
INTERACTION-0100920,TICKET-005460,2026-06-23T11:01:56Z,agent,message,I have blocked the card and ordered a replacement.
INTERACTION-0100921,TICKET-005461,2026-08-05T00:40:14Z,customer,message,Initial report.
INTERACTION-0100922,TICKET-005461,2026-08-05T07:10:14Z,agent,message,"Thanks for getting in touch, taking a look now."
INTERACTION-0100923,TICKET-005462,2026-08-14T07:55:08Z,customer,message,Initial report.
INTERACTION-0100924,TICKET-005462,2026-08-14T09:48:08Z,agent,message,I have blocked the card and ordered a replacement.
INTERACTION-0100925,TICKET-005463,2026-08-14T12:24:59Z,customer,message,Initial report.
INTERACTION-0100926,TICKET-005463,2026-08-14T21:34:59Z,agent,message,"Thanks for getting in touch, taking a look now."
INTERACTION-0100927,TICKET-005464,2026-06-15T05:44:49Z,customer,message,Initial report.
INTERACTION-0100928,TICKET-005464,2026-06-15T10:23:49Z,portal,proposal_sent,First response.
INTERACTION-0100929,TICKET-005465,2026-06-13T17:40:22Z,customer,message,Initial report.
INTERACTION-0100930,TICKET-005465,2026-06-14T02:51:22Z,agent,message,I have passed this to the team that can see the detail.
INTERACTION-0100931,TICKET-005466,2026-06-28T06:53:30Z,customer,message,Initial report.
INTERACTION-0100932,TICKET-005466,2026-06-28T21:04:30Z,agent,message,I have passed this to the team that can see the detail.
INTERACTION-0100933,TICKET-005467,2026-06-10T20:41:39Z,customer,message,Initial report.
INTERACTION-0100934,TICKET-005467,2026-06-10T23:51:39Z,agent,message,I have passed this to the team that can see the detail.
INTERACTION-0100935,TICKET-005468,2026-06-08T02:10:24Z,customer,message,Initial report.
INTERACTION-0100936,TICKET-005468,2026-06-08T15:31:24Z,agent,message,I have passed this to the team that can see the detail.
INTERACTION-0100937,TICKET-005469,2026-06-17T02:41:17Z,customer,message,Initial report.
INTERACTION-0100938,TICKET-005469,2026-06-17T15:07:17Z,agent,message,"I can see the payment on our side, checking where it stopped."
INTERACTION-0100939,TICKET-005470,2026-06-15T19:54:54Z,customer,message,Initial report.
INTERACTION-0100940,TICKET-005470,2026-06-15T22:31:54Z,agent,message,I have passed this to the team that can see the detail.
INTERACTION-0100941,TICKET-005471,2026-07-29T03:19:04Z,customer,message,Initial report.
INTERACTION-0100942,TICKET-005471,2026-07-29T04:28:04Z,portal,proposal_sent,First response.
INTERACTION-0100943,TICKET-005472,2026-08-23T10:53:02Z,customer,message,Initial report.
INTERACTION-0100944,TICKET-005472,2026-08-24T00:02:02Z,agent,message,I have blocked the card and ordered a replacement.
INTERACTION-0100945,TICKET-005473,2026-08-12T17:13:12Z,customer,message,Initial report.
INTERACTION-0100946,TICKET-005473,2026-08-13T06:09:12Z,portal,proposal_sent,First response.
INTERACTION-0100947,TICKET-005474,2026-06-13T03:35:01Z,customer,message,Initial report.
INTERACTION-0100948,TICKET-005474,2026-06-13T16:44:01Z,agent,message,"I can see the payment on our side, checking where it stopped."
INTERACTION-0100949,TICKET-005475,2026-06-06T13:27:22Z,customer,message,Initial report.
INTERACTION-0100950,TICKET-005475,2026-06-07T04:08:22Z,agent,message,"I can see the payment on our side, checking where it stopped."
INTERACTION-0100951,TICKET-005476,2026-06-23T03:59:36Z,customer,message,Initial report.
INTERACTION-0100952,TICKET-005476,2026-06-23T15:20:36Z,portal,proposal_sent,First response.
INTERACTION-0100953,TICKET-005477,2026-08-07T00:31:28Z,customer,message,Initial report.
INTERACTION-0100954,TICKET-005477,2026-08-07T04:23:28Z,agent,message,I have passed this to the team that can see the detail.
INTERACTION-0100955,TICKET-005478,2026-07-03T22:29:03Z,customer,message,Initial report.
INTERACTION-0100956,TICKET-005478,2026-07-04T04:34:03Z,agent,message,"I can see the payment on our side, checking where it stopped."
INTERACTION-0100957,TICKET-005479,2026-06-16T14:47:13Z,customer,message,Initial report.
INTERACTION-0100958,TICKET-005479,2026-06-17T05:00:13Z,agent,message,Sorry about this. I have found the charge and am looking into it.
INTERACTION-0100959,TICKET-005480,2026-08-22T11:26:24Z,customer,message,Initial report.
INTERACTION-0100960,TICKET-005480,2026-08-22T12:24:24Z,portal,proposal_sent,First response.
INTERACTION-0100961,TICKET-005481,2026-08-13T07:20:49Z,customer,message,Initial report.
INTERACTION-0100962,TICKET-005481,2026-08-13T11:28:49Z,agent,message,"I can see the payment on our side, checking where it stopped."
INTERACTION-0100963,TICKET-005482,2026-08-12T16:39:52Z,customer,message,Initial report.
INTERACTION-0100964,TICKET-005482,2026-08-12T20:29:52Z,agent,message,Sorry about this. I have found the charge and am looking into it.
INTERACTION-0100965,TICKET-005483,2026-06-11T18:04:51Z,customer,message,Initial report.
INTERACTION-0100966,TICKET-005483,2026-06-11T20:03:51Z,portal,proposal_sent,First response.
INTERACTION-0100967,TICKET-005484,2026-08-20T08:51:25Z,customer,message,Initial report.
INTERACTION-0100968,TICKET-005484,2026-08-20T12:56:25Z,portal,proposal_sent,First response.
INTERACTION-0100969,TICKET-005485,2026-06-11T07:42:00Z,customer,message,Initial report.
INTERACTION-0100970,TICKET-005485,2026-06-11T18:59:00Z,agent,message,I have blocked the card and ordered a replacement.
INTERACTION-0100971,TICKET-005486,2026-07-03T07:17:28Z,customer,message,Initial report.
INTERACTION-0100972,TICKET-005486,2026-07-03T08:12:28Z,agent,message,"I can see the payment on our side, checking where it stopped."
INTERACTION-0100973,TICKET-005487,2026-06-08T11:51:41Z,customer,message,Initial report.
INTERACTION-0100974,TICKET-005487,2026-06-08T14:20:41Z,agent,message,Sorry about this. I have found the charge and am looking into it.
INTERACTION-0100975,TICKET-005488,2026-06-14T17:56:52Z,customer,message,Initial report.
INTERACTION-0100976,TICKET-005488,2026-06-14T23:26:52Z,agent,message,"I can see the payment on our side, checking where it stopped."
INTERACTION-0100977,TICKET-005489,2026-08-15T14:29:17Z,customer,message,Initial report.
INTERACTION-0100978,TICKET-005489,2026-08-15T23:26:17Z,portal,proposal_sent,First response.
INTERACTION-0100979,TICKET-005490,2026-08-30T07:07:32Z,customer,message,Initial report.
INTERACTION-0100980,TICKET-005490,2026-08-30T08:52:32Z,portal,proposal_sent,First response.
INTERACTION-0100981,TICKET-005491,2026-06-17T03:21:53Z,customer,message,Initial report.
INTERACTION-0100982,TICKET-005491,2026-06-17T16:28:53Z,portal,proposal_sent,First response.
INTERACTION-0100983,TICKET-005492,2026-06-06T18:31:35Z,customer,message,Initial report.
INTERACTION-0100984,TICKET-005492,2026-06-07T04:24:35Z,agent,message,I have blocked the card and ordered a replacement.
INTERACTION-0100985,TICKET-005493,2026-08-27T09:45:40Z,customer,message,Initial report.
INTERACTION-0100986,TICKET-005493,2026-08-27T10:14:40Z,agent,message,I have passed this to the team that can see the detail.
INTERACTION-0100987,TICKET-005494,2026-07-14T11:22:41Z,customer,message,Initial report.
INTERACTION-0100988,TICKET-005494,2026-07-14T23:21:41Z,portal,proposal_sent,First response.
INTERACTION-0100989,TICKET-005495,2026-08-18T02:49:13Z,customer,message,Initial report.
INTERACTION-0100990,TICKET-005495,2026-08-18T09:21:13Z,portal,proposal_sent,First response.
INTERACTION-0100991,TICKET-005496,2026-07-21T22:16:24Z,customer,message,Initial report.
INTERACTION-0100992,TICKET-005496,2026-07-22T13:07:24Z,agent,message,I have blocked the card and ordered a replacement.
INTERACTION-0100993,TICKET-005497,2026-08-15T23:10:44Z,customer,message,Initial report.
INTERACTION-0100994,TICKET-005497,2026-08-16T09:17:44Z,agent,message,I have passed this to the team that can see the detail.
INTERACTION-0100995,TICKET-005498,2026-06-16T07:16:26Z,customer,message,Initial report.
INTERACTION-0100996,TICKET-005498,2026-06-16T16:33:26Z,agent,message,"Thanks for getting in touch, taking a look now."
INTERACTION-0100997,TICKET-005499,2026-07-26T21:34:35Z,customer,message,Initial report.
INTERACTION-0100998,TICKET-005499,2026-07-26T22:50:35Z,agent,message,I have blocked the card and ordered a replacement.
INTERACTION-0100999,TICKET-005500,2026-07-21T13:22:44Z,customer,message,Initial report.
INTERACTION-0101000,TICKET-005500,2026-07-21T14:09:44Z,agent,message,I have passed this to the team that can see the detail.
INTERACTION-0101001,TICKET-005501,2026-07-16T19:34:40Z,customer,message,Initial report.
INTERACTION-0101002,TICKET-005501,2026-07-17T08:35:40Z,portal,proposal_sent,First response.
INTERACTION-0101003,TICKET-005502,2026-07-27T19:26:27Z,customer,message,Initial report.
INTERACTION-0101004,TICKET-005502,2026-07-27T22:58:27Z,agent,message,"Thanks for getting in touch, taking a look now."
INTERACTION-0101005,TICKET-005503,2026-06-20T21:27:33Z,customer,message,Initial report.
INTERACTION-0101006,TICKET-005503,2026-06-21T02:28:33Z,agent,message,Sorry about this. I have found the charge and am looking into it.
INTERACTION-0101007,TICKET-005504,2026-07-25T10:33:40Z,customer,message,Initial report.
INTERACTION-0101008,TICKET-005504,2026-07-25T14:57:40Z,agent,message,I have blocked the card and ordered a replacement.
INTERACTION-0101009,TICKET-005505,2026-06-27T23:11:13Z,customer,message,Initial report.
INTERACTION-0101010,TICKET-005505,2026-06-28T03:18:13Z,agent,message,"I can see the payment on our side, checking where it stopped."
INTERACTION-0101011,TICKET-005506,2026-06-06T16:43:47Z,customer,message,Initial report.
INTERACTION-0101012,TICKET-005506,2026-06-06T19:37:47Z,agent,message,I have passed this to the team that can see the detail.
INTERACTION-0101013,TICKET-005507,2026-08-13T05:57:55Z,customer,message,Initial report.
INTERACTION-0101014,TICKET-005507,2026-08-13T18:29:55Z,agent,message,"Thanks for getting in touch, taking a look now."
INTERACTION-0101015,TICKET-005508,2026-06-24T09:23:54Z,customer,message,Initial report.
INTERACTION-0101016,TICKET-005508,2026-06-24T21:26:54Z,agent,message,I have blocked the card and ordered a replacement.
INTERACTION-0101017,TICKET-005509,2026-06-04T10:23:37Z,customer,message,Initial report.
INTERACTION-0101018,TICKET-005509,2026-06-04T13:50:37Z,agent,message,I have blocked the card and ordered a replacement.
INTERACTION-0101019,TICKET-005510,2026-08-06T15:29:14Z,customer,message,Initial report.
INTERACTION-0101020,TICKET-005510,2026-08-07T03:45:14Z,agent,message,Sorry about this. I have found the charge and am looking into it.
INTERACTION-0101021,TICKET-005511,2026-07-31T11:11:13Z,customer,message,Initial report.
INTERACTION-0101022,TICKET-005511,2026-07-31T15:30:13Z,agent,message,"I can see the payment on our side, checking where it stopped."
INTERACTION-0101023,TICKET-005512,2026-07-29T11:01:27Z,customer,message,Initial report.
INTERACTION-0101024,TICKET-005512,2026-07-29T22:39:27Z,agent,message,I have passed this to the team that can see the detail.
INTERACTION-0101025,TICKET-005513,2026-06-19T04:19:10Z,customer,message,Initial report.
INTERACTION-0101026,TICKET-005513,2026-06-19T18:43:10Z,agent,message,"Thanks for getting in touch, taking a look now."
INTERACTION-0101027,TICKET-005514,2026-07-08T13:52:12Z,customer,message,Initial report.
INTERACTION-0101028,TICKET-005514,2026-07-08T19:38:12Z,agent,message,"I can see the payment on our side, checking where it stopped."
INTERACTION-0101029,TICKET-005515,2026-07-28T03:21:13Z,customer,message,Initial report.
INTERACTION-0101030,TICKET-005515,2026-07-28T15:03:13Z,agent,message,"Thanks for getting in touch, taking a look now."
INTERACTION-0101031,TICKET-005516,2026-07-20T15:50:37Z,customer,message,Initial report.
INTERACTION-0101032,TICKET-005516,2026-07-20T21:05:37Z,agent,message,I have blocked the card and ordered a replacement.
INTERACTION-0101033,TICKET-005517,2026-07-22T22:59:11Z,customer,message,Initial report.
INTERACTION-0101034,TICKET-005517,2026-07-23T11:14:11Z,agent,message,I have blocked the card and ordered a replacement.
INTERACTION-0101035,TICKET-005518,2026-08-14T18:49:40Z,customer,message,Initial report.
INTERACTION-0101036,TICKET-005518,2026-08-15T09:47:40Z,portal,proposal_sent,First response.
INTERACTION-0101037,TICKET-005519,2026-06-23T13:05:12Z,customer,message,Initial report.
INTERACTION-0101038,TICKET-005519,2026-06-23T21:53:12Z,agent,message,I have passed this to the team that can see the detail.
INTERACTION-0101039,TICKET-005520,2026-08-31T00:10:18Z,customer,message,Initial report.
INTERACTION-0101040,TICKET-005520,2026-08-31T14:50:18Z,agent,message,I have passed this to the team that can see the detail.
INTERACTION-0101041,TICKET-005521,2026-08-10T23:40:18Z,customer,message,Initial report.
INTERACTION-0101042,TICKET-005521,2026-08-11T10:38:18Z,portal,proposal_sent,First response.
INTERACTION-0101043,TICKET-005522,2026-08-13T23:25:58Z,customer,message,Initial report.
INTERACTION-0101044,TICKET-005522,2026-08-14T03:25:58Z,agent,message,"Thanks for getting in touch, taking a look now."
INTERACTION-0101045,TICKET-005523,2026-08-26T04:47:55Z,customer,message,Initial report.
INTERACTION-0101046,TICKET-005523,2026-08-26T05:27:55Z,agent,message,"I can see the payment on our side, checking where it stopped."
INTERACTION-0101047,TICKET-005524,2026-06-21T23:23:13Z,customer,message,Initial report.
INTERACTION-0101048,TICKET-005524,2026-06-22T05:40:13Z,agent,message,I have passed this to the team that can see the detail.
INTERACTION-0101049,TICKET-005525,2026-06-16T22:50:29Z,customer,message,Initial report.
INTERACTION-0101050,TICKET-005525,2026-06-17T07:20:29Z,agent,message,I have blocked the card and ordered a replacement.
INTERACTION-0101051,TICKET-005526,2026-06-11T22:02:38Z,customer,message,Initial report.
INTERACTION-0101052,TICKET-005526,2026-06-12T02:16:38Z,agent,message,I have passed this to the team that can see the detail.
INTERACTION-0101053,TICKET-005527,2026-08-17T01:45:20Z,customer,message,Initial report.
INTERACTION-0101054,TICKET-005527,2026-08-17T02:16:20Z,agent,message,Sorry about this. I have found the charge and am looking into it.
INTERACTION-0101055,TICKET-005528,2026-08-29T18:36:07Z,customer,message,Initial report.
INTERACTION-0101056,TICKET-005528,2026-08-30T04:18:07Z,agent,message,"I can see the payment on our side, checking where it stopped."
INTERACTION-0101057,TICKET-005529,2026-06-29T01:47:05Z,customer,message,Initial report.
INTERACTION-0101058,TICKET-005529,2026-06-29T04:09:05Z,portal,proposal_sent,First response.
INTERACTION-0101059,TICKET-005530,2026-07-15T08:34:15Z,customer,message,Initial report.
INTERACTION-0101060,TICKET-005530,2026-07-15T20:30:15Z,portal,proposal_sent,First response.
INTERACTION-0101061,TICKET-005531,2026-07-30T07:24:34Z,customer,message,Initial report.
INTERACTION-0101062,TICKET-005531,2026-07-30T14:31:34Z,portal,proposal_sent,First response.
INTERACTION-0101063,TICKET-005532,2026-07-26T01:03:06Z,customer,message,Initial report.
INTERACTION-0101064,TICKET-005532,2026-07-26T08:08:06Z,agent,message,I have blocked the card and ordered a replacement.
INTERACTION-0101065,TICKET-005533,2026-06-28T18:35:09Z,customer,message,Initial report.
INTERACTION-0101066,TICKET-005533,2026-06-29T00:32:09Z,portal,proposal_sent,First response.
INTERACTION-0101067,TICKET-005534,2026-07-02T08:21:28Z,customer,message,Initial report.
INTERACTION-0101068,TICKET-005534,2026-07-02T19:47:28Z,agent,message,"I can see the payment on our side, checking where it stopped."
INTERACTION-0101069,TICKET-005535,2026-07-06T13:30:38Z,customer,message,Initial report.
INTERACTION-0101070,TICKET-005535,2026-07-07T00:35:38Z,agent,message,"Thanks for getting in touch, taking a look now."
INTERACTION-0101071,TICKET-005536,2026-06-02T06:50:03Z,customer,message,Initial report.
INTERACTION-0101072,TICKET-005536,2026-06-02T21:07:03Z,agent,message,I have passed this to the team that can see the detail.
INTERACTION-0101073,TICKET-005537,2026-08-30T17:29:01Z,customer,message,Initial report.
INTERACTION-0101074,TICKET-005537,2026-08-31T08:07:01Z,agent,message,"I can see the payment on our side, checking where it stopped."
INTERACTION-0101075,TICKET-005538,2026-07-10T15:39:55Z,customer,message,Initial report.
INTERACTION-0101076,TICKET-005538,2026-07-10T17:12:55Z,portal,proposal_sent,First response.
INTERACTION-0101077,TICKET-005539,2026-08-21T17:20:37Z,customer,message,Initial report.
INTERACTION-0101078,TICKET-005539,2026-08-21T22:04:37Z,agent,message,"Thanks for getting in touch, taking a look now."
INTERACTION-0101079,TICKET-005540,2026-07-27T06:25:09Z,customer,message,Initial report.
INTERACTION-0101080,TICKET-005540,2026-07-27T20:39:09Z,agent,message,"Thanks for getting in touch, taking a look now."
INTERACTION-0101081,TICKET-005541,2026-08-28T22:02:24Z,customer,message,Initial report.
INTERACTION-0101082,TICKET-005541,2026-08-29T04:04:24Z,portal,proposal_sent,First response.
INTERACTION-0101083,TICKET-005542,2026-06-10T13:29:13Z,customer,message,Initial report.
INTERACTION-0101084,TICKET-005542,2026-06-10T13:51:13Z,agent,message,I have passed this to the team that can see the detail.
INTERACTION-0101085,TICKET-005543,2026-07-15T23:14:07Z,customer,message,Initial report.
INTERACTION-0101086,TICKET-005543,2026-07-16T12:56:07Z,agent,message,I have blocked the card and ordered a replacement.
INTERACTION-0101087,TICKET-005544,2026-08-07T03:36:38Z,customer,message,Initial report.
INTERACTION-0101088,TICKET-005544,2026-08-07T12:20:38Z,agent,message,I have blocked the card and ordered a replacement.
INTERACTION-0101089,TICKET-005545,2026-07-31T01:38:12Z,customer,message,Initial report.
INTERACTION-0101090,TICKET-005545,2026-07-31T04:13:12Z,portal,proposal_sent,First response.
INTERACTION-0101091,TICKET-005546,2026-07-23T04:46:16Z,customer,message,Initial report.
INTERACTION-0101092,TICKET-005546,2026-07-23T09:42:16Z,agent,message,I have passed this to the team that can see the detail.
INTERACTION-0101093,TICKET-005547,2026-06-11T13:20:03Z,customer,message,Initial report.
INTERACTION-0101094,TICKET-005547,2026-06-12T00:30:03Z,agent,message,"I can see the payment on our side, checking where it stopped."
INTERACTION-0101095,TICKET-005548,2026-08-09T13:19:00Z,customer,message,Initial report.
INTERACTION-0101096,TICKET-005548,2026-08-09T15:11:00Z,agent,message,"Thanks for getting in touch, taking a look now."
INTERACTION-0101097,TICKET-005549,2026-06-11T05:39:14Z,customer,message,Initial report.
INTERACTION-0101098,TICKET-005549,2026-06-11T19:52:14Z,agent,message,I have blocked the card and ordered a replacement.
INTERACTION-0101099,TICKET-005550,2026-08-07T21:46:58Z,customer,message,Initial report.
INTERACTION-0101100,TICKET-005550,2026-08-08T07:03:58Z,agent,message,I have passed this to the team that can see the detail.
INTERACTION-0101101,TICKET-005551,2026-07-20T01:12:12Z,customer,message,Initial report.
INTERACTION-0101102,TICKET-005551,2026-07-20T15:08:12Z,agent,message,I have passed this to the team that can see the detail.
INTERACTION-0101103,TICKET-005552,2026-06-19T20:14:20Z,customer,message,Initial report.
INTERACTION-0101104,TICKET-005552,2026-06-20T01:11:20Z,agent,message,"I can see the payment on our side, checking where it stopped."
INTERACTION-0101105,TICKET-005553,2026-06-25T08:21:03Z,customer,message,Initial report.
INTERACTION-0101106,TICKET-005553,2026-06-25T11:56:03Z,agent,message,I have blocked the card and ordered a replacement.
INTERACTION-0101107,TICKET-005554,2026-07-21T07:20:46Z,customer,message,Initial report.
INTERACTION-0101108,TICKET-005554,2026-07-21T07:33:46Z,agent,message,"I can see the payment on our side, checking where it stopped."
INTERACTION-0101109,TICKET-005555,2026-06-09T12:21:39Z,customer,message,Initial report.
INTERACTION-0101110,TICKET-005555,2026-06-09T20:46:39Z,agent,message,I have blocked the card and ordered a replacement.
INTERACTION-0101111,TICKET-005556,2026-06-13T23:43:23Z,customer,message,Initial report.
INTERACTION-0101112,TICKET-005556,2026-06-14T12:50:23Z,agent,message,I have passed this to the team that can see the detail.
INTERACTION-0101113,TICKET-005557,2026-07-23T12:19:32Z,customer,message,Initial report.
INTERACTION-0101114,TICKET-005557,2026-07-23T15:07:32Z,agent,message,"I can see the payment on our side, checking where it stopped."
INTERACTION-0101115,TICKET-005558,2026-07-29T21:29:12Z,customer,message,Initial report.
INTERACTION-0101116,TICKET-005558,2026-07-30T07:45:12Z,portal,proposal_sent,First response.
INTERACTION-0101117,TICKET-005559,2026-06-26T02:30:53Z,customer,message,Initial report.
INTERACTION-0101118,TICKET-005559,2026-06-26T05:16:53Z,agent,message,"Thanks for getting in touch, taking a look now."
INTERACTION-0101119,TICKET-005560,2026-06-20T02:30:27Z,customer,message,Initial report.
INTERACTION-0101120,TICKET-005560,2026-06-20T08:39:27Z,agent,message,I have passed this to the team that can see the detail.
INTERACTION-0101121,TICKET-005561,2026-07-19T16:02:01Z,customer,message,Initial report.
INTERACTION-0101122,TICKET-005561,2026-07-19T18:24:01Z,portal,proposal_sent,First response.
INTERACTION-0101123,TICKET-005562,2026-07-25T19:04:13Z,customer,message,Initial report.
INTERACTION-0101124,TICKET-005562,2026-07-26T07:21:13Z,agent,message,I have passed this to the team that can see the detail.
INTERACTION-0101125,TICKET-005563,2026-07-19T10:45:56Z,customer,message,Initial report.
INTERACTION-0101126,TICKET-005563,2026-07-19T16:25:56Z,agent,message,I have blocked the card and ordered a replacement.
INTERACTION-0101127,TICKET-005564,2026-08-25T02:51:14Z,customer,message,Initial report.
INTERACTION-0101128,TICKET-005564,2026-08-25T17:23:14Z,agent,message,Sorry about this. I have found the charge and am looking into it.
INTERACTION-0101129,TICKET-005565,2026-07-07T06:31:27Z,customer,message,Initial report.
INTERACTION-0101130,TICKET-005565,2026-07-07T15:54:27Z,agent,message,"Thanks for getting in touch, taking a look now."
INTERACTION-0101131,TICKET-005566,2026-07-23T10:49:38Z,customer,message,Initial report.
INTERACTION-0101132,TICKET-005566,2026-07-23T19:58:38Z,portal,proposal_sent,First response.
INTERACTION-0101133,TICKET-005567,2026-07-02T12:28:44Z,customer,message,Initial report.
INTERACTION-0101134,TICKET-005567,2026-07-02T23:59:44Z,agent,message,I have passed this to the team that can see the detail.
INTERACTION-0101135,TICKET-005568,2026-08-22T13:26:11Z,customer,message,Initial report.
INTERACTION-0101136,TICKET-005568,2026-08-22T16:27:11Z,agent,message,I have passed this to the team that can see the detail.
INTERACTION-0101137,TICKET-005569,2026-08-15T19:58:38Z,customer,message,Initial report.
INTERACTION-0101138,TICKET-005569,2026-08-16T08:19:38Z,agent,message,Sorry about this. I have found the charge and am looking into it.
INTERACTION-0101139,TICKET-005570,2026-08-17T16:19:33Z,customer,message,Initial report.
INTERACTION-0101140,TICKET-005570,2026-08-18T06:05:33Z,agent,message,Sorry about this. I have found the charge and am looking into it.
INTERACTION-0101141,TICKET-005571,2026-06-21T07:14:27Z,customer,message,Initial report.
INTERACTION-0101142,TICKET-005571,2026-06-21T12:37:27Z,agent,message,"I can see the payment on our side, checking where it stopped."
INTERACTION-0101143,TICKET-005572,2026-06-28T11:07:33Z,customer,message,Initial report.
INTERACTION-0101144,TICKET-005572,2026-06-28T15:51:33Z,agent,message,"I can see the payment on our side, checking where it stopped."
INTERACTION-0101145,TICKET-005573,2026-07-27T21:25:22Z,customer,message,Initial report.
INTERACTION-0101146,TICKET-005573,2026-07-28T10:43:22Z,portal,proposal_sent,First response.
INTERACTION-0101147,TICKET-005574,2026-06-06T18:48:09Z,customer,message,Initial report.
INTERACTION-0101148,TICKET-005574,2026-06-06T19:14:09Z,agent,message,I have passed this to the team that can see the detail.
INTERACTION-0101149,TICKET-005575,2026-06-11T02:25:47Z,customer,message,Initial report.
INTERACTION-0101150,TICKET-005575,2026-06-11T02:32:47Z,agent,message,Sorry about this. I have found the charge and am looking into it.
INTERACTION-0101151,TICKET-005576,2026-07-16T13:25:21Z,customer,message,Initial report.
INTERACTION-0101152,TICKET-005576,2026-07-17T03:53:21Z,agent,message,I have blocked the card and ordered a replacement.
INTERACTION-0101153,TICKET-005577,2026-08-17T08:39:19Z,customer,message,Initial report.
INTERACTION-0101154,TICKET-005577,2026-08-17T21:17:19Z,portal,proposal_sent,First response.
INTERACTION-0101155,TICKET-005578,2026-08-20T05:54:11Z,customer,message,Initial report.
INTERACTION-0101156,TICKET-005578,2026-08-20T11:18:11Z,agent,message,Sorry about this. I have found the charge and am looking into it.
INTERACTION-0101157,TICKET-005579,2026-07-23T18:11:42Z,customer,message,Initial report.
INTERACTION-0101158,TICKET-005579,2026-07-24T01:24:42Z,agent,message,Sorry about this. I have found the charge and am looking into it.
INTERACTION-0101159,TICKET-005580,2026-08-28T14:44:54Z,customer,message,Initial report.
INTERACTION-0101160,TICKET-005580,2026-08-29T01:44:54Z,portal,proposal_sent,First response.
INTERACTION-0101161,TICKET-005581,2026-08-20T10:16:19Z,customer,message,Initial report.
INTERACTION-0101162,TICKET-005581,2026-08-20T17:42:19Z,agent,message,Sorry about this. I have found the charge and am looking into it.
INTERACTION-0101163,TICKET-005582,2026-08-23T14:01:53Z,customer,message,Initial report.
INTERACTION-0101164,TICKET-005582,2026-08-23T21:10:53Z,agent,message,I have passed this to the team that can see the detail.
INTERACTION-0101165,TICKET-005583,2026-06-07T19:45:47Z,customer,message,Initial report.
INTERACTION-0101166,TICKET-005583,2026-06-07T20:39:47Z,agent,message,I have blocked the card and ordered a replacement.
INTERACTION-0101167,TICKET-005584,2026-08-02T12:56:00Z,customer,message,Initial report.
INTERACTION-0101168,TICKET-005584,2026-08-02T20:02:00Z,agent,message,I have passed this to the team that can see the detail.
INTERACTION-0101169,TICKET-005585,2026-06-13T19:19:15Z,customer,message,Initial report.
INTERACTION-0101170,TICKET-005585,2026-06-14T02:58:15Z,agent,message,I have blocked the card and ordered a replacement.
INTERACTION-0101171,TICKET-005586,2026-07-08T05:12:49Z,customer,message,Initial report.
INTERACTION-0101172,TICKET-005586,2026-07-08T07:03:49Z,agent,message,"I can see the payment on our side, checking where it stopped."
INTERACTION-0101173,TICKET-005587,2026-06-14T05:39:13Z,customer,message,Initial report.
INTERACTION-0101174,TICKET-005587,2026-06-14T13:07:13Z,agent,message,I have blocked the card and ordered a replacement.
INTERACTION-0101175,TICKET-005588,2026-07-12T12:20:07Z,customer,message,Initial report.
INTERACTION-0101176,TICKET-005588,2026-07-12T18:49:07Z,agent,message,Sorry about this. I have found the charge and am looking into it.
INTERACTION-0101177,TICKET-005589,2026-07-02T12:03:58Z,customer,message,Initial report.
INTERACTION-0101178,TICKET-005589,2026-07-02T19:43:58Z,agent,message,I have blocked the card and ordered a replacement.
INTERACTION-0101179,TICKET-005590,2026-07-02T04:56:01Z,customer,message,Initial report.
INTERACTION-0101180,TICKET-005590,2026-07-02T09:49:01Z,agent,message,I have passed this to the team that can see the detail.
INTERACTION-0101181,TICKET-005591,2026-07-31T09:13:10Z,customer,message,Initial report.
INTERACTION-0101182,TICKET-005591,2026-08-01T00:00:10Z,agent,message,Sorry about this. I have found the charge and am looking into it.
INTERACTION-0101183,TICKET-005592,2026-07-22T23:07:33Z,customer,message,Initial report.
INTERACTION-0101184,TICKET-005592,2026-07-23T02:37:33Z,agent,message,Sorry about this. I have found the charge and am looking into it.
INTERACTION-0101185,TICKET-005593,2026-06-10T00:35:57Z,customer,message,Initial report.
INTERACTION-0101186,TICKET-005593,2026-06-10T01:38:57Z,agent,message,"Thanks for getting in touch, taking a look now."
INTERACTION-0101187,TICKET-005594,2026-08-23T12:30:00Z,customer,message,Initial report.
INTERACTION-0101188,TICKET-005594,2026-08-23T18:40:00Z,agent,message,Sorry about this. I have found the charge and am looking into it.
INTERACTION-0101189,TICKET-005595,2026-07-31T09:39:23Z,customer,message,Initial report.
INTERACTION-0101190,TICKET-005595,2026-07-31T12:17:23Z,agent,message,I have passed this to the team that can see the detail.
INTERACTION-0101191,TICKET-005596,2026-07-27T04:17:38Z,customer,message,Initial report.
INTERACTION-0101192,TICKET-005596,2026-07-27T14:39:38Z,agent,message,"Thanks for getting in touch, taking a look now."
INTERACTION-0101193,TICKET-005597,2026-06-02T00:33:14Z,customer,message,Initial report.
INTERACTION-0101194,TICKET-005597,2026-06-02T13:04:14Z,agent,message,I have blocked the card and ordered a replacement.
INTERACTION-0101195,TICKET-005598,2026-07-01T08:53:28Z,customer,message,Initial report.
INTERACTION-0101196,TICKET-005598,2026-07-01T16:52:28Z,agent,message,Sorry about this. I have found the charge and am looking into it.
INTERACTION-0101197,TICKET-005599,2026-07-14T10:56:46Z,customer,message,Initial report.
INTERACTION-0101198,TICKET-005599,2026-07-15T01:54:46Z,agent,message,"Thanks for getting in touch, taking a look now."
INTERACTION-0101199,TICKET-005600,2026-06-04T23:18:22Z,customer,message,Initial report.
INTERACTION-0101200,TICKET-005600,2026-06-05T07:34:22Z,agent,message,"I can see the payment on our side, checking where it stopped."
INTERACTION-0101201,TICKET-005601,2026-07-13T23:36:12Z,customer,message,Initial report.
INTERACTION-0101202,TICKET-005601,2026-07-14T13:39:12Z,agent,message,I have passed this to the team that can see the detail.
INTERACTION-0101203,TICKET-005602,2026-06-08T19:50:30Z,customer,message,Initial report.
INTERACTION-0101204,TICKET-005602,2026-06-09T04:05:30Z,portal,proposal_sent,First response.
INTERACTION-0101205,TICKET-005603,2026-06-26T15:35:00Z,customer,message,Initial report.
INTERACTION-0101206,TICKET-005603,2026-06-26T18:46:00Z,agent,message,I have passed this to the team that can see the detail.
INTERACTION-0101207,TICKET-005604,2026-08-30T19:28:46Z,customer,message,Initial report.
INTERACTION-0101208,TICKET-005604,2026-08-30T20:00:46Z,portal,proposal_sent,First response.
INTERACTION-0101209,TICKET-005605,2026-06-03T00:13:46Z,customer,message,Initial report.
INTERACTION-0101210,TICKET-005605,2026-06-03T11:01:46Z,agent,message,"I can see the payment on our side, checking where it stopped."
INTERACTION-0101211,TICKET-005606,2026-07-10T12:47:58Z,customer,message,Initial report.
INTERACTION-0101212,TICKET-005606,2026-07-10T13:13:58Z,agent,message,I have blocked the card and ordered a replacement.
INTERACTION-0101213,TICKET-005607,2026-07-07T03:10:10Z,customer,message,Initial report.
INTERACTION-0101214,TICKET-005607,2026-07-07T09:12:10Z,agent,message,"Thanks for getting in touch, taking a look now."
INTERACTION-0101215,TICKET-005608,2026-06-15T22:09:19Z,customer,message,Initial report.
INTERACTION-0101216,TICKET-005608,2026-06-16T06:34:19Z,agent,message,I have blocked the card and ordered a replacement.
INTERACTION-0101217,TICKET-005609,2026-08-02T06:56:10Z,customer,message,Initial report.
INTERACTION-0101218,TICKET-005609,2026-08-02T15:55:10Z,agent,message,I have blocked the card and ordered a replacement.
INTERACTION-0101219,TICKET-005610,2026-07-10T13:18:43Z,customer,message,Initial report.
INTERACTION-0101220,TICKET-005610,2026-07-10T20:39:43Z,agent,message,Sorry about this. I have found the charge and am looking into it.
INTERACTION-0101221,TICKET-005611,2026-06-13T18:01:31Z,customer,message,Initial report.
INTERACTION-0101222,TICKET-005611,2026-06-13T23:09:31Z,agent,message,"I can see the payment on our side, checking where it stopped."
INTERACTION-0101223,TICKET-005612,2026-07-18T05:22:30Z,customer,message,Initial report.
INTERACTION-0101224,TICKET-005612,2026-07-18T18:17:30Z,agent,message,I have passed this to the team that can see the detail.
INTERACTION-0101225,TICKET-005613,2026-07-12T17:52:55Z,customer,message,Initial report.
INTERACTION-0101226,TICKET-005613,2026-07-13T01:52:55Z,agent,message,"I can see the payment on our side, checking where it stopped."
INTERACTION-0101227,TICKET-005614,2026-06-20T22:34:51Z,customer,message,Initial report.
INTERACTION-0101228,TICKET-005614,2026-06-21T12:57:51Z,agent,message,Sorry about this. I have found the charge and am looking into it.
INTERACTION-0101229,TICKET-005615,2026-07-08T09:42:25Z,customer,message,Initial report.
INTERACTION-0101230,TICKET-005615,2026-07-08T23:39:25Z,agent,message,Sorry about this. I have found the charge and am looking into it.
INTERACTION-0101231,TICKET-005616,2026-07-10T03:09:55Z,customer,message,Initial report.
INTERACTION-0101232,TICKET-005616,2026-07-10T12:25:55Z,agent,message,Sorry about this. I have found the charge and am looking into it.
INTERACTION-0101233,TICKET-005617,2026-08-05T18:38:30Z,customer,message,Initial report.
INTERACTION-0101234,TICKET-005617,2026-08-06T08:14:30Z,agent,message,Sorry about this. I have found the charge and am looking into it.
INTERACTION-0101235,TICKET-005618,2026-07-04T20:26:39Z,customer,message,Initial report.
INTERACTION-0101236,TICKET-005618,2026-07-05T04:12:39Z,agent,message,I have passed this to the team that can see the detail.
INTERACTION-0101237,TICKET-005619,2026-07-06T15:25:33Z,customer,message,Initial report.
INTERACTION-0101238,TICKET-005619,2026-07-07T03:56:33Z,agent,message,"I can see the payment on our side, checking where it stopped."
INTERACTION-0101239,TICKET-005620,2026-08-16T00:50:39Z,customer,message,Initial report.
INTERACTION-0101240,TICKET-005620,2026-08-16T07:42:39Z,portal,proposal_sent,First response.
INTERACTION-0101241,TICKET-005621,2026-07-06T15:24:30Z,customer,message,Initial report.
INTERACTION-0101242,TICKET-005621,2026-07-06T17:34:30Z,agent,message,I have blocked the card and ordered a replacement.
INTERACTION-0101243,TICKET-005622,2026-06-23T18:28:30Z,customer,message,Initial report.
INTERACTION-0101244,TICKET-005622,2026-06-24T05:35:30Z,agent,message,"Thanks for getting in touch, taking a look now."
INTERACTION-0101245,TICKET-005623,2026-08-12T03:38:29Z,customer,message,Initial report.
INTERACTION-0101246,TICKET-005623,2026-08-12T07:40:29Z,agent,message,"I can see the payment on our side, checking where it stopped."
INTERACTION-0101247,TICKET-005624,2026-08-30T15:11:25Z,customer,message,Initial report.
INTERACTION-0101248,TICKET-005624,2026-08-30T23:56:25Z,agent,message,I have blocked the card and ordered a replacement.
INTERACTION-0101249,TICKET-005625,2026-06-16T01:28:31Z,customer,message,Initial report.
INTERACTION-0101250,TICKET-005625,2026-06-16T15:45:31Z,agent,message,I have passed this to the team that can see the detail.
INTERACTION-0101251,TICKET-005626,2026-06-01T20:07:26Z,customer,message,Initial report.
INTERACTION-0101252,TICKET-005626,2026-06-02T10:31:26Z,agent,message,"I can see the payment on our side, checking where it stopped."
INTERACTION-0101253,TICKET-005627,2026-06-19T18:34:51Z,customer,message,Initial report.
INTERACTION-0101254,TICKET-005627,2026-06-20T01:03:51Z,agent,message,"Thanks for getting in touch, taking a look now."
INTERACTION-0101255,TICKET-005628,2026-07-27T09:29:00Z,customer,message,Initial report.
INTERACTION-0101256,TICKET-005628,2026-07-27T10:12:00Z,agent,message,I have blocked the card and ordered a replacement.
INTERACTION-0101257,TICKET-005629,2026-07-02T19:17:47Z,customer,message,Initial report.
INTERACTION-0101258,TICKET-005629,2026-07-03T04:26:47Z,agent,message,"I can see the payment on our side, checking where it stopped."
INTERACTION-0101259,TICKET-005630,2026-06-08T23:30:59Z,customer,message,Initial report.
INTERACTION-0101260,TICKET-005630,2026-06-09T10:05:59Z,agent,message,"I can see the payment on our side, checking where it stopped."
INTERACTION-0101261,TICKET-005631,2026-07-09T18:28:47Z,customer,message,Initial report.
INTERACTION-0101262,TICKET-005631,2026-07-10T05:38:47Z,agent,message,I have blocked the card and ordered a replacement.
INTERACTION-0101263,TICKET-005632,2026-06-02T03:44:41Z,customer,message,Initial report.
INTERACTION-0101264,TICKET-005632,2026-06-02T14:05:41Z,agent,message,I have passed this to the team that can see the detail.
INTERACTION-0101265,TICKET-005633,2026-08-16T18:13:10Z,customer,message,Initial report.
INTERACTION-0101266,TICKET-005633,2026-08-16T20:10:10Z,portal,proposal_sent,First response.
INTERACTION-0101267,TICKET-005634,2026-06-07T12:56:24Z,customer,message,Initial report.
INTERACTION-0101268,TICKET-005634,2026-06-08T02:51:24Z,agent,message,Sorry about this. I have found the charge and am looking into it.
INTERACTION-0101269,TICKET-005635,2026-06-15T11:09:52Z,customer,message,Initial report.
INTERACTION-0101270,TICKET-005635,2026-06-15T22:09:52Z,agent,message,I have blocked the card and ordered a replacement.
INTERACTION-0101271,TICKET-005636,2026-07-18T22:57:20Z,customer,message,Initial report.
INTERACTION-0101272,TICKET-005636,2026-07-19T09:27:20Z,agent,message,"I can see the payment on our side, checking where it stopped."
INTERACTION-0101273,TICKET-005637,2026-06-02T07:09:49Z,customer,message,Initial report.
INTERACTION-0101274,TICKET-005637,2026-06-02T13:46:49Z,agent,message,"Thanks for getting in touch, taking a look now."
INTERACTION-0101275,TICKET-005638,2026-07-27T00:43:19Z,customer,message,Initial report.
INTERACTION-0101276,TICKET-005638,2026-07-27T15:18:19Z,portal,proposal_sent,First response.
INTERACTION-0101277,TICKET-005639,2026-07-22T06:33:35Z,customer,message,Initial report.
INTERACTION-0101278,TICKET-005639,2026-07-22T16:30:35Z,agent,message,"I can see the payment on our side, checking where it stopped."
INTERACTION-0101279,TICKET-005640,2026-08-18T16:29:00Z,customer,message,Initial report.
INTERACTION-0101280,TICKET-005640,2026-08-18T22:16:00Z,agent,message,"Thanks for getting in touch, taking a look now."
INTERACTION-0101281,TICKET-005641,2026-07-28T04:57:51Z,customer,message,Initial report.
INTERACTION-0101282,TICKET-005641,2026-07-28T05:55:51Z,agent,message,Sorry about this. I have found the charge and am looking into it.
INTERACTION-0101283,TICKET-005642,2026-06-18T22:17:32Z,customer,message,Initial report.
INTERACTION-0101284,TICKET-005642,2026-06-19T08:27:32Z,agent,message,"Thanks for getting in touch, taking a look now."
INTERACTION-0101285,TICKET-005643,2026-08-21T04:41:42Z,customer,message,Initial report.
INTERACTION-0101286,TICKET-005643,2026-08-21T05:39:42Z,portal,proposal_sent,First response.
INTERACTION-0101287,TICKET-005644,2026-07-11T07:26:40Z,customer,message,Initial report.
INTERACTION-0101288,TICKET-005644,2026-07-11T17:07:40Z,agent,message,I have passed this to the team that can see the detail.
INTERACTION-0101289,TICKET-005645,2026-07-26T13:38:58Z,customer,message,Initial report.
INTERACTION-0101290,TICKET-005645,2026-07-26T16:05:58Z,agent,message,I have blocked the card and ordered a replacement.
INTERACTION-0101291,TICKET-005646,2026-07-20T07:33:14Z,customer,message,Initial report.
INTERACTION-0101292,TICKET-005646,2026-07-20T11:36:14Z,portal,proposal_sent,First response.
INTERACTION-0101293,TICKET-005647,2026-08-27T03:38:41Z,customer,message,Initial report.
INTERACTION-0101294,TICKET-005647,2026-08-27T09:47:41Z,agent,message,"I can see the payment on our side, checking where it stopped."
INTERACTION-0101295,TICKET-005648,2026-06-15T05:53:25Z,customer,message,Initial report.
INTERACTION-0101296,TICKET-005648,2026-06-15T10:42:25Z,agent,message,"I can see the payment on our side, checking where it stopped."
INTERACTION-0101297,TICKET-005649,2026-06-16T12:01:18Z,customer,message,Initial report.
INTERACTION-0101298,TICKET-005649,2026-06-16T15:43:18Z,portal,proposal_sent,First response.
INTERACTION-0101299,TICKET-005650,2026-07-23T02:29:39Z,customer,message,Initial report.
INTERACTION-0101300,TICKET-005650,2026-07-23T16:16:39Z,agent,message,I have blocked the card and ordered a replacement.
INTERACTION-0101301,TICKET-005651,2026-06-30T23:23:52Z,customer,message,Initial report.
INTERACTION-0101302,TICKET-005651,2026-07-01T07:07:52Z,agent,message,"Thanks for getting in touch, taking a look now."
INTERACTION-0101303,TICKET-005652,2026-06-29T16:39:45Z,customer,message,Initial report.
INTERACTION-0101304,TICKET-005652,2026-06-29T23:43:45Z,agent,message,I have passed this to the team that can see the detail.
INTERACTION-0101305,TICKET-005653,2026-06-22T12:14:18Z,customer,message,Initial report.
INTERACTION-0101306,TICKET-005653,2026-06-23T00:43:18Z,agent,message,Sorry about this. I have found the charge and am looking into it.
INTERACTION-0101307,TICKET-005654,2026-07-15T11:35:36Z,customer,message,Initial report.
INTERACTION-0101308,TICKET-005654,2026-07-16T01:43:36Z,agent,message,I have passed this to the team that can see the detail.
INTERACTION-0101309,TICKET-005655,2026-07-17T09:47:32Z,customer,message,Initial report.
INTERACTION-0101310,TICKET-005655,2026-07-17T14:58:32Z,agent,message,"Thanks for getting in touch, taking a look now."
INTERACTION-0101311,TICKET-005656,2026-07-06T02:31:24Z,customer,message,Initial report.
INTERACTION-0101312,TICKET-005656,2026-07-06T04:44:24Z,agent,message,I have passed this to the team that can see the detail.
INTERACTION-0101313,TICKET-005657,2026-06-16T00:22:53Z,customer,message,Initial report.
INTERACTION-0101314,TICKET-005657,2026-06-16T07:59:53Z,agent,message,"I can see the payment on our side, checking where it stopped."
INTERACTION-0101315,TICKET-005658,2026-08-12T08:31:54Z,customer,message,Initial report.
INTERACTION-0101316,TICKET-005658,2026-08-12T17:31:54Z,agent,message,"Thanks for getting in touch, taking a look now."
INTERACTION-0101317,TICKET-005659,2026-06-28T03:41:24Z,customer,message,Initial report.
INTERACTION-0101318,TICKET-005659,2026-06-28T17:25:24Z,agent,message,"Thanks for getting in touch, taking a look now."
INTERACTION-0101319,TICKET-005660,2026-06-24T15:24:33Z,customer,message,Initial report.
INTERACTION-0101320,TICKET-005660,2026-06-25T03:31:33Z,agent,message,"Thanks for getting in touch, taking a look now."
INTERACTION-0101321,TICKET-005661,2026-06-27T14:59:28Z,customer,message,Initial report.
INTERACTION-0101322,TICKET-005661,2026-06-27T19:11:28Z,agent,message,"I can see the payment on our side, checking where it stopped."
INTERACTION-0101323,TICKET-005662,2026-07-11T09:55:07Z,customer,message,Initial report.
INTERACTION-0101324,TICKET-005662,2026-07-11T13:41:07Z,agent,message,"Thanks for getting in touch, taking a look now."
INTERACTION-0101325,TICKET-005663,2026-07-05T07:34:09Z,customer,message,Initial report.
INTERACTION-0101326,TICKET-005663,2026-07-05T08:51:09Z,agent,message,Sorry about this. I have found the charge and am looking into it.
INTERACTION-0101327,TICKET-005664,2026-06-06T02:49:18Z,customer,message,Initial report.
INTERACTION-0101328,TICKET-005664,2026-06-06T15:31:18Z,agent,message,I have blocked the card and ordered a replacement.
INTERACTION-0101329,TICKET-005665,2026-07-31T12:59:02Z,customer,message,Initial report.
INTERACTION-0101330,TICKET-005665,2026-07-31T17:32:02Z,agent,message,Sorry about this. I have found the charge and am looking into it.
INTERACTION-0101331,TICKET-005666,2026-08-04T20:37:05Z,customer,message,Initial report.
INTERACTION-0101332,TICKET-005666,2026-08-05T00:05:05Z,agent,message,I have blocked the card and ordered a replacement.
INTERACTION-0101333,TICKET-005667,2026-06-27T19:50:40Z,customer,message,Initial report.
INTERACTION-0101334,TICKET-005667,2026-06-28T03:33:40Z,portal,proposal_sent,First response.
INTERACTION-0101335,TICKET-005668,2026-08-04T03:00:54Z,customer,message,Initial report.
INTERACTION-0101336,TICKET-005668,2026-08-04T06:14:54Z,agent,message,"Thanks for getting in touch, taking a look now."
INTERACTION-0101337,TICKET-005669,2026-08-17T19:44:12Z,customer,message,Initial report.
INTERACTION-0101338,TICKET-005669,2026-08-18T00:51:12Z,agent,message,"I can see the payment on our side, checking where it stopped."
INTERACTION-0101339,TICKET-005670,2026-06-06T20:23:23Z,customer,message,Initial report.
INTERACTION-0101340,TICKET-005670,2026-06-07T06:33:23Z,agent,message,"Thanks for getting in touch, taking a look now."
INTERACTION-0101341,TICKET-005671,2026-08-05T04:18:56Z,customer,message,Initial report.
INTERACTION-0101342,TICKET-005671,2026-08-05T09:55:56Z,agent,message,I have blocked the card and ordered a replacement.
INTERACTION-0101343,TICKET-005672,2026-07-30T00:39:25Z,customer,message,Initial report.
INTERACTION-0101344,TICKET-005672,2026-07-30T10:12:25Z,agent,message,I have blocked the card and ordered a replacement.
INTERACTION-0101345,TICKET-005673,2026-08-25T10:01:08Z,customer,message,Initial report.
INTERACTION-0101346,TICKET-005673,2026-08-25T11:54:08Z,portal,proposal_sent,First response.
INTERACTION-0101347,TICKET-005674,2026-08-19T11:31:32Z,customer,message,Initial report.
INTERACTION-0101348,TICKET-005674,2026-08-19T14:39:32Z,portal,proposal_sent,First response.
INTERACTION-0101349,TICKET-005675,2026-06-26T02:44:45Z,customer,message,Initial report.
INTERACTION-0101350,TICKET-005675,2026-06-26T07:18:45Z,agent,message,"Thanks for getting in touch, taking a look now."
INTERACTION-0101351,TICKET-005676,2026-06-16T13:00:46Z,customer,message,Initial report.
INTERACTION-0101352,TICKET-005676,2026-06-17T01:11:46Z,portal,proposal_sent,First response.
INTERACTION-0101353,TICKET-005677,2026-07-23T13:25:44Z,customer,message,Initial report.
INTERACTION-0101354,TICKET-005677,2026-07-23T21:28:44Z,agent,message,I have passed this to the team that can see the detail.
INTERACTION-0101355,TICKET-005678,2026-06-16T07:12:26Z,customer,message,Initial report.
INTERACTION-0101356,TICKET-005678,2026-06-16T14:09:26Z,portal,proposal_sent,First response.
INTERACTION-0101357,TICKET-005679,2026-06-25T16:26:37Z,customer,message,Initial report.
INTERACTION-0101358,TICKET-005679,2026-06-26T05:33:37Z,portal,proposal_sent,First response.
INTERACTION-0101359,TICKET-005680,2026-06-26T07:20:22Z,customer,message,Initial report.
INTERACTION-0101360,TICKET-005680,2026-06-26T19:48:22Z,agent,message,"I can see the payment on our side, checking where it stopped."
INTERACTION-0101361,TICKET-005681,2026-07-22T23:29:45Z,customer,message,Initial report.
INTERACTION-0101362,TICKET-005681,2026-07-23T07:20:45Z,agent,message,I have blocked the card and ordered a replacement.
INTERACTION-0101363,TICKET-005682,2026-08-17T15:44:15Z,customer,message,Initial report.
INTERACTION-0101364,TICKET-005682,2026-08-17T23:29:15Z,agent,message,"I can see the payment on our side, checking where it stopped."
INTERACTION-0101365,TICKET-005683,2026-06-01T12:40:27Z,customer,message,Initial report.
INTERACTION-0101366,TICKET-005683,2026-06-01T18:40:27Z,agent,message,Sorry about this. I have found the charge and am looking into it.
INTERACTION-0101367,TICKET-005684,2026-08-10T22:29:21Z,customer,message,Initial report.
INTERACTION-0101368,TICKET-005684,2026-08-11T04:04:21Z,agent,message,I have blocked the card and ordered a replacement.
INTERACTION-0101369,TICKET-005685,2026-08-01T12:47:01Z,customer,message,Initial report.
INTERACTION-0101370,TICKET-005685,2026-08-01T18:45:01Z,agent,message,Sorry about this. I have found the charge and am looking into it.
INTERACTION-0101371,TICKET-005686,2026-07-01T18:20:43Z,customer,message,Initial report.
INTERACTION-0101372,TICKET-005686,2026-07-02T01:41:43Z,portal,proposal_sent,First response.
INTERACTION-0101373,TICKET-005687,2026-08-09T10:41:35Z,customer,message,Initial report.
INTERACTION-0101374,TICKET-005687,2026-08-10T01:18:35Z,agent,message,Sorry about this. I have found the charge and am looking into it.
INTERACTION-0101375,TICKET-005688,2026-07-04T23:54:16Z,customer,message,Initial report.
INTERACTION-0101376,TICKET-005688,2026-07-05T09:17:16Z,agent,message,"I can see the payment on our side, checking where it stopped."
INTERACTION-0101377,TICKET-005689,2026-08-29T21:15:58Z,customer,message,Initial report.
INTERACTION-0101378,TICKET-005689,2026-08-30T01:07:58Z,agent,message,Sorry about this. I have found the charge and am looking into it.
INTERACTION-0101379,TICKET-005690,2026-07-14T19:29:29Z,customer,message,Initial report.
INTERACTION-0101380,TICKET-005690,2026-07-15T04:07:29Z,agent,message,Sorry about this. I have found the charge and am looking into it.
INTERACTION-0101381,TICKET-005691,2026-07-31T21:03:55Z,customer,message,Initial report.
INTERACTION-0101382,TICKET-005691,2026-08-01T06:02:55Z,agent,message,"I can see the payment on our side, checking where it stopped."
INTERACTION-0101383,TICKET-005692,2026-06-04T02:16:53Z,customer,message,Initial report.
INTERACTION-0101384,TICKET-005692,2026-06-04T07:12:53Z,agent,message,Sorry about this. I have found the charge and am looking into it.
INTERACTION-0101385,TICKET-005693,2026-06-14T16:01:23Z,customer,message,Initial report.
INTERACTION-0101386,TICKET-005693,2026-06-15T04:22:23Z,portal,proposal_sent,First response.
INTERACTION-0101387,TICKET-005694,2026-06-21T03:59:42Z,customer,message,Initial report.
INTERACTION-0101388,TICKET-005694,2026-06-21T09:43:42Z,portal,proposal_sent,First response.
INTERACTION-0101389,TICKET-005695,2026-08-08T14:56:36Z,customer,message,Initial report.
INTERACTION-0101390,TICKET-005695,2026-08-09T04:22:36Z,portal,proposal_sent,First response.
INTERACTION-0101391,TICKET-005696,2026-08-18T06:24:50Z,customer,message,Initial report.
INTERACTION-0101392,TICKET-005696,2026-08-18T07:43:50Z,portal,proposal_sent,First response.
INTERACTION-0101393,TICKET-005697,2026-07-01T12:29:51Z,customer,message,Initial report.
INTERACTION-0101394,TICKET-005697,2026-07-01T22:50:51Z,agent,message,"Thanks for getting in touch, taking a look now."
INTERACTION-0101395,TICKET-005698,2026-07-24T02:37:25Z,customer,message,Initial report.
INTERACTION-0101396,TICKET-005698,2026-07-24T08:38:25Z,portal,proposal_sent,First response.
INTERACTION-0101397,TICKET-005699,2026-08-06T08:31:31Z,customer,message,Initial report.
INTERACTION-0101398,TICKET-005699,2026-08-06T21:50:31Z,agent,message,"Thanks for getting in touch, taking a look now."
INTERACTION-0101399,TICKET-005700,2026-08-05T08:29:14Z,customer,message,Initial report.
INTERACTION-0101400,TICKET-005700,2026-08-05T20:46:14Z,agent,message,"Thanks for getting in touch, taking a look now."
INTERACTION-0101401,TICKET-005701,2026-07-05T06:16:41Z,customer,message,Initial report.
INTERACTION-0101402,TICKET-005701,2026-07-05T07:11:41Z,agent,message,I have blocked the card and ordered a replacement.
INTERACTION-0101403,TICKET-005702,2026-07-02T16:02:45Z,customer,message,Initial report.
INTERACTION-0101404,TICKET-005702,2026-07-03T06:07:45Z,portal,proposal_sent,First response.
INTERACTION-0101405,TICKET-005703,2026-08-28T17:59:49Z,customer,message,Initial report.
INTERACTION-0101406,TICKET-005703,2026-08-29T00:21:49Z,agent,message,I have blocked the card and ordered a replacement.
INTERACTION-0101407,TICKET-005704,2026-06-29T07:35:25Z,customer,message,Initial report.
INTERACTION-0101408,TICKET-005704,2026-06-29T20:10:25Z,agent,message,I have blocked the card and ordered a replacement.
INTERACTION-0101409,TICKET-005705,2026-06-12T08:46:00Z,customer,message,Initial report.
INTERACTION-0101410,TICKET-005705,2026-06-12T22:56:00Z,portal,proposal_sent,First response.
INTERACTION-0101411,TICKET-005706,2026-06-13T19:53:38Z,customer,message,Initial report.
INTERACTION-0101412,TICKET-005706,2026-06-14T06:25:38Z,portal,proposal_sent,First response.
INTERACTION-0101413,TICKET-005707,2026-08-27T21:04:41Z,customer,message,Initial report.
INTERACTION-0101414,TICKET-005707,2026-08-28T10:41:41Z,agent,message,"I can see the payment on our side, checking where it stopped."
INTERACTION-0101415,TICKET-005708,2026-06-25T07:55:41Z,customer,message,Initial report.
INTERACTION-0101416,TICKET-005708,2026-06-25T08:31:41Z,agent,message,I have blocked the card and ordered a replacement.
INTERACTION-0101417,TICKET-005709,2026-06-15T09:13:30Z,customer,message,Initial report.
INTERACTION-0101418,TICKET-005709,2026-06-15T19:38:30Z,agent,message,I have blocked the card and ordered a replacement.
INTERACTION-0101419,TICKET-005710,2026-08-18T03:34:08Z,customer,message,Initial report.
INTERACTION-0101420,TICKET-005710,2026-08-18T07:19:08Z,portal,proposal_sent,First response.
INTERACTION-0101421,TICKET-005711,2026-08-04T23:37:26Z,customer,message,Initial report.
INTERACTION-0101422,TICKET-005711,2026-08-05T13:40:26Z,agent,message,I have blocked the card and ordered a replacement.
INTERACTION-0101423,TICKET-005712,2026-06-08T11:38:58Z,customer,message,Initial report.
INTERACTION-0101424,TICKET-005712,2026-06-08T11:50:58Z,agent,message,Sorry about this. I have found the charge and am looking into it.
INTERACTION-0101425,TICKET-005713,2026-08-08T17:29:03Z,customer,message,Initial report.
INTERACTION-0101426,TICKET-005713,2026-08-09T04:41:03Z,portal,proposal_sent,First response.
INTERACTION-0101427,TICKET-005714,2026-07-30T13:54:52Z,customer,message,Initial report.
INTERACTION-0101428,TICKET-005714,2026-07-30T15:19:52Z,agent,message,I have blocked the card and ordered a replacement.
INTERACTION-0101429,TICKET-005715,2026-08-30T08:16:51Z,customer,message,Initial report.
INTERACTION-0101430,TICKET-005715,2026-08-30T20:23:51Z,portal,proposal_sent,First response.
INTERACTION-0101431,TICKET-005716,2026-06-02T19:08:30Z,customer,message,Initial report.
INTERACTION-0101432,TICKET-005716,2026-06-03T01:38:30Z,agent,message,"I can see the payment on our side, checking where it stopped."
INTERACTION-0101433,TICKET-005717,2026-06-23T22:32:19Z,customer,message,Initial report.
INTERACTION-0101434,TICKET-005717,2026-06-24T12:13:19Z,agent,message,I have blocked the card and ordered a replacement.
INTERACTION-0101435,TICKET-005718,2026-08-03T08:52:30Z,customer,message,Initial report.
INTERACTION-0101436,TICKET-005718,2026-08-03T13:43:30Z,agent,message,"I can see the payment on our side, checking where it stopped."
INTERACTION-0101437,TICKET-005719,2026-08-15T16:23:00Z,customer,message,Initial report.
INTERACTION-0101438,TICKET-005719,2026-08-16T06:06:00Z,agent,message,"I can see the payment on our side, checking where it stopped."
INTERACTION-0101439,TICKET-005720,2026-08-26T09:58:09Z,customer,message,Initial report.
INTERACTION-0101440,TICKET-005720,2026-08-27T00:52:09Z,agent,message,"I can see the payment on our side, checking where it stopped."
INTERACTION-0101441,TICKET-005721,2026-07-20T15:26:49Z,customer,message,Initial report.
INTERACTION-0101442,TICKET-005721,2026-07-21T03:50:49Z,agent,message,I have blocked the card and ordered a replacement.
INTERACTION-0101443,TICKET-005722,2026-08-22T18:59:14Z,customer,message,Initial report.
INTERACTION-0101444,TICKET-005722,2026-08-23T09:19:14Z,agent,message,I have blocked the card and ordered a replacement.
INTERACTION-0101445,TICKET-005723,2026-07-07T21:38:00Z,customer,message,Initial report.
INTERACTION-0101446,TICKET-005723,2026-07-07T23:16:00Z,agent,message,"Thanks for getting in touch, taking a look now."
INTERACTION-0101447,TICKET-005724,2026-07-22T22:35:05Z,customer,message,Initial report.
INTERACTION-0101448,TICKET-005724,2026-07-23T02:00:05Z,agent,message,"Thanks for getting in touch, taking a look now."
INTERACTION-0101449,TICKET-005725,2026-08-10T15:29:45Z,customer,message,Initial report.
INTERACTION-0101450,TICKET-005725,2026-08-11T00:29:45Z,agent,message,"I can see the payment on our side, checking where it stopped."
INTERACTION-0101451,TICKET-005726,2026-06-21T22:29:44Z,customer,message,Initial report.
INTERACTION-0101452,TICKET-005726,2026-06-22T05:06:44Z,agent,message,Sorry about this. I have found the charge and am looking into it.
INTERACTION-0101453,TICKET-005727,2026-06-29T21:28:03Z,customer,message,Initial report.
INTERACTION-0101454,TICKET-005727,2026-06-30T03:04:03Z,agent,message,"I can see the payment on our side, checking where it stopped."
INTERACTION-0101455,TICKET-005728,2026-06-15T02:56:03Z,customer,message,Initial report.
INTERACTION-0101456,TICKET-005728,2026-06-15T11:18:03Z,agent,message,"I can see the payment on our side, checking where it stopped."
INTERACTION-0101457,TICKET-005729,2026-07-23T02:31:07Z,customer,message,Initial report.
INTERACTION-0101458,TICKET-005729,2026-07-23T05:18:07Z,agent,message,"Thanks for getting in touch, taking a look now."
INTERACTION-0101459,TICKET-005730,2026-08-18T18:50:02Z,customer,message,Initial report.
INTERACTION-0101460,TICKET-005730,2026-08-19T02:49:02Z,agent,message,Sorry about this. I have found the charge and am looking into it.
INTERACTION-0101461,TICKET-005731,2026-08-09T15:07:12Z,customer,message,Initial report.
INTERACTION-0101462,TICKET-005731,2026-08-10T02:57:12Z,agent,message,I have blocked the card and ordered a replacement.
INTERACTION-0101463,TICKET-005732,2026-07-03T12:11:56Z,customer,message,Initial report.
INTERACTION-0101464,TICKET-005732,2026-07-03T12:48:56Z,agent,message,"Thanks for getting in touch, taking a look now."
INTERACTION-0101465,TICKET-005733,2026-07-25T18:35:33Z,customer,message,Initial report.
INTERACTION-0101466,TICKET-005733,2026-07-26T05:45:33Z,agent,message,"I can see the payment on our side, checking where it stopped."
INTERACTION-0101467,TICKET-005734,2026-07-25T19:01:31Z,customer,message,Initial report.
INTERACTION-0101468,TICKET-005734,2026-07-26T02:00:31Z,agent,message,Sorry about this. I have found the charge and am looking into it.
INTERACTION-0101469,TICKET-005735,2026-08-30T06:04:07Z,customer,message,Initial report.
INTERACTION-0101470,TICKET-005735,2026-08-30T08:01:07Z,agent,message,"Thanks for getting in touch, taking a look now."
INTERACTION-0101471,TICKET-005736,2026-08-09T22:21:46Z,customer,message,Initial report.
INTERACTION-0101472,TICKET-005736,2026-08-10T09:19:46Z,agent,message,"Thanks for getting in touch, taking a look now."
INTERACTION-0101473,TICKET-005737,2026-07-05T19:58:07Z,customer,message,Initial report.
INTERACTION-0101474,TICKET-005737,2026-07-06T07:52:07Z,agent,message,I have blocked the card and ordered a replacement.
INTERACTION-0101475,TICKET-005738,2026-08-04T06:47:22Z,customer,message,Initial report.
INTERACTION-0101476,TICKET-005738,2026-08-04T18:54:22Z,portal,proposal_sent,First response.
INTERACTION-0101477,TICKET-005739,2026-08-28T11:19:10Z,customer,message,Initial report.
INTERACTION-0101478,TICKET-005739,2026-08-28T21:02:10Z,portal,proposal_sent,First response.
INTERACTION-0101479,TICKET-005740,2026-06-23T20:43:16Z,customer,message,Initial report.
INTERACTION-0101480,TICKET-005740,2026-06-23T22:26:16Z,portal,proposal_sent,First response.
INTERACTION-0101481,TICKET-005741,2026-08-30T12:49:07Z,customer,message,Initial report.
INTERACTION-0101482,TICKET-005741,2026-08-30T17:54:07Z,agent,message,I have passed this to the team that can see the detail.
INTERACTION-0101483,TICKET-005742,2026-06-02T11:39:31Z,customer,message,Initial report.
INTERACTION-0101484,TICKET-005742,2026-06-02T15:50:31Z,agent,message,I have blocked the card and ordered a replacement.
INTERACTION-0101485,TICKET-005743,2026-07-17T22:41:55Z,customer,message,Initial report.
INTERACTION-0101486,TICKET-005743,2026-07-18T06:09:55Z,agent,message,"Thanks for getting in touch, taking a look now."
INTERACTION-0101487,TICKET-005744,2026-08-07T14:54:51Z,customer,message,Initial report.
INTERACTION-0101488,TICKET-005744,2026-08-07T22:45:51Z,agent,message,I have passed this to the team that can see the detail.
INTERACTION-0101489,TICKET-005745,2026-06-05T20:38:38Z,customer,message,Initial report.
INTERACTION-0101490,TICKET-005745,2026-06-06T03:04:38Z,agent,message,"I can see the payment on our side, checking where it stopped."
INTERACTION-0101491,TICKET-005746,2026-08-17T20:01:04Z,customer,message,Initial report.
INTERACTION-0101492,TICKET-005746,2026-08-17T23:50:04Z,agent,message,"Thanks for getting in touch, taking a look now."
INTERACTION-0101493,TICKET-005747,2026-08-29T21:54:02Z,customer,message,Initial report.
INTERACTION-0101494,TICKET-005747,2026-08-30T05:43:02Z,agent,message,"Thanks for getting in touch, taking a look now."
INTERACTION-0101495,TICKET-005748,2026-08-27T02:30:46Z,customer,message,Initial report.
INTERACTION-0101496,TICKET-005748,2026-08-27T16:30:46Z,agent,message,"I can see the payment on our side, checking where it stopped."
INTERACTION-0101497,TICKET-005749,2026-07-10T10:44:09Z,customer,message,Initial report.
INTERACTION-0101498,TICKET-005749,2026-07-10T20:05:09Z,agent,message,I have passed this to the team that can see the detail.
INTERACTION-0101499,TICKET-005750,2026-06-18T06:19:34Z,customer,message,Initial report.
INTERACTION-0101500,TICKET-005750,2026-06-18T15:29:34Z,agent,message,"I can see the payment on our side, checking where it stopped."
INTERACTION-0101501,TICKET-005751,2026-07-02T06:47:45Z,customer,message,Initial report.
INTERACTION-0101502,TICKET-005751,2026-07-02T15:43:45Z,portal,proposal_sent,First response.
INTERACTION-0101503,TICKET-005752,2026-08-16T16:39:52Z,customer,message,Initial report.
INTERACTION-0101504,TICKET-005752,2026-08-16T22:29:52Z,agent,message,Sorry about this. I have found the charge and am looking into it.
INTERACTION-0101505,TICKET-005753,2026-08-16T23:35:12Z,customer,message,Initial report.
INTERACTION-0101506,TICKET-005753,2026-08-17T06:42:12Z,portal,proposal_sent,First response.
INTERACTION-0101507,TICKET-005754,2026-08-11T19:07:14Z,customer,message,Initial report.
INTERACTION-0101508,TICKET-005754,2026-08-12T07:10:14Z,agent,message,I have blocked the card and ordered a replacement.
INTERACTION-0101509,TICKET-005755,2026-08-17T18:51:52Z,customer,message,Initial report.
INTERACTION-0101510,TICKET-005755,2026-08-17T21:52:52Z,agent,message,I have passed this to the team that can see the detail.
INTERACTION-0101511,TICKET-005756,2026-06-04T10:32:06Z,customer,message,Initial report.
INTERACTION-0101512,TICKET-005756,2026-06-04T12:33:06Z,agent,message,"I can see the payment on our side, checking where it stopped."
INTERACTION-0101513,TICKET-005757,2026-08-18T14:18:16Z,customer,message,Initial report.
INTERACTION-0101514,TICKET-005757,2026-08-18T19:00:16Z,portal,proposal_sent,First response.
INTERACTION-0101515,TICKET-005758,2026-06-29T13:28:32Z,customer,message,Initial report.
INTERACTION-0101516,TICKET-005758,2026-06-30T01:33:32Z,agent,message,"I can see the payment on our side, checking where it stopped."
INTERACTION-0101517,TICKET-005759,2026-08-07T20:43:11Z,customer,message,Initial report.
INTERACTION-0101518,TICKET-005759,2026-08-08T04:54:11Z,agent,message,I have blocked the card and ordered a replacement.
INTERACTION-0101519,TICKET-005760,2026-07-03T08:33:18Z,customer,message,Initial report.
INTERACTION-0101520,TICKET-005760,2026-07-03T21:32:18Z,agent,message,I have passed this to the team that can see the detail.
INTERACTION-0101521,TICKET-005761,2026-08-28T03:14:38Z,customer,message,Initial report.
INTERACTION-0101522,TICKET-005761,2026-08-28T16:46:38Z,agent,message,"Thanks for getting in touch, taking a look now."
INTERACTION-0101523,TICKET-005762,2026-06-23T11:17:45Z,customer,message,Initial report.
INTERACTION-0101524,TICKET-005762,2026-06-23T23:47:45Z,portal,proposal_sent,First response.
INTERACTION-0101525,TICKET-005763,2026-06-09T02:15:09Z,customer,message,Initial report.
INTERACTION-0101526,TICKET-005763,2026-06-09T10:24:09Z,agent,message,I have blocked the card and ordered a replacement.
INTERACTION-0101527,TICKET-005764,2026-08-12T03:44:03Z,customer,message,Initial report.
INTERACTION-0101528,TICKET-005764,2026-08-12T11:14:03Z,agent,message,Sorry about this. I have found the charge and am looking into it.
INTERACTION-0101529,TICKET-005765,2026-07-10T21:48:01Z,customer,message,Initial report.
INTERACTION-0101530,TICKET-005765,2026-07-10T23:54:01Z,agent,message,I have passed this to the team that can see the detail.
INTERACTION-0101531,TICKET-005766,2026-07-11T15:09:57Z,customer,message,Initial report.
INTERACTION-0101532,TICKET-005766,2026-07-11T21:58:57Z,agent,message,I have blocked the card and ordered a replacement.
INTERACTION-0101533,TICKET-005767,2026-08-10T01:34:31Z,customer,message,Initial report.
INTERACTION-0101534,TICKET-005767,2026-08-10T08:09:31Z,agent,message,I have blocked the card and ordered a replacement.
INTERACTION-0101535,TICKET-005768,2026-06-27T04:54:21Z,customer,message,Initial report.
INTERACTION-0101536,TICKET-005768,2026-06-27T10:41:21Z,agent,message,I have blocked the card and ordered a replacement.
INTERACTION-0101537,TICKET-005769,2026-07-05T12:41:54Z,customer,message,Initial report.
INTERACTION-0101538,TICKET-005769,2026-07-05T21:05:54Z,agent,message,I have passed this to the team that can see the detail.
INTERACTION-0101539,TICKET-005770,2026-08-07T01:50:12Z,customer,message,Initial report.
INTERACTION-0101540,TICKET-005770,2026-08-07T10:57:12Z,agent,message,Sorry about this. I have found the charge and am looking into it.
INTERACTION-0101541,TICKET-005771,2026-06-25T02:20:33Z,customer,message,Initial report.
INTERACTION-0101542,TICKET-005771,2026-06-25T14:51:33Z,agent,message,"I can see the payment on our side, checking where it stopped."
INTERACTION-0101543,TICKET-005772,2026-07-03T22:28:50Z,customer,message,Initial report.
INTERACTION-0101544,TICKET-005772,2026-07-03T23:43:50Z,portal,proposal_sent,First response.
INTERACTION-0101545,TICKET-005773,2026-08-21T03:58:01Z,customer,message,Initial report.
INTERACTION-0101546,TICKET-005773,2026-08-21T15:09:01Z,agent,message,"Thanks for getting in touch, taking a look now."
INTERACTION-0101547,TICKET-005774,2026-07-17T18:54:52Z,customer,message,Initial report.
INTERACTION-0101548,TICKET-005774,2026-07-18T08:02:52Z,portal,proposal_sent,First response.
INTERACTION-0101549,TICKET-005775,2026-06-23T00:02:35Z,customer,message,Initial report.
INTERACTION-0101550,TICKET-005775,2026-06-23T05:59:35Z,portal,proposal_sent,First response.
INTERACTION-0101551,TICKET-005776,2026-06-27T00:32:31Z,customer,message,Initial report.
INTERACTION-0101552,TICKET-005776,2026-06-27T10:06:31Z,agent,message,I have passed this to the team that can see the detail.
INTERACTION-0101553,TICKET-005777,2026-08-27T22:13:27Z,customer,message,Initial report.
INTERACTION-0101554,TICKET-005777,2026-08-28T01:55:27Z,agent,message,"Thanks for getting in touch, taking a look now."
INTERACTION-0101555,TICKET-005778,2026-06-25T04:24:28Z,customer,message,Initial report.
INTERACTION-0101556,TICKET-005778,2026-06-25T06:40:28Z,agent,message,I have blocked the card and ordered a replacement.
INTERACTION-0101557,TICKET-005779,2026-08-14T06:00:01Z,customer,message,Initial report.
INTERACTION-0101558,TICKET-005779,2026-08-14T07:22:01Z,agent,message,I have passed this to the team that can see the detail.
INTERACTION-0101559,TICKET-005780,2026-07-05T12:45:55Z,customer,message,Initial report.
INTERACTION-0101560,TICKET-005780,2026-07-06T00:30:55Z,agent,message,"Thanks for getting in touch, taking a look now."
INTERACTION-0101561,TICKET-005781,2026-07-01T06:50:16Z,customer,message,Initial report.
INTERACTION-0101562,TICKET-005781,2026-07-01T18:17:16Z,agent,message,I have blocked the card and ordered a replacement.
INTERACTION-0101563,TICKET-005782,2026-08-20T09:54:29Z,customer,message,Initial report.
INTERACTION-0101564,TICKET-005782,2026-08-20T22:59:29Z,portal,proposal_sent,First response.
INTERACTION-0101565,TICKET-005783,2026-06-06T13:16:21Z,customer,message,Initial report.
INTERACTION-0101566,TICKET-005783,2026-06-06T22:27:21Z,portal,proposal_sent,First response.
INTERACTION-0101567,TICKET-005784,2026-06-14T07:08:55Z,customer,message,Initial report.
INTERACTION-0101568,TICKET-005784,2026-06-14T10:50:55Z,portal,proposal_sent,First response.
INTERACTION-0101569,TICKET-005785,2026-07-24T17:45:10Z,customer,message,Initial report.
INTERACTION-0101570,TICKET-005785,2026-07-25T07:03:10Z,agent,message,I have passed this to the team that can see the detail.
INTERACTION-0101571,TICKET-005786,2026-06-25T17:02:14Z,customer,message,Initial report.
INTERACTION-0101572,TICKET-005786,2026-06-26T01:11:14Z,portal,proposal_sent,First response.
INTERACTION-0101573,TICKET-005787,2026-07-11T17:49:46Z,customer,message,Initial report.
INTERACTION-0101574,TICKET-005787,2026-07-11T18:09:46Z,portal,proposal_sent,First response.
INTERACTION-0101575,TICKET-005788,2026-07-19T02:57:35Z,customer,message,Initial report.
INTERACTION-0101576,TICKET-005788,2026-07-19T09:55:35Z,agent,message,"Thanks for getting in touch, taking a look now."
INTERACTION-0101577,TICKET-005789,2026-07-09T11:38:30Z,customer,message,Initial report.
INTERACTION-0101578,TICKET-005789,2026-07-09T19:43:30Z,agent,message,I have blocked the card and ordered a replacement.
INTERACTION-0101579,TICKET-005790,2026-07-28T10:30:09Z,customer,message,Initial report.
INTERACTION-0101580,TICKET-005790,2026-07-28T20:24:09Z,agent,message,I have passed this to the team that can see the detail.
INTERACTION-0101581,TICKET-005791,2026-08-09T20:39:42Z,customer,message,Initial report.
INTERACTION-0101582,TICKET-005791,2026-08-10T03:12:42Z,agent,message,I have blocked the card and ordered a replacement.
INTERACTION-0101583,TICKET-005792,2026-08-08T03:44:24Z,customer,message,Initial report.
INTERACTION-0101584,TICKET-005792,2026-08-08T04:38:24Z,agent,message,I have blocked the card and ordered a replacement.
INTERACTION-0101585,TICKET-005793,2026-06-30T12:22:25Z,customer,message,Initial report.
INTERACTION-0101586,TICKET-005793,2026-07-01T01:40:25Z,agent,message,I have passed this to the team that can see the detail.
INTERACTION-0101587,TICKET-005794,2026-06-07T08:09:31Z,customer,message,Initial report.
INTERACTION-0101588,TICKET-005794,2026-06-07T13:29:31Z,portal,proposal_sent,First response.
INTERACTION-0101589,TICKET-005795,2026-07-03T21:59:33Z,customer,message,Initial report.
INTERACTION-0101590,TICKET-005795,2026-07-04T01:36:33Z,agent,message,I have blocked the card and ordered a replacement.
INTERACTION-0101591,TICKET-005796,2026-06-15T15:32:27Z,customer,message,Initial report.
INTERACTION-0101592,TICKET-005796,2026-06-16T00:56:27Z,agent,message,Sorry about this. I have found the charge and am looking into it.
INTERACTION-0101593,TICKET-005797,2026-08-15T22:21:16Z,customer,message,Initial report.
INTERACTION-0101594,TICKET-005797,2026-08-16T11:48:16Z,agent,message,"Thanks for getting in touch, taking a look now."
INTERACTION-0101595,TICKET-005798,2026-08-26T05:16:26Z,customer,message,Initial report.
INTERACTION-0101596,TICKET-005798,2026-08-26T13:38:26Z,agent,message,Sorry about this. I have found the charge and am looking into it.
INTERACTION-0101597,TICKET-005799,2026-08-28T13:05:49Z,customer,message,Initial report.
INTERACTION-0101598,TICKET-005799,2026-08-28T16:43:49Z,agent,message,I have blocked the card and ordered a replacement.
INTERACTION-0101599,TICKET-005800,2026-07-03T11:01:09Z,customer,message,Initial report.
INTERACTION-0101600,TICKET-005800,2026-07-03T14:55:09Z,agent,message,I have blocked the card and ordered a replacement.
INTERACTION-0101601,TICKET-005801,2026-07-03T00:12:59Z,customer,message,Initial report.
INTERACTION-0101602,TICKET-005801,2026-07-03T04:37:59Z,agent,message,"I can see the payment on our side, checking where it stopped."
INTERACTION-0101603,TICKET-005802,2026-06-21T07:45:17Z,customer,message,Initial report.
INTERACTION-0101604,TICKET-005802,2026-06-21T17:42:17Z,agent,message,"Thanks for getting in touch, taking a look now."
INTERACTION-0101605,TICKET-005803,2026-08-05T14:24:15Z,customer,message,Initial report.
INTERACTION-0101606,TICKET-005803,2026-08-06T04:18:15Z,agent,message,"I can see the payment on our side, checking where it stopped."
INTERACTION-0101607,TICKET-005804,2026-07-31T20:13:21Z,customer,message,Initial report.
INTERACTION-0101608,TICKET-005804,2026-08-01T06:54:21Z,agent,message,I have passed this to the team that can see the detail.
INTERACTION-0101609,TICKET-005805,2026-08-30T23:52:04Z,customer,message,Initial report.
INTERACTION-0101610,TICKET-005805,2026-08-31T09:23:04Z,agent,message,I have blocked the card and ordered a replacement.
INTERACTION-0101611,TICKET-005806,2026-08-16T09:43:22Z,customer,message,Initial report.
INTERACTION-0101612,TICKET-005806,2026-08-16T16:32:22Z,agent,message,"Thanks for getting in touch, taking a look now."
INTERACTION-0101613,TICKET-005807,2026-07-18T21:27:01Z,customer,message,Initial report.
INTERACTION-0101614,TICKET-005807,2026-07-18T22:43:01Z,agent,message,Sorry about this. I have found the charge and am looking into it.
INTERACTION-0101615,TICKET-005808,2026-08-28T16:19:25Z,customer,message,Initial report.
INTERACTION-0101616,TICKET-005808,2026-08-28T20:00:25Z,agent,message,"I can see the payment on our side, checking where it stopped."
INTERACTION-0101617,TICKET-005809,2026-07-15T10:38:55Z,customer,message,Initial report.
INTERACTION-0101618,TICKET-005809,2026-07-15T14:25:55Z,agent,message,Sorry about this. I have found the charge and am looking into it.
INTERACTION-0101619,TICKET-005810,2026-07-22T16:18:12Z,customer,message,Initial report.
INTERACTION-0101620,TICKET-005810,2026-07-22T23:17:12Z,agent,message,Sorry about this. I have found the charge and am looking into it.
INTERACTION-0101621,TICKET-005811,2026-06-28T07:44:05Z,customer,message,Initial report.
INTERACTION-0101622,TICKET-005811,2026-06-28T13:49:05Z,agent,message,Sorry about this. I have found the charge and am looking into it.
INTERACTION-0101623,TICKET-005812,2026-07-21T14:48:17Z,customer,message,Initial report.
INTERACTION-0101624,TICKET-005812,2026-07-21T18:12:17Z,agent,message,"Thanks for getting in touch, taking a look now."
INTERACTION-0101625,TICKET-005813,2026-07-10T06:13:44Z,customer,message,Initial report.
INTERACTION-0101626,TICKET-005813,2026-07-10T13:15:44Z,portal,proposal_sent,First response.
INTERACTION-0101627,TICKET-005814,2026-06-17T07:15:38Z,customer,message,Initial report.
INTERACTION-0101628,TICKET-005814,2026-06-17T14:39:38Z,agent,message,"Thanks for getting in touch, taking a look now."
INTERACTION-0101629,TICKET-005815,2026-06-29T04:12:15Z,customer,message,Initial report.
INTERACTION-0101630,TICKET-005815,2026-06-29T14:08:15Z,portal,proposal_sent,First response.
INTERACTION-0101631,TICKET-005816,2026-06-23T22:38:31Z,customer,message,Initial report.
INTERACTION-0101632,TICKET-005816,2026-06-24T05:19:31Z,agent,message,"I can see the payment on our side, checking where it stopped."
INTERACTION-0101633,TICKET-005817,2026-06-26T00:22:30Z,customer,message,Initial report.
INTERACTION-0101634,TICKET-005817,2026-06-26T04:47:30Z,portal,proposal_sent,First response.
INTERACTION-0101635,TICKET-005818,2026-06-07T14:31:19Z,customer,message,Initial report.
INTERACTION-0101636,TICKET-005818,2026-06-07T23:06:19Z,agent,message,"Thanks for getting in touch, taking a look now."
INTERACTION-0101637,TICKET-005819,2026-07-20T12:20:44Z,customer,message,Initial report.
INTERACTION-0101638,TICKET-005819,2026-07-20T23:13:44Z,agent,message,Sorry about this. I have found the charge and am looking into it.
INTERACTION-0101639,TICKET-005820,2026-06-20T21:58:31Z,customer,message,Initial report.
INTERACTION-0101640,TICKET-005820,2026-06-20T23:41:31Z,agent,message,"Thanks for getting in touch, taking a look now."
INTERACTION-0101641,TICKET-005821,2026-06-14T01:23:48Z,customer,message,Initial report.
INTERACTION-0101642,TICKET-005821,2026-06-14T13:25:48Z,agent,message,"I can see the payment on our side, checking where it stopped."
INTERACTION-0101643,TICKET-005822,2026-07-07T06:34:48Z,customer,message,Initial report.
INTERACTION-0101644,TICKET-005822,2026-07-07T14:31:48Z,agent,message,I have blocked the card and ordered a replacement.
INTERACTION-0101645,TICKET-005823,2026-07-10T07:37:12Z,customer,message,Initial report.
INTERACTION-0101646,TICKET-005823,2026-07-10T17:09:12Z,agent,message,I have passed this to the team that can see the detail.
INTERACTION-0101647,TICKET-005824,2026-06-04T00:15:16Z,customer,message,Initial report.
INTERACTION-0101648,TICKET-005824,2026-06-04T02:56:16Z,agent,message,Sorry about this. I have found the charge and am looking into it.
INTERACTION-0101649,TICKET-005825,2026-08-11T17:02:50Z,customer,message,Initial report.
INTERACTION-0101650,TICKET-005825,2026-08-12T01:13:50Z,agent,message,Sorry about this. I have found the charge and am looking into it.
INTERACTION-0101651,TICKET-005826,2026-08-07T07:56:40Z,customer,message,Initial report.
INTERACTION-0101652,TICKET-005826,2026-08-07T14:50:40Z,portal,proposal_sent,First response.
INTERACTION-0101653,TICKET-005827,2026-06-08T16:28:19Z,customer,message,Initial report.
INTERACTION-0101654,TICKET-005827,2026-06-09T06:52:19Z,agent,message,"Thanks for getting in touch, taking a look now."
INTERACTION-0101655,TICKET-005828,2026-07-27T13:00:41Z,customer,message,Initial report.
INTERACTION-0101656,TICKET-005828,2026-07-28T00:04:41Z,agent,message,I have passed this to the team that can see the detail.
INTERACTION-0101657,TICKET-005829,2026-06-02T04:46:12Z,customer,message,Initial report.
INTERACTION-0101658,TICKET-005829,2026-06-02T04:59:12Z,agent,message,I have blocked the card and ordered a replacement.
INTERACTION-0101659,TICKET-005830,2026-06-16T12:48:58Z,customer,message,Initial report.
INTERACTION-0101660,TICKET-005830,2026-06-16T21:38:58Z,agent,message,I have blocked the card and ordered a replacement.
INTERACTION-0101661,TICKET-005831,2026-06-11T07:28:11Z,customer,message,Initial report.
INTERACTION-0101662,TICKET-005831,2026-06-11T20:40:11Z,portal,proposal_sent,First response.
INTERACTION-0101663,TICKET-005832,2026-06-02T15:58:59Z,customer,message,Initial report.
INTERACTION-0101664,TICKET-005832,2026-06-03T01:40:59Z,agent,message,"Thanks for getting in touch, taking a look now."
INTERACTION-0101665,TICKET-005833,2026-07-29T01:37:31Z,customer,message,Initial report.
INTERACTION-0101666,TICKET-005833,2026-07-29T01:51:31Z,agent,message,"Thanks for getting in touch, taking a look now."
INTERACTION-0101667,TICKET-005834,2026-07-25T14:42:41Z,customer,message,Initial report.
INTERACTION-0101668,TICKET-005834,2026-07-26T00:34:41Z,agent,message,"I can see the payment on our side, checking where it stopped."
INTERACTION-0101669,TICKET-005835,2026-08-21T17:57:51Z,customer,message,Initial report.
INTERACTION-0101670,TICKET-005835,2026-08-22T05:28:51Z,agent,message,Sorry about this. I have found the charge and am looking into it.
INTERACTION-0101671,TICKET-005836,2026-07-24T15:19:15Z,customer,message,Initial report.
INTERACTION-0101672,TICKET-005836,2026-07-24T21:39:15Z,agent,message,I have blocked the card and ordered a replacement.
INTERACTION-0101673,TICKET-005837,2026-06-28T22:10:26Z,customer,message,Initial report.
INTERACTION-0101674,TICKET-005837,2026-06-29T09:22:26Z,portal,proposal_sent,First response.
INTERACTION-0101675,TICKET-005838,2026-08-26T19:10:51Z,customer,message,Initial report.
INTERACTION-0101676,TICKET-005838,2026-08-27T10:08:51Z,agent,message,"I can see the payment on our side, checking where it stopped."
INTERACTION-0101677,TICKET-005839,2026-07-22T15:16:51Z,customer,message,Initial report.
INTERACTION-0101678,TICKET-005839,2026-07-22T16:15:51Z,agent,message,"Thanks for getting in touch, taking a look now."
INTERACTION-0101679,TICKET-005840,2026-08-27T16:02:21Z,customer,message,Initial report.
INTERACTION-0101680,TICKET-005840,2026-08-28T06:57:21Z,agent,message,Sorry about this. I have found the charge and am looking into it.
INTERACTION-0101681,TICKET-005841,2026-07-28T11:43:38Z,customer,message,Initial report.
INTERACTION-0101682,TICKET-005841,2026-07-29T01:45:38Z,agent,message,I have blocked the card and ordered a replacement.
INTERACTION-0101683,TICKET-005842,2026-08-28T16:12:40Z,customer,message,Initial report.
INTERACTION-0101684,TICKET-005842,2026-08-28T23:49:40Z,portal,proposal_sent,First response.
INTERACTION-0101685,TICKET-005843,2026-06-10T10:07:04Z,customer,message,Initial report.
INTERACTION-0101686,TICKET-005843,2026-06-10T13:19:04Z,agent,message,"I can see the payment on our side, checking where it stopped."
INTERACTION-0101687,TICKET-005844,2026-08-20T02:03:56Z,customer,message,Initial report.
INTERACTION-0101688,TICKET-005844,2026-08-20T03:30:56Z,agent,message,"Thanks for getting in touch, taking a look now."
INTERACTION-0101689,TICKET-005845,2026-07-05T23:48:03Z,customer,message,Initial report.
INTERACTION-0101690,TICKET-005845,2026-07-06T05:17:03Z,agent,message,"I can see the payment on our side, checking where it stopped."
INTERACTION-0101691,TICKET-005846,2026-07-03T05:07:46Z,customer,message,Initial report.
INTERACTION-0101692,TICKET-005846,2026-07-03T06:36:46Z,agent,message,I have passed this to the team that can see the detail.
INTERACTION-0101693,TICKET-005847,2026-08-17T08:29:08Z,customer,message,Initial report.
INTERACTION-0101694,TICKET-005847,2026-08-17T13:40:08Z,agent,message,I have blocked the card and ordered a replacement.
INTERACTION-0101695,TICKET-005848,2026-08-03T05:58:14Z,customer,message,Initial report.
INTERACTION-0101696,TICKET-005848,2026-08-03T15:23:14Z,agent,message,"Thanks for getting in touch, taking a look now."
INTERACTION-0101697,TICKET-005849,2026-06-08T12:56:48Z,customer,message,Initial report.
INTERACTION-0101698,TICKET-005849,2026-06-09T02:53:48Z,agent,message,I have blocked the card and ordered a replacement.
INTERACTION-0101699,TICKET-005850,2026-07-22T03:41:56Z,customer,message,Initial report.
INTERACTION-0101700,TICKET-005850,2026-07-22T15:15:56Z,agent,message,"I can see the payment on our side, checking where it stopped."
INTERACTION-0101701,TICKET-005851,2026-07-22T00:23:03Z,customer,message,Initial report.
INTERACTION-0101702,TICKET-005851,2026-07-22T01:02:03Z,agent,message,Sorry about this. I have found the charge and am looking into it.
INTERACTION-0101703,TICKET-005852,2026-08-09T16:39:35Z,customer,message,Initial report.
INTERACTION-0101704,TICKET-005852,2026-08-09T18:34:35Z,agent,message,"Thanks for getting in touch, taking a look now."
INTERACTION-0101705,TICKET-005853,2026-07-28T12:23:11Z,customer,message,Initial report.
INTERACTION-0101706,TICKET-005853,2026-07-28T18:52:11Z,agent,message,Sorry about this. I have found the charge and am looking into it.
INTERACTION-0101707,TICKET-005854,2026-06-11T11:59:46Z,customer,message,Initial report.
INTERACTION-0101708,TICKET-005854,2026-06-11T16:41:46Z,agent,message,"Thanks for getting in touch, taking a look now."
INTERACTION-0101709,TICKET-005855,2026-08-23T16:41:47Z,customer,message,Initial report.
INTERACTION-0101710,TICKET-005855,2026-08-24T05:08:47Z,agent,message,I have blocked the card and ordered a replacement.
INTERACTION-0101711,TICKET-005856,2026-06-11T19:51:02Z,customer,message,Initial report.
INTERACTION-0101712,TICKET-005856,2026-06-12T04:15:02Z,portal,proposal_sent,First response.
INTERACTION-0101713,TICKET-005857,2026-08-20T13:48:40Z,customer,message,Initial report.
INTERACTION-0101714,TICKET-005857,2026-08-20T23:53:40Z,agent,message,I have blocked the card and ordered a replacement.
INTERACTION-0101715,TICKET-005858,2026-06-03T06:03:06Z,customer,message,Initial report.
INTERACTION-0101716,TICKET-005858,2026-06-03T11:46:06Z,agent,message,I have passed this to the team that can see the detail.
INTERACTION-0101717,TICKET-005859,2026-08-30T05:11:13Z,customer,message,Initial report.
INTERACTION-0101718,TICKET-005859,2026-08-30T14:42:13Z,portal,proposal_sent,First response.
INTERACTION-0101719,TICKET-005860,2026-07-12T11:54:43Z,customer,message,Initial report.
INTERACTION-0101720,TICKET-005860,2026-07-12T17:28:43Z,agent,message,"Thanks for getting in touch, taking a look now."
INTERACTION-0101721,TICKET-005861,2026-07-02T11:52:38Z,customer,message,Initial report.
INTERACTION-0101722,TICKET-005861,2026-07-02T15:51:38Z,agent,message,Sorry about this. I have found the charge and am looking into it.
INTERACTION-0101723,TICKET-005862,2026-07-31T08:07:12Z,customer,message,Initial report.
INTERACTION-0101724,TICKET-005862,2026-07-31T20:49:12Z,portal,proposal_sent,First response.
INTERACTION-0101725,TICKET-005863,2026-08-26T06:05:37Z,customer,message,Initial report.
INTERACTION-0101726,TICKET-005863,2026-08-26T07:37:37Z,agent,message,I have passed this to the team that can see the detail.
INTERACTION-0101727,TICKET-005864,2026-07-08T09:57:19Z,customer,message,Initial report.
INTERACTION-0101728,TICKET-005864,2026-07-08T12:41:19Z,agent,message,Sorry about this. I have found the charge and am looking into it.
INTERACTION-0101729,TICKET-005865,2026-06-03T03:11:48Z,customer,message,Initial report.
INTERACTION-0101730,TICKET-005865,2026-06-03T06:37:48Z,agent,message,Sorry about this. I have found the charge and am looking into it.
INTERACTION-0101731,TICKET-005866,2026-08-29T22:17:53Z,customer,message,Initial report.
INTERACTION-0101732,TICKET-005866,2026-08-30T01:22:53Z,agent,message,I have passed this to the team that can see the detail.
INTERACTION-0101733,TICKET-005867,2026-07-21T14:49:11Z,customer,message,Initial report.
INTERACTION-0101734,TICKET-005867,2026-07-21T16:45:11Z,portal,proposal_sent,First response.
INTERACTION-0101735,TICKET-005868,2026-06-18T10:45:01Z,customer,message,Initial report.
INTERACTION-0101736,TICKET-005868,2026-06-18T22:21:01Z,agent,message,I have blocked the card and ordered a replacement.
INTERACTION-0101737,TICKET-005869,2026-06-07T12:26:45Z,customer,message,Initial report.
INTERACTION-0101738,TICKET-005869,2026-06-08T02:40:45Z,agent,message,"Thanks for getting in touch, taking a look now."
INTERACTION-0101739,TICKET-005870,2026-08-08T07:37:07Z,customer,message,Initial report.
INTERACTION-0101740,TICKET-005870,2026-08-08T14:27:07Z,agent,message,I have passed this to the team that can see the detail.
INTERACTION-0101741,TICKET-005871,2026-06-09T14:12:44Z,customer,message,Initial report.
INTERACTION-0101742,TICKET-005871,2026-06-09T21:57:44Z,portal,proposal_sent,First response.
INTERACTION-0101743,TICKET-005872,2026-07-27T08:28:36Z,customer,message,Initial report.
INTERACTION-0101744,TICKET-005872,2026-07-27T12:24:36Z,portal,proposal_sent,First response.
INTERACTION-0101745,TICKET-005873,2026-07-22T08:04:44Z,customer,message,Initial report.
INTERACTION-0101746,TICKET-005873,2026-07-22T11:09:44Z,agent,message,I have blocked the card and ordered a replacement.
INTERACTION-0101747,TICKET-005874,2026-07-30T20:56:46Z,customer,message,Initial report.
INTERACTION-0101748,TICKET-005874,2026-07-31T02:40:46Z,agent,message,I have blocked the card and ordered a replacement.
INTERACTION-0101749,TICKET-005875,2026-07-07T20:24:20Z,customer,message,Initial report.
INTERACTION-0101750,TICKET-005875,2026-07-08T00:19:20Z,agent,message,"I can see the payment on our side, checking where it stopped."
INTERACTION-0101751,TICKET-005876,2026-07-11T18:48:14Z,customer,message,Initial report.
INTERACTION-0101752,TICKET-005876,2026-07-11T21:11:14Z,agent,message,"I can see the payment on our side, checking where it stopped."
INTERACTION-0101753,TICKET-005877,2026-06-17T16:32:33Z,customer,message,Initial report.
INTERACTION-0101754,TICKET-005877,2026-06-18T04:01:33Z,agent,message,Sorry about this. I have found the charge and am looking into it.
INTERACTION-0101755,TICKET-005878,2026-07-06T15:48:16Z,customer,message,Initial report.
INTERACTION-0101756,TICKET-005878,2026-07-07T05:24:16Z,agent,message,I have blocked the card and ordered a replacement.
INTERACTION-0101757,TICKET-005879,2026-07-02T17:59:03Z,customer,message,Initial report.
INTERACTION-0101758,TICKET-005879,2026-07-02T18:54:03Z,agent,message,Sorry about this. I have found the charge and am looking into it.
INTERACTION-0101759,TICKET-005880,2026-07-29T07:41:36Z,customer,message,Initial report.
INTERACTION-0101760,TICKET-005880,2026-07-29T13:36:36Z,agent,message,Sorry about this. I have found the charge and am looking into it.
INTERACTION-0101761,TICKET-005881,2026-07-06T15:57:03Z,customer,message,Initial report.
INTERACTION-0101762,TICKET-005881,2026-07-06T23:17:03Z,portal,proposal_sent,First response.
INTERACTION-0101763,TICKET-005882,2026-06-17T05:49:32Z,customer,message,Initial report.
INTERACTION-0101764,TICKET-005882,2026-06-17T08:37:32Z,agent,message,Sorry about this. I have found the charge and am looking into it.
INTERACTION-0101765,TICKET-005883,2026-08-01T14:32:40Z,customer,message,Initial report.
INTERACTION-0101766,TICKET-005883,2026-08-01T21:13:40Z,agent,message,I have blocked the card and ordered a replacement.
INTERACTION-0101767,TICKET-005884,2026-06-28T03:15:27Z,customer,message,Initial report.
INTERACTION-0101768,TICKET-005884,2026-06-28T14:24:27Z,agent,message,I have passed this to the team that can see the detail.
INTERACTION-0101769,TICKET-005885,2026-08-16T21:25:20Z,customer,message,Initial report.
INTERACTION-0101770,TICKET-005885,2026-08-17T04:58:20Z,portal,proposal_sent,First response.
INTERACTION-0101771,TICKET-005886,2026-06-07T02:21:48Z,customer,message,Initial report.
INTERACTION-0101772,TICKET-005886,2026-06-07T05:33:48Z,agent,message,"Thanks for getting in touch, taking a look now."
INTERACTION-0101773,TICKET-005887,2026-07-18T05:50:26Z,customer,message,Initial report.
INTERACTION-0101774,TICKET-005887,2026-07-18T06:25:26Z,portal,proposal_sent,First response.
INTERACTION-0101775,TICKET-005888,2026-08-12T08:23:32Z,customer,message,Initial report.
INTERACTION-0101776,TICKET-005888,2026-08-12T09:45:32Z,agent,message,"I can see the payment on our side, checking where it stopped."
INTERACTION-0101777,TICKET-005889,2026-06-08T23:44:16Z,customer,message,Initial report.
INTERACTION-0101778,TICKET-005889,2026-06-09T00:14:16Z,agent,message,Sorry about this. I have found the charge and am looking into it.
INTERACTION-0101779,TICKET-005890,2026-07-10T02:04:16Z,customer,message,Initial report.
INTERACTION-0101780,TICKET-005890,2026-07-10T10:40:16Z,agent,message,I have passed this to the team that can see the detail.
INTERACTION-0101781,TICKET-005891,2026-07-15T04:35:28Z,customer,message,Initial report.
INTERACTION-0101782,TICKET-005891,2026-07-15T18:15:28Z,agent,message,"Thanks for getting in touch, taking a look now."
INTERACTION-0101783,TICKET-005892,2026-07-10T01:17:50Z,customer,message,Initial report.
INTERACTION-0101784,TICKET-005892,2026-07-10T03:19:50Z,agent,message,"Thanks for getting in touch, taking a look now."
INTERACTION-0101785,TICKET-005893,2026-08-12T08:34:26Z,customer,message,Initial report.
INTERACTION-0101786,TICKET-005893,2026-08-12T15:49:26Z,agent,message,"Thanks for getting in touch, taking a look now."
INTERACTION-0101787,TICKET-005894,2026-08-29T04:39:03Z,customer,message,Initial report.
INTERACTION-0101788,TICKET-005894,2026-08-29T09:57:03Z,portal,proposal_sent,First response.
INTERACTION-0101789,TICKET-005895,2026-07-18T19:43:25Z,customer,message,Initial report.
INTERACTION-0101790,TICKET-005895,2026-07-18T20:25:25Z,agent,message,I have passed this to the team that can see the detail.
INTERACTION-0101791,TICKET-005896,2026-08-01T03:26:21Z,customer,message,Initial report.
INTERACTION-0101792,TICKET-005896,2026-08-01T17:36:21Z,agent,message,"Thanks for getting in touch, taking a look now."
INTERACTION-0101793,TICKET-005897,2026-06-10T13:36:58Z,customer,message,Initial report.
INTERACTION-0101794,TICKET-005897,2026-06-10T20:03:58Z,agent,message,Sorry about this. I have found the charge and am looking into it.
INTERACTION-0101795,TICKET-005898,2026-08-24T01:31:59Z,customer,message,Initial report.
INTERACTION-0101796,TICKET-005898,2026-08-24T03:11:59Z,agent,message,"I can see the payment on our side, checking where it stopped."
INTERACTION-0101797,TICKET-005899,2026-06-18T04:40:29Z,customer,message,Initial report.
INTERACTION-0101798,TICKET-005899,2026-06-18T13:42:29Z,agent,message,I have blocked the card and ordered a replacement.
INTERACTION-0101799,TICKET-005900,2026-07-15T13:00:00Z,customer,message,Initial report.
INTERACTION-0101800,TICKET-005900,2026-07-16T03:19:00Z,agent,message,"I can see the payment on our side, checking where it stopped."
INTERACTION-0101801,TICKET-005901,2026-07-13T02:18:45Z,customer,message,Initial report.
INTERACTION-0101802,TICKET-005901,2026-07-13T03:24:45Z,agent,message,Sorry about this. I have found the charge and am looking into it.
INTERACTION-0101803,TICKET-005902,2026-07-27T07:58:22Z,customer,message,Initial report.
INTERACTION-0101804,TICKET-005902,2026-07-27T14:48:22Z,agent,message,I have passed this to the team that can see the detail.
INTERACTION-0101805,TICKET-005903,2026-07-12T08:50:31Z,customer,message,Initial report.
INTERACTION-0101806,TICKET-005903,2026-07-12T12:21:31Z,agent,message,I have passed this to the team that can see the detail.
INTERACTION-0101807,TICKET-005904,2026-07-16T23:34:38Z,customer,message,Initial report.
INTERACTION-0101808,TICKET-005904,2026-07-17T07:24:38Z,agent,message,"I can see the payment on our side, checking where it stopped."
INTERACTION-0101809,TICKET-005905,2026-08-27T04:57:28Z,customer,message,Initial report.
INTERACTION-0101810,TICKET-005905,2026-08-27T08:17:28Z,agent,message,"Thanks for getting in touch, taking a look now."
INTERACTION-0101811,TICKET-005906,2026-06-19T17:55:38Z,customer,message,Initial report.
INTERACTION-0101812,TICKET-005906,2026-06-20T04:09:38Z,portal,proposal_sent,First response.
INTERACTION-0101813,TICKET-005907,2026-07-16T19:04:47Z,customer,message,Initial report.
INTERACTION-0101814,TICKET-005907,2026-07-16T21:51:47Z,portal,proposal_sent,First response.
INTERACTION-0101815,TICKET-005908,2026-08-31T12:16:37Z,customer,message,Initial report.
INTERACTION-0101816,TICKET-005908,2026-08-31T12:24:37Z,agent,message,"Thanks for getting in touch, taking a look now."
INTERACTION-0101817,TICKET-005909,2026-08-15T08:16:10Z,customer,message,Initial report.
INTERACTION-0101818,TICKET-005909,2026-08-15T11:39:10Z,agent,message,I have blocked the card and ordered a replacement.
INTERACTION-0101819,TICKET-005910,2026-07-27T10:58:25Z,customer,message,Initial report.
INTERACTION-0101820,TICKET-005910,2026-07-27T16:46:25Z,agent,message,I have blocked the card and ordered a replacement.
INTERACTION-0101821,TICKET-005911,2026-06-24T21:07:56Z,customer,message,Initial report.
INTERACTION-0101822,TICKET-005911,2026-06-24T21:34:56Z,agent,message,I have passed this to the team that can see the detail.
INTERACTION-0101823,TICKET-005912,2026-08-28T06:45:20Z,customer,message,Initial report.
INTERACTION-0101824,TICKET-005912,2026-08-28T14:21:20Z,agent,message,I have passed this to the team that can see the detail.
INTERACTION-0101825,TICKET-005913,2026-08-31T06:29:31Z,customer,message,Initial report.
INTERACTION-0101826,TICKET-005913,2026-08-31T08:55:31Z,agent,message,"I can see the payment on our side, checking where it stopped."
INTERACTION-0101827,TICKET-005914,2026-07-30T23:58:42Z,customer,message,Initial report.
INTERACTION-0101828,TICKET-005914,2026-07-31T04:12:42Z,agent,message,"I can see the payment on our side, checking where it stopped."
INTERACTION-0101829,TICKET-005915,2026-07-01T17:02:57Z,customer,message,Initial report.
INTERACTION-0101830,TICKET-005915,2026-07-01T17:52:57Z,agent,message,"I can see the payment on our side, checking where it stopped."
INTERACTION-0101831,TICKET-005916,2026-08-21T18:47:09Z,customer,message,Initial report.
INTERACTION-0101832,TICKET-005916,2026-08-22T05:19:09Z,portal,proposal_sent,First response.
INTERACTION-0101833,TICKET-005917,2026-06-07T22:17:51Z,customer,message,Initial report.
INTERACTION-0101834,TICKET-005917,2026-06-08T08:29:51Z,agent,message,I have blocked the card and ordered a replacement.
INTERACTION-0101835,TICKET-005918,2026-07-08T17:21:22Z,customer,message,Initial report.
INTERACTION-0101836,TICKET-005918,2026-07-08T21:59:22Z,agent,message,"Thanks for getting in touch, taking a look now."
INTERACTION-0101837,TICKET-005919,2026-07-23T23:34:52Z,customer,message,Initial report.
INTERACTION-0101838,TICKET-005919,2026-07-23T23:57:52Z,agent,message,I have blocked the card and ordered a replacement.
INTERACTION-0101839,TICKET-005920,2026-07-07T01:46:02Z,customer,message,Initial report.
INTERACTION-0101840,TICKET-005920,2026-07-07T03:45:02Z,portal,proposal_sent,First response.
INTERACTION-0101841,TICKET-005921,2026-08-06T19:03:24Z,customer,message,Initial report.
INTERACTION-0101842,TICKET-005921,2026-08-06T19:18:24Z,agent,message,Sorry about this. I have found the charge and am looking into it.
INTERACTION-0101843,TICKET-005922,2026-08-09T03:23:13Z,customer,message,Initial report.
INTERACTION-0101844,TICKET-005922,2026-08-09T11:57:13Z,portal,proposal_sent,First response.
INTERACTION-0101845,TICKET-005923,2026-07-07T00:40:57Z,customer,message,Initial report.
INTERACTION-0101846,TICKET-005923,2026-07-07T06:48:57Z,portal,proposal_sent,First response.
INTERACTION-0101847,TICKET-005924,2026-07-07T17:27:56Z,customer,message,Initial report.
INTERACTION-0101848,TICKET-005924,2026-07-07T23:39:56Z,agent,message,"Thanks for getting in touch, taking a look now."
INTERACTION-0101849,TICKET-005925,2026-08-18T23:17:00Z,customer,message,Initial report.
INTERACTION-0101850,TICKET-005925,2026-08-19T02:17:00Z,agent,message,Sorry about this. I have found the charge and am looking into it.
INTERACTION-0101851,TICKET-005926,2026-07-17T09:27:51Z,customer,message,Initial report.
INTERACTION-0101852,TICKET-005926,2026-07-17T17:31:51Z,agent,message,Sorry about this. I have found the charge and am looking into it.
INTERACTION-0101853,TICKET-005927,2026-06-27T23:23:05Z,customer,message,Initial report.
INTERACTION-0101854,TICKET-005927,2026-06-28T00:51:05Z,portal,proposal_sent,First response.
INTERACTION-0101855,TICKET-005928,2026-06-27T06:54:30Z,customer,message,Initial report.
INTERACTION-0101856,TICKET-005928,2026-06-27T20:41:30Z,agent,message,"Thanks for getting in touch, taking a look now."
INTERACTION-0101857,TICKET-005929,2026-08-16T17:15:07Z,customer,message,Initial report.
INTERACTION-0101858,TICKET-005929,2026-08-16T18:40:07Z,portal,proposal_sent,First response.
INTERACTION-0101859,TICKET-005930,2026-07-03T17:31:38Z,customer,message,Initial report.
INTERACTION-0101860,TICKET-005930,2026-07-03T18:13:38Z,portal,proposal_sent,First response.
INTERACTION-0101861,TICKET-005931,2026-08-01T14:07:51Z,customer,message,Initial report.
INTERACTION-0101862,TICKET-005931,2026-08-02T04:41:51Z,agent,message,Sorry about this. I have found the charge and am looking into it.
INTERACTION-0101863,TICKET-005932,2026-06-14T16:10:27Z,customer,message,Initial report.
INTERACTION-0101864,TICKET-005932,2026-06-15T00:47:27Z,agent,message,"I can see the payment on our side, checking where it stopped."
INTERACTION-0101865,TICKET-005933,2026-08-24T15:01:14Z,customer,message,Initial report.
INTERACTION-0101866,TICKET-005933,2026-08-24T18:24:14Z,agent,message,I have passed this to the team that can see the detail.
INTERACTION-0101867,TICKET-005934,2026-08-21T14:27:48Z,customer,message,Initial report.
INTERACTION-0101868,TICKET-005934,2026-08-22T02:08:48Z,agent,message,I have blocked the card and ordered a replacement.
INTERACTION-0101869,TICKET-005935,2026-07-14T16:20:14Z,customer,message,Initial report.
INTERACTION-0101870,TICKET-005935,2026-07-15T03:31:14Z,portal,proposal_sent,First response.
INTERACTION-0101871,TICKET-005936,2026-06-14T07:14:58Z,customer,message,Initial report.
INTERACTION-0101872,TICKET-005936,2026-06-14T16:54:58Z,agent,message,"Thanks for getting in touch, taking a look now."
INTERACTION-0101873,TICKET-005937,2026-06-21T11:57:39Z,customer,message,Initial report.
INTERACTION-0101874,TICKET-005937,2026-06-21T12:37:39Z,portal,proposal_sent,First response.
INTERACTION-0101875,TICKET-005938,2026-06-18T04:45:35Z,customer,message,Initial report.
INTERACTION-0101876,TICKET-005938,2026-06-18T07:41:35Z,agent,message,"Thanks for getting in touch, taking a look now."
INTERACTION-0101877,TICKET-005939,2026-06-06T10:25:41Z,customer,message,Initial report.
INTERACTION-0101878,TICKET-005939,2026-06-06T16:59:41Z,agent,message,Sorry about this. I have found the charge and am looking into it.
INTERACTION-0101879,TICKET-005940,2026-06-11T14:53:35Z,customer,message,Initial report.
INTERACTION-0101880,TICKET-005940,2026-06-12T01:04:35Z,agent,message,"I can see the payment on our side, checking where it stopped."
INTERACTION-0101881,TICKET-005941,2026-07-21T09:19:43Z,customer,message,Initial report.
INTERACTION-0101882,TICKET-005941,2026-07-21T20:01:43Z,agent,message,"Thanks for getting in touch, taking a look now."
INTERACTION-0101883,TICKET-005942,2026-06-10T18:36:56Z,customer,message,Initial report.
INTERACTION-0101884,TICKET-005942,2026-06-11T00:57:56Z,agent,message,I have blocked the card and ordered a replacement.
INTERACTION-0101885,TICKET-005943,2026-07-12T16:40:53Z,customer,message,Initial report.
INTERACTION-0101886,TICKET-005943,2026-07-12T22:12:53Z,agent,message,"Thanks for getting in touch, taking a look now."
INTERACTION-0101887,TICKET-005944,2026-06-14T14:29:36Z,customer,message,Initial report.
INTERACTION-0101888,TICKET-005944,2026-06-15T03:55:36Z,agent,message,I have passed this to the team that can see the detail.
INTERACTION-0101889,TICKET-005945,2026-06-18T11:48:20Z,customer,message,Initial report.
INTERACTION-0101890,TICKET-005945,2026-06-18T22:21:20Z,agent,message,"I can see the payment on our side, checking where it stopped."
INTERACTION-0101891,TICKET-005946,2026-08-02T19:33:50Z,customer,message,Initial report.
INTERACTION-0101892,TICKET-005946,2026-08-03T04:46:50Z,agent,message,I have blocked the card and ordered a replacement.
INTERACTION-0101893,TICKET-005947,2026-08-15T20:54:29Z,customer,message,Initial report.
INTERACTION-0101894,TICKET-005947,2026-08-16T06:52:29Z,agent,message,Sorry about this. I have found the charge and am looking into it.
INTERACTION-0101895,TICKET-005948,2026-07-08T04:43:36Z,customer,message,Initial report.
INTERACTION-0101896,TICKET-005948,2026-07-08T13:20:36Z,agent,message,"I can see the payment on our side, checking where it stopped."
INTERACTION-0101897,TICKET-005949,2026-07-16T09:57:26Z,customer,message,Initial report.
INTERACTION-0101898,TICKET-005949,2026-07-16T20:46:26Z,portal,proposal_sent,First response.
INTERACTION-0101899,TICKET-005950,2026-06-27T12:59:51Z,customer,message,Initial report.
INTERACTION-0101900,TICKET-005950,2026-06-27T17:10:51Z,portal,proposal_sent,First response.
INTERACTION-0101901,TICKET-005951,2026-07-19T04:39:35Z,customer,message,Initial report.
INTERACTION-0101902,TICKET-005951,2026-07-19T19:17:35Z,agent,message,"I can see the payment on our side, checking where it stopped."
INTERACTION-0101903,TICKET-005952,2026-08-03T19:51:00Z,customer,message,Initial report.
INTERACTION-0101904,TICKET-005952,2026-08-03T22:54:00Z,portal,proposal_sent,First response.
INTERACTION-0101905,TICKET-005953,2026-06-29T02:49:32Z,customer,message,Initial report.
INTERACTION-0101906,TICKET-005953,2026-06-29T09:07:32Z,agent,message,I have passed this to the team that can see the detail.
INTERACTION-0101907,TICKET-005954,2026-07-03T01:01:01Z,customer,message,Initial report.
INTERACTION-0101908,TICKET-005954,2026-07-03T14:47:01Z,agent,message,"I can see the payment on our side, checking where it stopped."
INTERACTION-0101909,TICKET-005955,2026-08-25T23:17:34Z,customer,message,Initial report.
INTERACTION-0101910,TICKET-005955,2026-08-26T06:33:34Z,agent,message,"I can see the payment on our side, checking where it stopped."
INTERACTION-0101911,TICKET-005956,2026-08-15T02:45:14Z,customer,message,Initial report.
INTERACTION-0101912,TICKET-005956,2026-08-15T04:57:14Z,agent,message,I have blocked the card and ordered a replacement.
INTERACTION-0101913,TICKET-005957,2026-08-18T23:50:22Z,customer,message,Initial report.
INTERACTION-0101914,TICKET-005957,2026-08-19T14:02:22Z,agent,message,I have passed this to the team that can see the detail.
INTERACTION-0101915,TICKET-005958,2026-06-04T19:12:10Z,customer,message,Initial report.
INTERACTION-0101916,TICKET-005958,2026-06-05T03:13:10Z,portal,proposal_sent,First response.
INTERACTION-0101917,TICKET-005959,2026-06-03T06:23:04Z,customer,message,Initial report.
INTERACTION-0101918,TICKET-005959,2026-06-03T17:05:04Z,agent,message,"Thanks for getting in touch, taking a look now."
INTERACTION-0101919,TICKET-005960,2026-06-08T05:08:54Z,customer,message,Initial report.
INTERACTION-0101920,TICKET-005960,2026-06-08T14:45:54Z,agent,message,Sorry about this. I have found the charge and am looking into it.
INTERACTION-0101921,TICKET-005961,2026-07-11T09:10:15Z,customer,message,Initial report.
INTERACTION-0101922,TICKET-005961,2026-07-11T22:45:15Z,portal,proposal_sent,First response.
INTERACTION-0101923,TICKET-005962,2026-07-15T00:55:55Z,customer,message,Initial report.
INTERACTION-0101924,TICKET-005962,2026-07-15T04:55:55Z,agent,message,I have passed this to the team that can see the detail.
INTERACTION-0101925,TICKET-005963,2026-07-23T02:17:38Z,customer,message,Initial report.
INTERACTION-0101926,TICKET-005963,2026-07-23T12:51:38Z,portal,proposal_sent,First response.
INTERACTION-0101927,TICKET-005964,2026-06-28T03:07:43Z,customer,message,Initial report.
INTERACTION-0101928,TICKET-005964,2026-06-28T05:24:43Z,portal,proposal_sent,First response.
INTERACTION-0101929,TICKET-005965,2026-07-13T21:14:32Z,customer,message,Initial report.
INTERACTION-0101930,TICKET-005965,2026-07-14T05:48:32Z,portal,proposal_sent,First response.
INTERACTION-0101931,TICKET-005966,2026-08-01T15:35:51Z,customer,message,Initial report.
INTERACTION-0101932,TICKET-005966,2026-08-01T19:25:51Z,agent,message,I have passed this to the team that can see the detail.
INTERACTION-0101933,TICKET-005967,2026-06-29T02:15:53Z,customer,message,Initial report.
INTERACTION-0101934,TICKET-005967,2026-06-29T14:20:53Z,agent,message,I have blocked the card and ordered a replacement.
INTERACTION-0101935,TICKET-005968,2026-08-28T22:55:58Z,customer,message,Initial report.
INTERACTION-0101936,TICKET-005968,2026-08-29T10:21:58Z,agent,message,"I can see the payment on our side, checking where it stopped."
INTERACTION-0101937,TICKET-005969,2026-07-30T13:27:34Z,customer,message,Initial report.
INTERACTION-0101938,TICKET-005969,2026-07-31T04:24:34Z,portal,proposal_sent,First response.
INTERACTION-0101939,TICKET-005970,2026-07-02T05:39:39Z,customer,message,Initial report.
INTERACTION-0101940,TICKET-005970,2026-07-02T13:10:39Z,agent,message,I have blocked the card and ordered a replacement.
INTERACTION-0101941,TICKET-005971,2026-08-15T05:48:41Z,customer,message,Initial report.
INTERACTION-0101942,TICKET-005971,2026-08-15T07:52:41Z,agent,message,"Thanks for getting in touch, taking a look now."
INTERACTION-0101943,TICKET-005972,2026-07-10T08:21:49Z,customer,message,Initial report.
INTERACTION-0101944,TICKET-005972,2026-07-10T14:59:49Z,portal,proposal_sent,First response.
INTERACTION-0101945,TICKET-005973,2026-08-25T04:20:42Z,customer,message,Initial report.
INTERACTION-0101946,TICKET-005973,2026-08-25T11:08:42Z,portal,proposal_sent,First response.
INTERACTION-0101947,TICKET-005974,2026-08-09T15:21:43Z,customer,message,Initial report.
INTERACTION-0101948,TICKET-005974,2026-08-10T03:56:43Z,portal,proposal_sent,First response.
INTERACTION-0101949,TICKET-005975,2026-07-27T04:37:25Z,customer,message,Initial report.
INTERACTION-0101950,TICKET-005975,2026-07-27T12:42:25Z,agent,message,Sorry about this. I have found the charge and am looking into it.
INTERACTION-0101951,TICKET-005976,2026-08-06T22:45:21Z,customer,message,Initial report.
INTERACTION-0101952,TICKET-005976,2026-08-07T09:59:21Z,portal,proposal_sent,First response.
INTERACTION-0101953,TICKET-005977,2026-08-06T19:37:21Z,customer,message,Initial report.
INTERACTION-0101954,TICKET-005977,2026-08-07T09:17:21Z,agent,message,I have passed this to the team that can see the detail.
INTERACTION-0101955,TICKET-005978,2026-06-24T19:19:20Z,customer,message,Initial report.
INTERACTION-0101956,TICKET-005978,2026-06-25T09:35:20Z,agent,message,Sorry about this. I have found the charge and am looking into it.
INTERACTION-0101957,TICKET-005979,2026-07-20T23:14:41Z,customer,message,Initial report.
INTERACTION-0101958,TICKET-005979,2026-07-21T10:56:41Z,agent,message,Sorry about this. I have found the charge and am looking into it.
INTERACTION-0101959,TICKET-005980,2026-07-12T16:37:09Z,customer,message,Initial report.
INTERACTION-0101960,TICKET-005980,2026-07-12T17:59:09Z,agent,message,"Thanks for getting in touch, taking a look now."
INTERACTION-0101961,TICKET-005981,2026-07-05T20:40:59Z,customer,message,Initial report.
INTERACTION-0101962,TICKET-005981,2026-07-06T02:03:59Z,agent,message,"Thanks for getting in touch, taking a look now."
INTERACTION-0101963,TICKET-005982,2026-06-11T03:16:13Z,customer,message,Initial report.
INTERACTION-0101964,TICKET-005982,2026-06-11T17:33:13Z,agent,message,"Thanks for getting in touch, taking a look now."
INTERACTION-0101965,TICKET-005983,2026-06-24T19:28:00Z,customer,message,Initial report.
INTERACTION-0101966,TICKET-005983,2026-06-25T04:12:00Z,portal,proposal_sent,First response.
INTERACTION-0101967,TICKET-005984,2026-07-31T10:27:46Z,customer,message,Initial report.
INTERACTION-0101968,TICKET-005984,2026-07-31T20:03:46Z,agent,message,I have blocked the card and ordered a replacement.
INTERACTION-0101969,TICKET-005985,2026-07-02T03:01:29Z,customer,message,Initial report.
INTERACTION-0101970,TICKET-005985,2026-07-02T11:41:29Z,agent,message,"I can see the payment on our side, checking where it stopped."
INTERACTION-0101971,TICKET-005986,2026-08-06T15:33:23Z,customer,message,Initial report.
INTERACTION-0101972,TICKET-005986,2026-08-06T21:30:23Z,portal,proposal_sent,First response.
INTERACTION-0101973,TICKET-005987,2026-07-04T11:56:44Z,customer,message,Initial report.
INTERACTION-0101974,TICKET-005987,2026-07-04T15:52:44Z,agent,message,I have passed this to the team that can see the detail.
INTERACTION-0101975,TICKET-005988,2026-07-03T00:42:05Z,customer,message,Initial report.
INTERACTION-0101976,TICKET-005988,2026-07-03T02:29:05Z,agent,message,I have blocked the card and ordered a replacement.
INTERACTION-0101977,TICKET-005989,2026-08-08T07:04:39Z,customer,message,Initial report.
INTERACTION-0101978,TICKET-005989,2026-08-08T07:30:39Z,agent,message,I have blocked the card and ordered a replacement.
INTERACTION-0101979,TICKET-005990,2026-08-05T04:18:38Z,customer,message,Initial report.
INTERACTION-0101980,TICKET-005990,2026-08-05T05:32:38Z,agent,message,Sorry about this. I have found the charge and am looking into it.
INTERACTION-0101981,TICKET-005991,2026-07-05T18:07:58Z,customer,message,Initial report.
INTERACTION-0101982,TICKET-005991,2026-07-06T01:45:58Z,agent,message,Sorry about this. I have found the charge and am looking into it.
INTERACTION-0101983,TICKET-005992,2026-06-25T13:44:01Z,customer,message,Initial report.
INTERACTION-0101984,TICKET-005992,2026-06-25T23:33:01Z,agent,message,"I can see the payment on our side, checking where it stopped."
INTERACTION-0101985,TICKET-005993,2026-08-04T02:46:34Z,customer,message,Initial report.
INTERACTION-0101986,TICKET-005993,2026-08-04T06:01:34Z,agent,message,I have blocked the card and ordered a replacement.
INTERACTION-0101987,TICKET-005994,2026-07-17T19:28:40Z,customer,message,Initial report.
INTERACTION-0101988,TICKET-005994,2026-07-18T02:53:40Z,agent,message,"Thanks for getting in touch, taking a look now."
INTERACTION-0101989,TICKET-005995,2026-08-08T10:24:40Z,customer,message,Initial report.
INTERACTION-0101990,TICKET-005995,2026-08-08T22:32:40Z,agent,message,"Thanks for getting in touch, taking a look now."
INTERACTION-0101991,TICKET-005996,2026-08-22T02:57:40Z,customer,message,Initial report.
INTERACTION-0101992,TICKET-005996,2026-08-22T08:26:40Z,agent,message,"I can see the payment on our side, checking where it stopped."
INTERACTION-0101993,TICKET-005997,2026-07-05T01:20:29Z,customer,message,Initial report.
INTERACTION-0101994,TICKET-005997,2026-07-05T02:52:29Z,agent,message,"Thanks for getting in touch, taking a look now."
INTERACTION-0101995,TICKET-005998,2026-07-06T16:56:49Z,customer,message,Initial report.
INTERACTION-0101996,TICKET-005998,2026-07-06T20:02:49Z,agent,message,"I can see the payment on our side, checking where it stopped."
INTERACTION-0101997,TICKET-005999,2026-07-26T11:17:07Z,customer,message,Initial report.
INTERACTION-0101998,TICKET-005999,2026-07-26T14:47:07Z,portal,proposal_sent,First response.
INTERACTION-0101999,TICKET-006000,2026-07-25T12:22:52Z,customer,message,Initial report.
INTERACTION-0102000,TICKET-006000,2026-07-25T15:49:52Z,portal,proposal_sent,First response.
INTERACTION-0102001,TICKET-006001,2026-06-25T03:35:53Z,customer,message,Initial report.
INTERACTION-0102002,TICKET-006001,2026-06-25T16:52:53Z,agent,message,"Thanks for getting in touch, taking a look now."
INTERACTION-0102003,TICKET-006002,2026-08-29T02:06:06Z,customer,message,Initial report.
INTERACTION-0102004,TICKET-006002,2026-08-29T15:48:06Z,agent,message,"I can see the payment on our side, checking where it stopped."
INTERACTION-0102005,TICKET-006003,2026-06-12T04:03:19Z,customer,message,Initial report.
INTERACTION-0102006,TICKET-006003,2026-06-12T04:53:19Z,agent,message,"Thanks for getting in touch, taking a look now."
INTERACTION-0102007,TICKET-006004,2026-07-26T12:57:32Z,customer,message,Initial report.
INTERACTION-0102008,TICKET-006004,2026-07-26T15:51:32Z,agent,message,I have blocked the card and ordered a replacement.
INTERACTION-0102009,TICKET-006005,2026-07-13T11:50:16Z,customer,message,Initial report.
INTERACTION-0102010,TICKET-006005,2026-07-13T23:45:16Z,agent,message,Sorry about this. I have found the charge and am looking into it.
INTERACTION-0102011,TICKET-006006,2026-08-16T02:25:47Z,customer,message,Initial report.
INTERACTION-0102012,TICKET-006006,2026-08-16T11:04:47Z,agent,message,I have passed this to the team that can see the detail.
INTERACTION-0102013,TICKET-006007,2026-06-08T08:34:43Z,customer,message,Initial report.
INTERACTION-0102014,TICKET-006007,2026-06-08T19:35:43Z,agent,message,"Thanks for getting in touch, taking a look now."
INTERACTION-0102015,TICKET-006008,2026-08-25T13:16:22Z,customer,message,Initial report.
INTERACTION-0102016,TICKET-006008,2026-08-25T18:37:22Z,agent,message,"Thanks for getting in touch, taking a look now."
INTERACTION-0102017,TICKET-006009,2026-08-27T12:43:21Z,customer,message,Initial report.
INTERACTION-0102018,TICKET-006009,2026-08-27T16:23:21Z,agent,message,Sorry about this. I have found the charge and am looking into it.
INTERACTION-0102019,TICKET-006010,2026-06-26T14:00:27Z,customer,message,Initial report.
INTERACTION-0102020,TICKET-006010,2026-06-27T01:55:27Z,portal,proposal_sent,First response.
INTERACTION-0102021,TICKET-006011,2026-06-30T02:17:10Z,customer,message,Initial report.
INTERACTION-0102022,TICKET-006011,2026-06-30T14:54:10Z,agent,message,I have blocked the card and ordered a replacement.
INTERACTION-0102023,TICKET-006012,2026-06-10T09:15:45Z,customer,message,Initial report.
INTERACTION-0102024,TICKET-006012,2026-06-10T19:23:45Z,agent,message,Sorry about this. I have found the charge and am looking into it.
INTERACTION-0102025,TICKET-006013,2026-07-31T11:24:12Z,customer,message,Initial report.
INTERACTION-0102026,TICKET-006013,2026-07-31T20:37:12Z,agent,message,I have passed this to the team that can see the detail.
INTERACTION-0102027,TICKET-006014,2026-07-13T07:27:04Z,customer,message,Initial report.
INTERACTION-0102028,TICKET-006014,2026-07-13T18:18:04Z,agent,message,I have blocked the card and ordered a replacement.
INTERACTION-0102029,TICKET-006015,2026-06-02T17:54:24Z,customer,message,Initial report.
INTERACTION-0102030,TICKET-006015,2026-06-03T00:34:24Z,agent,message,"I can see the payment on our side, checking where it stopped."
INTERACTION-0102031,TICKET-006016,2026-07-26T18:54:30Z,customer,message,Initial report.
INTERACTION-0102032,TICKET-006016,2026-07-27T02:03:30Z,portal,proposal_sent,First response.
INTERACTION-0102033,TICKET-006017,2026-07-02T01:20:32Z,customer,message,Initial report.
INTERACTION-0102034,TICKET-006017,2026-07-02T09:19:32Z,portal,proposal_sent,First response.
INTERACTION-0102035,TICKET-006018,2026-07-25T16:09:57Z,customer,message,Initial report.
INTERACTION-0102036,TICKET-006018,2026-07-25T23:06:57Z,agent,message,Sorry about this. I have found the charge and am looking into it.
INTERACTION-0102037,TICKET-006019,2026-06-03T22:04:33Z,customer,message,Initial report.
INTERACTION-0102038,TICKET-006019,2026-06-04T03:13:33Z,portal,proposal_sent,First response.
INTERACTION-0102039,TICKET-006020,2026-08-03T11:58:44Z,customer,message,Initial report.
INTERACTION-0102040,TICKET-006020,2026-08-03T16:35:44Z,agent,message,"Thanks for getting in touch, taking a look now."
INTERACTION-0102041,TICKET-006021,2026-07-30T04:44:15Z,customer,message,Initial report.
INTERACTION-0102042,TICKET-006021,2026-07-30T16:05:15Z,portal,proposal_sent,First response.
INTERACTION-0102043,TICKET-006022,2026-07-18T11:38:53Z,customer,message,Initial report.
INTERACTION-0102044,TICKET-006022,2026-07-18T16:12:53Z,portal,proposal_sent,First response.
INTERACTION-0102045,TICKET-006023,2026-06-19T11:47:18Z,customer,message,Initial report.
INTERACTION-0102046,TICKET-006023,2026-06-19T19:44:18Z,agent,message,I have blocked the card and ordered a replacement.
INTERACTION-0102047,TICKET-006024,2026-08-31T00:17:28Z,customer,message,Initial report.
INTERACTION-0102048,TICKET-006024,2026-08-31T01:34:28Z,agent,message,Sorry about this. I have found the charge and am looking into it.
INTERACTION-0102049,TICKET-006025,2026-07-07T11:01:58Z,customer,message,Initial report.
INTERACTION-0102050,TICKET-006025,2026-07-07T20:32:58Z,portal,proposal_sent,First response.
INTERACTION-0102051,TICKET-006026,2026-07-25T16:33:49Z,customer,message,Initial report.
INTERACTION-0102052,TICKET-006026,2026-07-26T07:09:49Z,agent,message,I have passed this to the team that can see the detail.
INTERACTION-0102053,TICKET-006027,2026-08-17T11:13:05Z,customer,message,Initial report.
INTERACTION-0102054,TICKET-006027,2026-08-17T12:26:05Z,portal,proposal_sent,First response.
INTERACTION-0102055,TICKET-006028,2026-08-14T08:12:29Z,customer,message,Initial report.
INTERACTION-0102056,TICKET-006028,2026-08-14T14:27:29Z,agent,message,I have passed this to the team that can see the detail.
INTERACTION-0102057,TICKET-006029,2026-07-28T06:51:23Z,customer,message,Initial report.
INTERACTION-0102058,TICKET-006029,2026-07-28T08:15:23Z,agent,message,I have blocked the card and ordered a replacement.
INTERACTION-0102059,TICKET-006030,2026-06-22T15:43:06Z,customer,message,Initial report.
INTERACTION-0102060,TICKET-006030,2026-06-22T18:44:06Z,portal,proposal_sent,First response.
INTERACTION-0102061,TICKET-006031,2026-06-14T08:33:36Z,customer,message,Initial report.
INTERACTION-0102062,TICKET-006031,2026-06-14T14:29:36Z,portal,proposal_sent,First response.
INTERACTION-0102063,TICKET-006032,2026-07-12T22:12:29Z,customer,message,Initial report.
INTERACTION-0102064,TICKET-006032,2026-07-13T11:53:29Z,agent,message,"I can see the payment on our side, checking where it stopped."
INTERACTION-0102065,TICKET-006033,2026-08-10T01:51:53Z,customer,message,Initial report.
INTERACTION-0102066,TICKET-006033,2026-08-10T16:15:53Z,agent,message,"I can see the payment on our side, checking where it stopped."
INTERACTION-0102067,TICKET-006034,2026-06-18T20:20:34Z,customer,message,Initial report.
INTERACTION-0102068,TICKET-006034,2026-06-18T21:26:34Z,agent,message,Sorry about this. I have found the charge and am looking into it.
INTERACTION-0102069,TICKET-006035,2026-08-31T06:32:03Z,customer,message,Initial report.
INTERACTION-0102070,TICKET-006035,2026-08-31T20:38:03Z,agent,message,"I can see the payment on our side, checking where it stopped."
INTERACTION-0102071,TICKET-006036,2026-06-29T07:21:36Z,customer,message,Initial report.
INTERACTION-0102072,TICKET-006036,2026-06-29T07:42:36Z,portal,proposal_sent,First response.
INTERACTION-0102073,TICKET-006037,2026-08-25T20:33:00Z,customer,message,Initial report.
INTERACTION-0102074,TICKET-006037,2026-08-26T02:29:00Z,agent,message,"Thanks for getting in touch, taking a look now."
INTERACTION-0102075,TICKET-006038,2026-08-14T10:21:13Z,customer,message,Initial report.
INTERACTION-0102076,TICKET-006038,2026-08-14T14:49:13Z,agent,message,I have passed this to the team that can see the detail.
INTERACTION-0102077,TICKET-006039,2026-06-11T00:00:57Z,customer,message,Initial report.
INTERACTION-0102078,TICKET-006039,2026-06-11T10:56:57Z,portal,proposal_sent,First response.
INTERACTION-0102079,TICKET-006040,2026-06-24T11:36:06Z,customer,message,Initial report.
INTERACTION-0102080,TICKET-006040,2026-06-24T19:26:06Z,agent,message,"I can see the payment on our side, checking where it stopped."
INTERACTION-0102081,TICKET-006041,2026-08-23T06:17:26Z,customer,message,Initial report.
INTERACTION-0102082,TICKET-006041,2026-08-23T08:19:26Z,portal,proposal_sent,First response.
INTERACTION-0102083,TICKET-006042,2026-08-04T09:19:46Z,customer,message,Initial report.
INTERACTION-0102084,TICKET-006042,2026-08-04T10:22:46Z,agent,message,I have blocked the card and ordered a replacement.
INTERACTION-0102085,TICKET-006043,2026-06-17T16:39:36Z,customer,message,Initial report.
INTERACTION-0102086,TICKET-006043,2026-06-18T06:07:36Z,portal,proposal_sent,First response.
INTERACTION-0102087,TICKET-006044,2026-08-22T11:15:15Z,customer,message,Initial report.
INTERACTION-0102088,TICKET-006044,2026-08-22T11:48:15Z,agent,message,Sorry about this. I have found the charge and am looking into it.
INTERACTION-0102089,TICKET-006045,2026-08-21T03:37:55Z,customer,message,Initial report.
INTERACTION-0102090,TICKET-006045,2026-08-21T14:30:55Z,portal,proposal_sent,First response.
INTERACTION-0102091,TICKET-006046,2026-06-16T17:55:12Z,customer,message,Initial report.
INTERACTION-0102092,TICKET-006046,2026-06-17T04:37:12Z,agent,message,I have passed this to the team that can see the detail.
INTERACTION-0102093,TICKET-006047,2026-08-02T14:20:50Z,customer,message,Initial report.
INTERACTION-0102094,TICKET-006047,2026-08-02T23:52:50Z,agent,message,Sorry about this. I have found the charge and am looking into it.
INTERACTION-0102095,TICKET-006048,2026-07-29T11:37:07Z,customer,message,Initial report.
INTERACTION-0102096,TICKET-006048,2026-07-30T01:29:07Z,agent,message,"Thanks for getting in touch, taking a look now."
INTERACTION-0102097,TICKET-006049,2026-07-01T16:25:49Z,customer,message,Initial report.
INTERACTION-0102098,TICKET-006049,2026-07-02T00:53:49Z,agent,message,"Thanks for getting in touch, taking a look now."
INTERACTION-0102099,TICKET-006050,2026-08-21T05:54:32Z,customer,message,Initial report.
INTERACTION-0102100,TICKET-006050,2026-08-21T06:23:32Z,agent,message,I have passed this to the team that can see the detail.
INTERACTION-0102101,TICKET-006051,2026-06-17T13:02:19Z,customer,message,Initial report.
INTERACTION-0102102,TICKET-006051,2026-06-17T20:20:19Z,agent,message,I have passed this to the team that can see the detail.
INTERACTION-0102103,TICKET-006052,2026-06-21T04:15:25Z,customer,message,Initial report.
INTERACTION-0102104,TICKET-006052,2026-06-21T08:40:25Z,portal,proposal_sent,First response.
INTERACTION-0102105,TICKET-006053,2026-07-05T20:04:20Z,customer,message,Initial report.
INTERACTION-0102106,TICKET-006053,2026-07-05T23:02:20Z,agent,message,"I can see the payment on our side, checking where it stopped."
INTERACTION-0102107,TICKET-006054,2026-07-22T06:14:01Z,customer,message,Initial report.
INTERACTION-0102108,TICKET-006054,2026-07-22T11:21:01Z,agent,message,"Thanks for getting in touch, taking a look now."
INTERACTION-0102109,TICKET-006055,2026-07-26T07:22:15Z,customer,message,Initial report.
INTERACTION-0102110,TICKET-006055,2026-07-26T19:45:15Z,agent,message,Sorry about this. I have found the charge and am looking into it.
INTERACTION-0102111,TICKET-006056,2026-07-07T09:25:57Z,customer,message,Initial report.
INTERACTION-0102112,TICKET-006056,2026-07-07T22:08:57Z,agent,message,"I can see the payment on our side, checking where it stopped."
INTERACTION-0102113,TICKET-006057,2026-08-25T23:36:53Z,customer,message,Initial report.
INTERACTION-0102114,TICKET-006057,2026-08-26T06:01:53Z,agent,message,I have blocked the card and ordered a replacement.
INTERACTION-0102115,TICKET-006058,2026-08-19T22:15:35Z,customer,message,Initial report.
INTERACTION-0102116,TICKET-006058,2026-08-20T02:07:35Z,agent,message,"I can see the payment on our side, checking where it stopped."
INTERACTION-0102117,TICKET-006059,2026-08-02T12:23:17Z,customer,message,Initial report.
INTERACTION-0102118,TICKET-006059,2026-08-02T18:53:17Z,portal,proposal_sent,First response.
INTERACTION-0102119,TICKET-006060,2026-08-02T05:36:36Z,customer,message,Initial report.
INTERACTION-0102120,TICKET-006060,2026-08-02T12:24:36Z,portal,proposal_sent,First response.
INTERACTION-0102121,TICKET-006061,2026-08-07T12:01:39Z,customer,message,Initial report.
INTERACTION-0102122,TICKET-006061,2026-08-07T20:26:39Z,portal,proposal_sent,First response.
INTERACTION-0102123,TICKET-006062,2026-08-07T12:49:10Z,customer,message,Initial report.
INTERACTION-0102124,TICKET-006062,2026-08-08T03:06:10Z,agent,message,"Thanks for getting in touch, taking a look now."
INTERACTION-0102125,TICKET-006063,2026-07-05T19:49:23Z,customer,message,Initial report.
INTERACTION-0102126,TICKET-006063,2026-07-06T07:43:23Z,agent,message,"I can see the payment on our side, checking where it stopped."
INTERACTION-0102127,TICKET-006064,2026-08-28T15:32:26Z,customer,message,Initial report.
INTERACTION-0102128,TICKET-006064,2026-08-29T04:49:26Z,agent,message,"Thanks for getting in touch, taking a look now."
INTERACTION-0102129,TICKET-006065,2026-06-06T08:14:56Z,customer,message,Initial report.
INTERACTION-0102130,TICKET-006065,2026-06-06T15:24:56Z,portal,proposal_sent,First response.
INTERACTION-0102131,TICKET-006066,2026-07-10T23:17:40Z,customer,message,Initial report.
INTERACTION-0102132,TICKET-006066,2026-07-11T00:29:40Z,agent,message,Sorry about this. I have found the charge and am looking into it.
INTERACTION-0102133,TICKET-006067,2026-08-04T01:05:53Z,customer,message,Initial report.
INTERACTION-0102134,TICKET-006067,2026-08-04T02:27:53Z,agent,message,Sorry about this. I have found the charge and am looking into it.
INTERACTION-0102135,TICKET-006068,2026-06-16T03:54:30Z,customer,message,Initial report.
INTERACTION-0102136,TICKET-006068,2026-06-16T14:23:30Z,agent,message,Sorry about this. I have found the charge and am looking into it.
INTERACTION-0102137,TICKET-006069,2026-07-20T11:18:06Z,customer,message,Initial report.
INTERACTION-0102138,TICKET-006069,2026-07-21T02:07:06Z,agent,message,I have blocked the card and ordered a replacement.
INTERACTION-0102139,TICKET-006070,2026-07-21T10:17:26Z,customer,message,Initial report.
INTERACTION-0102140,TICKET-006070,2026-07-22T00:34:26Z,agent,message,I have blocked the card and ordered a replacement.
INTERACTION-0102141,TICKET-006071,2026-08-08T02:26:01Z,customer,message,Initial report.
INTERACTION-0102142,TICKET-006071,2026-08-08T03:57:01Z,agent,message,I have passed this to the team that can see the detail.
INTERACTION-0102143,TICKET-006072,2026-06-17T15:07:03Z,customer,message,Initial report.
INTERACTION-0102144,TICKET-006072,2026-06-17T16:04:03Z,agent,message,I have blocked the card and ordered a replacement.
INTERACTION-0102145,TICKET-006073,2026-07-25T05:01:03Z,customer,message,Initial report.
INTERACTION-0102146,TICKET-006073,2026-07-25T19:55:03Z,portal,proposal_sent,First response.
INTERACTION-0102147,TICKET-006074,2026-08-19T16:52:03Z,customer,message,Initial report.
INTERACTION-0102148,TICKET-006074,2026-08-20T01:58:03Z,agent,message,"Thanks for getting in touch, taking a look now."
INTERACTION-0102149,TICKET-006075,2026-08-16T14:49:33Z,customer,message,Initial report.
INTERACTION-0102150,TICKET-006075,2026-08-17T02:35:33Z,agent,message,"Thanks for getting in touch, taking a look now."
INTERACTION-0102151,TICKET-006076,2026-08-10T11:58:22Z,customer,message,Initial report.
INTERACTION-0102152,TICKET-006076,2026-08-11T01:28:22Z,agent,message,"I can see the payment on our side, checking where it stopped."
INTERACTION-0102153,TICKET-006077,2026-08-27T17:47:31Z,customer,message,Initial report.
INTERACTION-0102154,TICKET-006077,2026-08-28T06:18:31Z,portal,proposal_sent,First response.
INTERACTION-0102155,TICKET-006078,2026-07-12T06:06:53Z,customer,message,Initial report.
INTERACTION-0102156,TICKET-006078,2026-07-12T11:23:53Z,portal,proposal_sent,First response.
INTERACTION-0102157,TICKET-006079,2026-08-20T08:19:21Z,customer,message,Initial report.
INTERACTION-0102158,TICKET-006079,2026-08-20T09:37:21Z,agent,message,"I can see the payment on our side, checking where it stopped."
INTERACTION-0102159,TICKET-006080,2026-06-10T05:22:57Z,customer,message,Initial report.
INTERACTION-0102160,TICKET-006080,2026-06-10T10:54:57Z,agent,message,"I can see the payment on our side, checking where it stopped."
INTERACTION-0102161,TICKET-006081,2026-07-10T00:14:15Z,customer,message,Initial report.
INTERACTION-0102162,TICKET-006081,2026-07-10T02:08:15Z,agent,message,"Thanks for getting in touch, taking a look now."
INTERACTION-0102163,TICKET-006082,2026-07-21T12:35:47Z,customer,message,Initial report.
INTERACTION-0102164,TICKET-006082,2026-07-21T21:18:47Z,agent,message,I have blocked the card and ordered a replacement.
INTERACTION-0102165,TICKET-006083,2026-08-28T11:22:34Z,customer,message,Initial report.
INTERACTION-0102166,TICKET-006083,2026-08-28T15:14:34Z,portal,proposal_sent,First response.
INTERACTION-0102167,TICKET-006084,2026-07-29T09:21:38Z,customer,message,Initial report.
INTERACTION-0102168,TICKET-006084,2026-07-29T17:09:38Z,agent,message,Sorry about this. I have found the charge and am looking into it.
INTERACTION-0102169,TICKET-006085,2026-08-12T00:59:12Z,customer,message,Initial report.
INTERACTION-0102170,TICKET-006085,2026-08-12T13:26:12Z,agent,message,"Thanks for getting in touch, taking a look now."
INTERACTION-0102171,TICKET-006086,2026-06-09T02:46:59Z,customer,message,Initial report.
INTERACTION-0102172,TICKET-006086,2026-06-09T07:48:59Z,agent,message,"I can see the payment on our side, checking where it stopped."
INTERACTION-0102173,TICKET-006087,2026-06-27T04:05:53Z,customer,message,Initial report.
INTERACTION-0102174,TICKET-006087,2026-06-27T08:45:53Z,agent,message,"Thanks for getting in touch, taking a look now."
INTERACTION-0102175,TICKET-006088,2026-07-07T01:01:15Z,customer,message,Initial report.
INTERACTION-0102176,TICKET-006088,2026-07-07T05:03:15Z,portal,proposal_sent,First response.
INTERACTION-0102177,TICKET-006089,2026-07-17T22:32:28Z,customer,message,Initial report.
INTERACTION-0102178,TICKET-006089,2026-07-18T01:50:28Z,agent,message,"I can see the payment on our side, checking where it stopped."
INTERACTION-0102179,TICKET-006090,2026-07-06T06:47:02Z,customer,message,Initial report.
INTERACTION-0102180,TICKET-006090,2026-07-06T06:54:02Z,agent,message,Sorry about this. I have found the charge and am looking into it.
INTERACTION-0102181,TICKET-006091,2026-06-21T17:01:55Z,customer,message,Initial report.
INTERACTION-0102182,TICKET-006091,2026-06-22T00:45:55Z,portal,proposal_sent,First response.
INTERACTION-0102183,TICKET-006092,2026-07-12T22:47:26Z,customer,message,Initial report.
INTERACTION-0102184,TICKET-006092,2026-07-13T05:49:26Z,agent,message,Sorry about this. I have found the charge and am looking into it.
INTERACTION-0102185,TICKET-006093,2026-08-01T15:23:55Z,customer,message,Initial report.
INTERACTION-0102186,TICKET-006093,2026-08-02T06:07:55Z,portal,proposal_sent,First response.
INTERACTION-0102187,TICKET-006094,2026-08-29T13:06:58Z,customer,message,Initial report.
INTERACTION-0102188,TICKET-006094,2026-08-30T03:41:58Z,agent,message,I have blocked the card and ordered a replacement.
INTERACTION-0102189,TICKET-006095,2026-07-09T02:09:12Z,customer,message,Initial report.
INTERACTION-0102190,TICKET-006095,2026-07-09T13:29:12Z,agent,message,I have passed this to the team that can see the detail.
INTERACTION-0102191,TICKET-006096,2026-06-26T06:55:18Z,customer,message,Initial report.
INTERACTION-0102192,TICKET-006096,2026-06-26T11:58:18Z,agent,message,Sorry about this. I have found the charge and am looking into it.
INTERACTION-0102193,TICKET-006097,2026-08-02T07:34:00Z,customer,message,Initial report.
INTERACTION-0102194,TICKET-006097,2026-08-02T12:09:00Z,agent,message,I have blocked the card and ordered a replacement.
INTERACTION-0102195,TICKET-006098,2026-08-12T05:39:52Z,customer,message,Initial report.
INTERACTION-0102196,TICKET-006098,2026-08-12T08:28:52Z,agent,message,I have passed this to the team that can see the detail.
INTERACTION-0102197,TICKET-006099,2026-06-01T16:52:57Z,customer,message,Initial report.
INTERACTION-0102198,TICKET-006099,2026-06-01T20:38:57Z,portal,proposal_sent,First response.
INTERACTION-0102199,TICKET-006100,2026-07-30T22:14:41Z,customer,message,Initial report.
INTERACTION-0102200,TICKET-006100,2026-07-31T08:24:41Z,agent,message,I have passed this to the team that can see the detail.
INTERACTION-0102201,TICKET-006101,2026-08-29T10:57:02Z,customer,message,Initial report.
INTERACTION-0102202,TICKET-006101,2026-08-29T14:07:02Z,agent,message,I have blocked the card and ordered a replacement.
INTERACTION-0102203,TICKET-006102,2026-06-15T13:08:28Z,customer,message,Initial report.
INTERACTION-0102204,TICKET-006102,2026-06-15T22:17:28Z,agent,message,Sorry about this. I have found the charge and am looking into it.
INTERACTION-0102205,TICKET-006103,2026-07-21T15:02:15Z,customer,message,Initial report.
INTERACTION-0102206,TICKET-006103,2026-07-22T02:46:15Z,agent,message,"Thanks for getting in touch, taking a look now."
INTERACTION-0102207,TICKET-006104,2026-06-14T16:45:24Z,customer,message,Initial report.
INTERACTION-0102208,TICKET-006104,2026-06-14T19:52:24Z,agent,message,I have blocked the card and ordered a replacement.
INTERACTION-0102209,TICKET-006105,2026-08-07T13:41:50Z,customer,message,Initial report.
INTERACTION-0102210,TICKET-006105,2026-08-08T02:53:50Z,portal,proposal_sent,First response.
INTERACTION-0102211,TICKET-006106,2026-07-08T03:33:53Z,customer,message,Initial report.
INTERACTION-0102212,TICKET-006106,2026-07-08T10:02:53Z,agent,message,Sorry about this. I have found the charge and am looking into it.
INTERACTION-0102213,TICKET-006107,2026-07-07T12:44:45Z,customer,message,Initial report.
INTERACTION-0102214,TICKET-006107,2026-07-07T23:54:45Z,agent,message,I have blocked the card and ordered a replacement.
INTERACTION-0102215,TICKET-006108,2026-06-22T23:25:22Z,customer,message,Initial report.
INTERACTION-0102216,TICKET-006108,2026-06-23T03:26:22Z,portal,proposal_sent,First response.
INTERACTION-0102217,TICKET-006109,2026-08-19T00:39:41Z,customer,message,Initial report.
INTERACTION-0102218,TICKET-006109,2026-08-19T06:10:41Z,agent,message,I have blocked the card and ordered a replacement.
INTERACTION-0102219,TICKET-006110,2026-06-29T11:17:05Z,customer,message,Initial report.
INTERACTION-0102220,TICKET-006110,2026-06-29T19:37:05Z,agent,message,Sorry about this. I have found the charge and am looking into it.
INTERACTION-0102221,TICKET-006111,2026-07-09T19:02:23Z,customer,message,Initial report.
INTERACTION-0102222,TICKET-006111,2026-07-10T00:26:23Z,agent,message,I have blocked the card and ordered a replacement.
INTERACTION-0102223,TICKET-006112,2026-07-02T05:01:24Z,customer,message,Initial report.
INTERACTION-0102224,TICKET-006112,2026-07-02T07:13:24Z,agent,message,I have blocked the card and ordered a replacement.
INTERACTION-0102225,TICKET-006113,2026-07-11T07:51:01Z,customer,message,Initial report.
INTERACTION-0102226,TICKET-006113,2026-07-11T20:46:01Z,agent,message,I have passed this to the team that can see the detail.
INTERACTION-0102227,TICKET-006114,2026-07-10T22:23:23Z,customer,message,Initial report.
INTERACTION-0102228,TICKET-006114,2026-07-11T12:41:23Z,agent,message,"I can see the payment on our side, checking where it stopped."
INTERACTION-0102229,TICKET-006115,2026-08-07T20:18:02Z,customer,message,Initial report.
INTERACTION-0102230,TICKET-006115,2026-08-08T02:01:02Z,portal,proposal_sent,First response.
INTERACTION-0102231,TICKET-006116,2026-07-02T05:21:41Z,customer,message,Initial report.
INTERACTION-0102232,TICKET-006116,2026-07-02T10:45:41Z,portal,proposal_sent,First response.
INTERACTION-0102233,TICKET-006117,2026-06-29T17:00:51Z,customer,message,Initial report.
INTERACTION-0102234,TICKET-006117,2026-06-29T19:39:51Z,agent,message,I have passed this to the team that can see the detail.
INTERACTION-0102235,TICKET-006118,2026-07-22T04:34:01Z,customer,message,Initial report.
INTERACTION-0102236,TICKET-006118,2026-07-22T17:16:01Z,agent,message,"I can see the payment on our side, checking where it stopped."
INTERACTION-0102237,TICKET-006119,2026-08-04T10:45:41Z,customer,message,Initial report.
INTERACTION-0102238,TICKET-006119,2026-08-05T00:06:41Z,agent,message,"Thanks for getting in touch, taking a look now."
INTERACTION-0102239,TICKET-006120,2026-08-20T00:18:04Z,customer,message,Initial report.
INTERACTION-0102240,TICKET-006120,2026-08-20T05:56:04Z,portal,proposal_sent,First response.
INTERACTION-0102241,TICKET-006121,2026-08-18T17:53:25Z,customer,message,Initial report.
INTERACTION-0102242,TICKET-006121,2026-08-19T03:52:25Z,portal,proposal_sent,First response.
INTERACTION-0102243,TICKET-006122,2026-06-28T18:45:53Z,customer,message,Initial report.
INTERACTION-0102244,TICKET-006122,2026-06-29T07:35:53Z,agent,message,I have passed this to the team that can see the detail.
INTERACTION-0102245,TICKET-006123,2026-06-04T06:19:11Z,customer,message,Initial report.
INTERACTION-0102246,TICKET-006123,2026-06-04T06:58:11Z,agent,message,"Thanks for getting in touch, taking a look now."
INTERACTION-0102247,TICKET-006124,2026-08-21T07:25:19Z,customer,message,Initial report.
INTERACTION-0102248,TICKET-006124,2026-08-21T11:31:19Z,agent,message,I have blocked the card and ordered a replacement.
INTERACTION-0102249,TICKET-006125,2026-07-08T21:18:37Z,customer,message,Initial report.
INTERACTION-0102250,TICKET-006125,2026-07-09T04:08:37Z,portal,proposal_sent,First response.
INTERACTION-0102251,TICKET-006126,2026-08-20T08:08:43Z,customer,message,Initial report.
INTERACTION-0102252,TICKET-006126,2026-08-20T22:38:43Z,agent,message,Sorry about this. I have found the charge and am looking into it.
INTERACTION-0102253,TICKET-006127,2026-07-03T10:19:26Z,customer,message,Initial report.
INTERACTION-0102254,TICKET-006127,2026-07-03T23:22:26Z,agent,message,I have passed this to the team that can see the detail.
INTERACTION-0102255,TICKET-006128,2026-07-09T13:21:33Z,customer,message,Initial report.
INTERACTION-0102256,TICKET-006128,2026-07-09T22:01:33Z,portal,proposal_sent,First response.
INTERACTION-0102257,TICKET-006129,2026-07-13T18:20:00Z,customer,message,Initial report.
INTERACTION-0102258,TICKET-006129,2026-07-14T01:30:00Z,agent,message,I have blocked the card and ordered a replacement.
INTERACTION-0102259,TICKET-006130,2026-07-21T04:43:14Z,customer,message,Initial report.
INTERACTION-0102260,TICKET-006130,2026-07-21T17:25:14Z,agent,message,I have passed this to the team that can see the detail.
INTERACTION-0102261,TICKET-006131,2026-08-09T19:48:26Z,customer,message,Initial report.
INTERACTION-0102262,TICKET-006131,2026-08-09T22:06:26Z,agent,message,"Thanks for getting in touch, taking a look now."
INTERACTION-0102263,TICKET-006132,2026-06-19T14:45:55Z,customer,message,Initial report.
INTERACTION-0102264,TICKET-006132,2026-06-19T16:56:55Z,agent,message,"I can see the payment on our side, checking where it stopped."
INTERACTION-0102265,TICKET-006133,2026-06-21T10:30:29Z,customer,message,Initial report.
INTERACTION-0102266,TICKET-006133,2026-06-21T21:25:29Z,agent,message,I have blocked the card and ordered a replacement.
INTERACTION-0102267,TICKET-006134,2026-07-29T09:54:28Z,customer,message,Initial report.
INTERACTION-0102268,TICKET-006134,2026-07-30T00:01:28Z,agent,message,I have blocked the card and ordered a replacement.
INTERACTION-0102269,TICKET-006135,2026-07-05T21:30:16Z,customer,message,Initial report.
INTERACTION-0102270,TICKET-006135,2026-07-06T05:18:16Z,agent,message,"I can see the payment on our side, checking where it stopped."
INTERACTION-0102271,TICKET-006136,2026-06-02T03:59:31Z,customer,message,Initial report.
INTERACTION-0102272,TICKET-006136,2026-06-02T07:20:31Z,agent,message,I have blocked the card and ordered a replacement.
INTERACTION-0102273,TICKET-006137,2026-06-15T00:22:57Z,customer,message,Initial report.
INTERACTION-0102274,TICKET-006137,2026-06-15T12:17:57Z,agent,message,I have blocked the card and ordered a replacement.
INTERACTION-0102275,TICKET-006138,2026-08-23T11:14:26Z,customer,message,Initial report.
INTERACTION-0102276,TICKET-006138,2026-08-24T01:12:26Z,agent,message,"Thanks for getting in touch, taking a look now."
INTERACTION-0102277,TICKET-006139,2026-08-08T06:28:15Z,customer,message,Initial report.
INTERACTION-0102278,TICKET-006139,2026-08-08T20:11:15Z,agent,message,I have blocked the card and ordered a replacement.
INTERACTION-0102279,TICKET-006140,2026-08-10T18:36:48Z,customer,message,Initial report.
INTERACTION-0102280,TICKET-006140,2026-08-11T00:28:48Z,agent,message,Sorry about this. I have found the charge and am looking into it.
INTERACTION-0102281,TICKET-006141,2026-07-29T15:04:29Z,customer,message,Initial report.
INTERACTION-0102282,TICKET-006141,2026-07-29T22:22:29Z,agent,message,"I can see the payment on our side, checking where it stopped."
INTERACTION-0102283,TICKET-006142,2026-07-20T04:34:13Z,customer,message,Initial report.
INTERACTION-0102284,TICKET-006142,2026-07-20T13:32:13Z,agent,message,I have blocked the card and ordered a replacement.
INTERACTION-0102285,TICKET-006143,2026-06-19T04:22:43Z,customer,message,Initial report.
INTERACTION-0102286,TICKET-006143,2026-06-19T06:32:43Z,agent,message,I have passed this to the team that can see the detail.
INTERACTION-0102287,TICKET-006144,2026-06-05T02:48:24Z,customer,message,Initial report.
INTERACTION-0102288,TICKET-006144,2026-06-05T07:10:24Z,agent,message,I have passed this to the team that can see the detail.
INTERACTION-0102289,TICKET-006145,2026-07-10T23:02:57Z,customer,message,Initial report.
INTERACTION-0102290,TICKET-006145,2026-07-11T09:51:57Z,portal,proposal_sent,First response.
INTERACTION-0102291,TICKET-006146,2026-07-29T11:17:20Z,customer,message,Initial report.
INTERACTION-0102292,TICKET-006146,2026-07-29T12:18:20Z,agent,message,I have blocked the card and ordered a replacement.
INTERACTION-0102293,TICKET-006147,2026-07-27T21:00:57Z,customer,message,Initial report.
INTERACTION-0102294,TICKET-006147,2026-07-28T11:40:57Z,agent,message,I have blocked the card and ordered a replacement.
INTERACTION-0102295,TICKET-006148,2026-07-21T19:53:56Z,customer,message,Initial report.
INTERACTION-0102296,TICKET-006148,2026-07-22T08:43:56Z,agent,message,"Thanks for getting in touch, taking a look now."
INTERACTION-0102297,TICKET-006149,2026-06-17T03:09:26Z,customer,message,Initial report.
INTERACTION-0102298,TICKET-006149,2026-06-17T10:42:26Z,agent,message,"I can see the payment on our side, checking where it stopped."
INTERACTION-0102299,TICKET-006150,2026-08-13T18:39:45Z,customer,message,Initial report.
INTERACTION-0102300,TICKET-006150,2026-08-14T01:04:45Z,agent,message,"I can see the payment on our side, checking where it stopped."
INTERACTION-0102301,TICKET-006151,2026-08-29T10:53:57Z,customer,message,Initial report.
INTERACTION-0102302,TICKET-006151,2026-08-29T12:03:57Z,agent,message,Sorry about this. I have found the charge and am looking into it.
INTERACTION-0102303,TICKET-006152,2026-08-08T21:56:14Z,customer,message,Initial report.
INTERACTION-0102304,TICKET-006152,2026-08-09T09:10:14Z,agent,message,I have blocked the card and ordered a replacement.
INTERACTION-0102305,TICKET-006153,2026-08-09T05:33:47Z,customer,message,Initial report.
INTERACTION-0102306,TICKET-006153,2026-08-09T18:21:47Z,agent,message,"Thanks for getting in touch, taking a look now."
INTERACTION-0102307,TICKET-006154,2026-08-29T02:32:44Z,customer,message,Initial report.
INTERACTION-0102308,TICKET-006154,2026-08-29T10:27:44Z,agent,message,"Thanks for getting in touch, taking a look now."
INTERACTION-0102309,TICKET-006155,2026-06-16T04:17:01Z,customer,message,Initial report.
INTERACTION-0102310,TICKET-006155,2026-06-16T10:46:01Z,agent,message,"I can see the payment on our side, checking where it stopped."
INTERACTION-0102311,TICKET-006156,2026-07-30T11:16:16Z,customer,message,Initial report.
INTERACTION-0102312,TICKET-006156,2026-07-30T21:10:16Z,portal,proposal_sent,First response.
INTERACTION-0102313,TICKET-006157,2026-07-03T13:26:56Z,customer,message,Initial report.
INTERACTION-0102314,TICKET-006157,2026-07-03T14:14:56Z,agent,message,I have passed this to the team that can see the detail.
INTERACTION-0102315,TICKET-006158,2026-07-09T05:16:33Z,customer,message,Initial report.
INTERACTION-0102316,TICKET-006158,2026-07-09T15:16:33Z,portal,proposal_sent,First response.
INTERACTION-0102317,TICKET-006159,2026-07-30T19:59:53Z,customer,message,Initial report.
INTERACTION-0102318,TICKET-006159,2026-07-31T04:40:53Z,agent,message,Sorry about this. I have found the charge and am looking into it.
INTERACTION-0102319,TICKET-006160,2026-08-16T16:15:25Z,customer,message,Initial report.
INTERACTION-0102320,TICKET-006160,2026-08-17T03:14:25Z,agent,message,"I can see the payment on our side, checking where it stopped."
INTERACTION-0102321,TICKET-006161,2026-08-05T04:31:09Z,customer,message,Initial report.
INTERACTION-0102322,TICKET-006161,2026-08-05T16:14:09Z,agent,message,Sorry about this. I have found the charge and am looking into it.
INTERACTION-0102323,TICKET-006162,2026-08-31T17:30:13Z,customer,message,Initial report.
INTERACTION-0102324,TICKET-006162,2026-09-01T07:48:13Z,portal,proposal_sent,First response.
INTERACTION-0102325,TICKET-006163,2026-06-02T02:46:22Z,customer,message,Initial report.
INTERACTION-0102326,TICKET-006163,2026-06-02T05:32:22Z,agent,message,I have blocked the card and ordered a replacement.
INTERACTION-0102327,TICKET-006164,2026-07-04T06:09:51Z,customer,message,Initial report.
INTERACTION-0102328,TICKET-006164,2026-07-04T18:08:51Z,agent,message,I have passed this to the team that can see the detail.
INTERACTION-0102329,TICKET-006165,2026-08-29T18:57:50Z,customer,message,Initial report.
INTERACTION-0102330,TICKET-006165,2026-08-30T01:04:50Z,agent,message,I have blocked the card and ordered a replacement.
INTERACTION-0102331,TICKET-006166,2026-08-12T13:21:57Z,customer,message,Initial report.
INTERACTION-0102332,TICKET-006166,2026-08-12T22:06:57Z,agent,message,I have passed this to the team that can see the detail.
INTERACTION-0102333,TICKET-006167,2026-07-27T08:03:17Z,customer,message,Initial report.
INTERACTION-0102334,TICKET-006167,2026-07-27T17:17:17Z,agent,message,I have blocked the card and ordered a replacement.
INTERACTION-0102335,TICKET-006168,2026-08-06T16:31:45Z,customer,message,Initial report.
INTERACTION-0102336,TICKET-006168,2026-08-06T22:39:45Z,agent,message,"I can see the payment on our side, checking where it stopped."
INTERACTION-0102337,TICKET-006169,2026-08-21T00:52:53Z,customer,message,Initial report.
INTERACTION-0102338,TICKET-006169,2026-08-21T02:21:53Z,portal,proposal_sent,First response.
INTERACTION-0102339,TICKET-006170,2026-08-24T11:31:50Z,customer,message,Initial report.
INTERACTION-0102340,TICKET-006170,2026-08-24T21:15:50Z,agent,message,Sorry about this. I have found the charge and am looking into it.
INTERACTION-0102341,TICKET-006171,2026-06-06T19:09:55Z,customer,message,Initial report.
INTERACTION-0102342,TICKET-006171,2026-06-07T02:33:55Z,agent,message,"I can see the payment on our side, checking where it stopped."
INTERACTION-0102343,TICKET-006172,2026-07-27T20:50:54Z,customer,message,Initial report.
INTERACTION-0102344,TICKET-006172,2026-07-28T03:22:54Z,agent,message,"Thanks for getting in touch, taking a look now."
INTERACTION-0102345,TICKET-006173,2026-07-17T23:10:20Z,customer,message,Initial report.
INTERACTION-0102346,TICKET-006173,2026-07-18T13:42:20Z,agent,message,Sorry about this. I have found the charge and am looking into it.
INTERACTION-0102347,TICKET-006174,2026-06-20T10:34:53Z,customer,message,Initial report.
INTERACTION-0102348,TICKET-006174,2026-06-20T17:44:53Z,agent,message,I have passed this to the team that can see the detail.
INTERACTION-0102349,TICKET-006175,2026-08-04T09:04:01Z,customer,message,Initial report.
INTERACTION-0102350,TICKET-006175,2026-08-04T19:09:01Z,portal,proposal_sent,First response.
INTERACTION-0102351,TICKET-006176,2026-07-28T01:58:26Z,customer,message,Initial report.
INTERACTION-0102352,TICKET-006176,2026-07-28T10:30:26Z,portal,proposal_sent,First response.
INTERACTION-0102353,TICKET-006177,2026-07-08T16:56:11Z,customer,message,Initial report.
INTERACTION-0102354,TICKET-006177,2026-07-09T05:17:11Z,agent,message,"Thanks for getting in touch, taking a look now."
INTERACTION-0102355,TICKET-006178,2026-06-25T18:58:31Z,customer,message,Initial report.
INTERACTION-0102356,TICKET-006178,2026-06-26T03:38:31Z,agent,message,I have passed this to the team that can see the detail.
INTERACTION-0102357,TICKET-006179,2026-06-17T16:56:13Z,customer,message,Initial report.
INTERACTION-0102358,TICKET-006179,2026-06-18T07:15:13Z,agent,message,Sorry about this. I have found the charge and am looking into it.
INTERACTION-0102359,TICKET-006180,2026-08-15T13:11:57Z,customer,message,Initial report.
INTERACTION-0102360,TICKET-006180,2026-08-15T23:33:57Z,agent,message,I have blocked the card and ordered a replacement.
INTERACTION-0102361,TICKET-006181,2026-06-30T13:32:21Z,customer,message,Initial report.
INTERACTION-0102362,TICKET-006181,2026-06-30T19:51:21Z,agent,message,I have passed this to the team that can see the detail.
INTERACTION-0102363,TICKET-006182,2026-08-27T16:28:08Z,customer,message,Initial report.
INTERACTION-0102364,TICKET-006182,2026-08-27T19:25:08Z,agent,message,"I can see the payment on our side, checking where it stopped."
INTERACTION-0102365,TICKET-006183,2026-06-10T10:33:40Z,customer,message,Initial report.
INTERACTION-0102366,TICKET-006183,2026-06-10T11:27:40Z,agent,message,"I can see the payment on our side, checking where it stopped."
INTERACTION-0102367,TICKET-006184,2026-08-19T01:43:50Z,customer,message,Initial report.
INTERACTION-0102368,TICKET-006184,2026-08-19T13:53:50Z,agent,message,I have blocked the card and ordered a replacement.
INTERACTION-0102369,TICKET-006185,2026-08-04T04:20:33Z,customer,message,Initial report.
INTERACTION-0102370,TICKET-006185,2026-08-04T16:49:33Z,agent,message,"Thanks for getting in touch, taking a look now."
INTERACTION-0102371,TICKET-006186,2026-07-12T07:40:21Z,customer,message,Initial report.
INTERACTION-0102372,TICKET-006186,2026-07-12T07:51:21Z,agent,message,Sorry about this. I have found the charge and am looking into it.
INTERACTION-0102373,TICKET-006187,2026-06-10T09:35:54Z,customer,message,Initial report.
INTERACTION-0102374,TICKET-006187,2026-06-10T15:41:54Z,agent,message,"I can see the payment on our side, checking where it stopped."
INTERACTION-0102375,TICKET-006188,2026-06-28T08:26:53Z,customer,message,Initial report.
INTERACTION-0102376,TICKET-006188,2026-06-28T12:02:53Z,agent,message,I have passed this to the team that can see the detail.
INTERACTION-0102377,TICKET-006189,2026-08-27T07:11:45Z,customer,message,Initial report.
INTERACTION-0102378,TICKET-006189,2026-08-27T16:10:45Z,agent,message,"Thanks for getting in touch, taking a look now."
INTERACTION-0102379,TICKET-006190,2026-06-16T20:28:40Z,customer,message,Initial report.
INTERACTION-0102380,TICKET-006190,2026-06-16T21:53:40Z,portal,proposal_sent,First response.
INTERACTION-0102381,TICKET-006191,2026-07-03T13:32:28Z,customer,message,Initial report.
INTERACTION-0102382,TICKET-006191,2026-07-03T19:13:28Z,agent,message,"I can see the payment on our side, checking where it stopped."
INTERACTION-0102383,TICKET-006192,2026-07-16T18:56:12Z,customer,message,Initial report.
INTERACTION-0102384,TICKET-006192,2026-07-17T02:43:12Z,agent,message,I have passed this to the team that can see the detail.
INTERACTION-0102385,TICKET-006193,2026-07-25T14:26:30Z,customer,message,Initial report.
INTERACTION-0102386,TICKET-006193,2026-07-26T05:16:30Z,agent,message,Sorry about this. I have found the charge and am looking into it.
INTERACTION-0102387,TICKET-006194,2026-08-07T23:41:25Z,customer,message,Initial report.
INTERACTION-0102388,TICKET-006194,2026-08-08T07:16:25Z,portal,proposal_sent,First response.
INTERACTION-0102389,TICKET-006195,2026-07-04T23:40:40Z,customer,message,Initial report.
INTERACTION-0102390,TICKET-006195,2026-07-05T01:27:40Z,agent,message,"Thanks for getting in touch, taking a look now."
INTERACTION-0102391,TICKET-006196,2026-07-28T00:03:01Z,customer,message,Initial report.
INTERACTION-0102392,TICKET-006196,2026-07-28T13:50:01Z,agent,message,"Thanks for getting in touch, taking a look now."
INTERACTION-0102393,TICKET-006197,2026-06-28T03:20:58Z,customer,message,Initial report.
INTERACTION-0102394,TICKET-006197,2026-06-28T09:03:58Z,agent,message,I have passed this to the team that can see the detail.
INTERACTION-0102395,TICKET-006198,2026-07-19T23:15:18Z,customer,message,Initial report.
INTERACTION-0102396,TICKET-006198,2026-07-19T23:59:18Z,agent,message,"I can see the payment on our side, checking where it stopped."
INTERACTION-0102397,TICKET-006199,2026-06-19T17:53:27Z,customer,message,Initial report.
INTERACTION-0102398,TICKET-006199,2026-06-19T20:53:27Z,agent,message,"Thanks for getting in touch, taking a look now."
INTERACTION-0102399,TICKET-006200,2026-07-21T07:39:58Z,customer,message,Initial report.
INTERACTION-0102400,TICKET-006200,2026-07-21T11:32:58Z,agent,message,"Thanks for getting in touch, taking a look now."
INTERACTION-0102401,TICKET-006201,2026-08-22T15:06:24Z,customer,message,Initial report.
INTERACTION-0102402,TICKET-006201,2026-08-23T00:42:24Z,agent,message,Sorry about this. I have found the charge and am looking into it.
INTERACTION-0102403,TICKET-006202,2026-06-24T09:31:48Z,customer,message,Initial report.
INTERACTION-0102404,TICKET-006202,2026-06-24T17:59:48Z,portal,proposal_sent,First response.
INTERACTION-0102405,TICKET-006203,2026-07-19T03:13:05Z,customer,message,Initial report.
INTERACTION-0102406,TICKET-006203,2026-07-19T07:35:05Z,agent,message,"Thanks for getting in touch, taking a look now."
INTERACTION-0102407,TICKET-006204,2026-06-14T04:06:44Z,customer,message,Initial report.
INTERACTION-0102408,TICKET-006204,2026-06-14T15:33:44Z,agent,message,"I can see the payment on our side, checking where it stopped."
INTERACTION-0102409,TICKET-006205,2026-07-14T16:40:18Z,customer,message,Initial report.
INTERACTION-0102410,TICKET-006205,2026-07-14T23:12:18Z,agent,message,"I can see the payment on our side, checking where it stopped."
INTERACTION-0102411,TICKET-006206,2026-08-21T12:07:56Z,customer,message,Initial report.
INTERACTION-0102412,TICKET-006206,2026-08-21T23:00:56Z,agent,message,"Thanks for getting in touch, taking a look now."
INTERACTION-0102413,TICKET-006207,2026-08-12T16:04:06Z,customer,message,Initial report.
INTERACTION-0102414,TICKET-006207,2026-08-12T22:38:06Z,portal,proposal_sent,First response.
INTERACTION-0102415,TICKET-006208,2026-08-08T23:44:09Z,customer,message,Initial report.
INTERACTION-0102416,TICKET-006208,2026-08-09T07:56:09Z,portal,proposal_sent,First response.
INTERACTION-0102417,TICKET-006209,2026-08-10T03:02:44Z,customer,message,Initial report.
INTERACTION-0102418,TICKET-006209,2026-08-10T15:01:44Z,agent,message,"Thanks for getting in touch, taking a look now."
INTERACTION-0102419,TICKET-006210,2026-07-18T19:38:46Z,customer,message,Initial report.
INTERACTION-0102420,TICKET-006210,2026-07-19T00:43:46Z,agent,message,I have blocked the card and ordered a replacement.
INTERACTION-0102421,TICKET-006211,2026-07-08T10:21:36Z,customer,message,Initial report.
INTERACTION-0102422,TICKET-006211,2026-07-08T18:05:36Z,agent,message,"Thanks for getting in touch, taking a look now."
INTERACTION-0102423,TICKET-006212,2026-06-10T12:51:39Z,customer,message,Initial report.
INTERACTION-0102424,TICKET-006212,2026-06-10T20:37:39Z,portal,proposal_sent,First response.
INTERACTION-0102425,TICKET-006213,2026-08-12T06:52:50Z,customer,message,Initial report.
INTERACTION-0102426,TICKET-006213,2026-08-12T20:04:50Z,agent,message,I have blocked the card and ordered a replacement.
INTERACTION-0102427,TICKET-006214,2026-08-29T09:52:48Z,customer,message,Initial report.
INTERACTION-0102428,TICKET-006214,2026-08-29T13:34:48Z,agent,message,I have blocked the card and ordered a replacement.
INTERACTION-0102429,TICKET-006215,2026-06-23T15:44:37Z,customer,message,Initial report.
INTERACTION-0102430,TICKET-006215,2026-06-23T19:55:37Z,agent,message,"I can see the payment on our side, checking where it stopped."
INTERACTION-0102431,TICKET-006216,2026-06-03T15:43:32Z,customer,message,Initial report.
INTERACTION-0102432,TICKET-006216,2026-06-03T22:29:32Z,agent,message,"Thanks for getting in touch, taking a look now."
INTERACTION-0102433,TICKET-006217,2026-06-26T03:19:11Z,customer,message,Initial report.
INTERACTION-0102434,TICKET-006217,2026-06-26T13:53:11Z,portal,proposal_sent,First response.
INTERACTION-0102435,TICKET-006218,2026-07-04T00:47:17Z,customer,message,Initial report.
INTERACTION-0102436,TICKET-006218,2026-07-04T01:51:17Z,agent,message,"Thanks for getting in touch, taking a look now."
INTERACTION-0102437,TICKET-006219,2026-07-16T06:40:01Z,customer,message,Initial report.
INTERACTION-0102438,TICKET-006219,2026-07-16T14:30:01Z,portal,proposal_sent,First response.
INTERACTION-0102439,TICKET-006220,2026-07-31T04:23:04Z,customer,message,Initial report.
INTERACTION-0102440,TICKET-006220,2026-07-31T10:38:04Z,agent,message,"I can see the payment on our side, checking where it stopped."
INTERACTION-0102441,TICKET-006221,2026-07-15T08:02:31Z,customer,message,Initial report.
INTERACTION-0102442,TICKET-006221,2026-07-15T08:43:31Z,agent,message,I have blocked the card and ordered a replacement.
INTERACTION-0102443,TICKET-006222,2026-07-22T16:35:01Z,customer,message,Initial report.
INTERACTION-0102444,TICKET-006222,2026-07-23T00:29:01Z,agent,message,"I can see the payment on our side, checking where it stopped."
INTERACTION-0102445,TICKET-006223,2026-06-29T06:39:53Z,customer,message,Initial report.
INTERACTION-0102446,TICKET-006223,2026-06-29T08:08:53Z,agent,message,"I can see the payment on our side, checking where it stopped."
INTERACTION-0102447,TICKET-006224,2026-07-16T21:56:35Z,customer,message,Initial report.
INTERACTION-0102448,TICKET-006224,2026-07-17T08:13:35Z,agent,message,I have blocked the card and ordered a replacement.
INTERACTION-0102449,TICKET-006225,2026-07-09T15:51:11Z,customer,message,Initial report.
INTERACTION-0102450,TICKET-006225,2026-07-10T01:38:11Z,agent,message,Sorry about this. I have found the charge and am looking into it.
INTERACTION-0102451,TICKET-006226,2026-06-08T02:58:25Z,customer,message,Initial report.
INTERACTION-0102452,TICKET-006226,2026-06-08T10:22:25Z,agent,message,"Thanks for getting in touch, taking a look now."
INTERACTION-0102453,TICKET-006227,2026-07-14T20:21:11Z,customer,message,Initial report.
INTERACTION-0102454,TICKET-006227,2026-07-15T07:41:11Z,agent,message,"I can see the payment on our side, checking where it stopped."
INTERACTION-0102455,TICKET-006228,2026-06-12T11:14:04Z,customer,message,Initial report.
INTERACTION-0102456,TICKET-006228,2026-06-12T12:31:04Z,agent,message,"Thanks for getting in touch, taking a look now."
INTERACTION-0102457,TICKET-006229,2026-07-27T17:04:41Z,customer,message,Initial report.
INTERACTION-0102458,TICKET-006229,2026-07-28T06:19:41Z,agent,message,Sorry about this. I have found the charge and am looking into it.
INTERACTION-0102459,TICKET-006230,2026-08-24T10:30:11Z,customer,message,Initial report.
INTERACTION-0102460,TICKET-006230,2026-08-25T01:07:11Z,agent,message,"I can see the payment on our side, checking where it stopped."
INTERACTION-0102461,TICKET-006231,2026-08-08T22:37:41Z,customer,message,Initial report.
INTERACTION-0102462,TICKET-006231,2026-08-09T05:53:41Z,agent,message,I have passed this to the team that can see the detail.
INTERACTION-0102463,TICKET-006232,2026-06-22T11:36:19Z,customer,message,Initial report.
INTERACTION-0102464,TICKET-006232,2026-06-22T20:22:19Z,agent,message,Sorry about this. I have found the charge and am looking into it.
INTERACTION-0102465,TICKET-006233,2026-08-04T20:03:48Z,customer,message,Initial report.
INTERACTION-0102466,TICKET-006233,2026-08-05T07:32:48Z,agent,message,I have passed this to the team that can see the detail.
INTERACTION-0102467,TICKET-006234,2026-07-18T21:36:01Z,customer,message,Initial report.
INTERACTION-0102468,TICKET-006234,2026-07-19T11:12:01Z,agent,message,"I can see the payment on our side, checking where it stopped."
INTERACTION-0102469,TICKET-006235,2026-06-08T17:47:33Z,customer,message,Initial report.
INTERACTION-0102470,TICKET-006235,2026-06-09T08:12:33Z,agent,message,"I can see the payment on our side, checking where it stopped."
INTERACTION-0102471,TICKET-006236,2026-06-19T13:59:04Z,customer,message,Initial report.
INTERACTION-0102472,TICKET-006236,2026-06-19T16:05:04Z,agent,message,I have passed this to the team that can see the detail.
INTERACTION-0102473,TICKET-006237,2026-07-19T16:29:51Z,customer,message,Initial report.
INTERACTION-0102474,TICKET-006237,2026-07-19T23:55:51Z,agent,message,"Thanks for getting in touch, taking a look now."
INTERACTION-0102475,TICKET-006238,2026-07-14T00:07:22Z,customer,message,Initial report.
INTERACTION-0102476,TICKET-006238,2026-07-14T11:10:22Z,agent,message,"I can see the payment on our side, checking where it stopped."
INTERACTION-0102477,TICKET-006239,2026-08-05T16:31:37Z,customer,message,Initial report.
INTERACTION-0102478,TICKET-006239,2026-08-05T23:57:37Z,agent,message,"Thanks for getting in touch, taking a look now."
INTERACTION-0102479,TICKET-006240,2026-07-06T18:01:22Z,customer,message,Initial report.
INTERACTION-0102480,TICKET-006240,2026-07-07T04:56:22Z,agent,message,Sorry about this. I have found the charge and am looking into it.
INTERACTION-0102481,TICKET-006241,2026-08-13T12:53:00Z,customer,message,Initial report.
INTERACTION-0102482,TICKET-006241,2026-08-13T23:18:00Z,agent,message,"Thanks for getting in touch, taking a look now."
INTERACTION-0102483,TICKET-006242,2026-08-01T00:59:40Z,customer,message,Initial report.
INTERACTION-0102484,TICKET-006242,2026-08-01T01:42:40Z,portal,proposal_sent,First response.
INTERACTION-0102485,TICKET-006243,2026-06-05T22:32:47Z,customer,message,Initial report.
INTERACTION-0102486,TICKET-006243,2026-06-06T06:15:47Z,agent,message,I have passed this to the team that can see the detail.
INTERACTION-0102487,TICKET-006244,2026-07-03T15:22:39Z,customer,message,Initial report.
INTERACTION-0102488,TICKET-006244,2026-07-03T22:07:39Z,agent,message,I have blocked the card and ordered a replacement.
INTERACTION-0102489,TICKET-006245,2026-06-21T23:10:10Z,customer,message,Initial report.
INTERACTION-0102490,TICKET-006245,2026-06-22T05:10:10Z,portal,proposal_sent,First response.
INTERACTION-0102491,TICKET-006246,2026-08-21T11:05:25Z,customer,message,Initial report.
INTERACTION-0102492,TICKET-006246,2026-08-21T14:53:25Z,agent,message,"I can see the payment on our side, checking where it stopped."
INTERACTION-0102493,TICKET-006247,2026-07-09T19:56:58Z,customer,message,Initial report.
INTERACTION-0102494,TICKET-006247,2026-07-10T08:01:58Z,agent,message,Sorry about this. I have found the charge and am looking into it.
INTERACTION-0102495,TICKET-006248,2026-06-07T04:03:17Z,customer,message,Initial report.
INTERACTION-0102496,TICKET-006248,2026-06-07T18:55:17Z,agent,message,Sorry about this. I have found the charge and am looking into it.
INTERACTION-0102497,TICKET-006249,2026-07-11T19:28:30Z,customer,message,Initial report.
INTERACTION-0102498,TICKET-006249,2026-07-12T04:08:30Z,agent,message,"Thanks for getting in touch, taking a look now."
INTERACTION-0102499,TICKET-006250,2026-08-12T18:53:14Z,customer,message,Initial report.
INTERACTION-0102500,TICKET-006250,2026-08-13T00:21:14Z,agent,message,I have blocked the card and ordered a replacement.
INTERACTION-0102501,TICKET-006251,2026-07-12T23:39:13Z,customer,message,Initial report.
INTERACTION-0102502,TICKET-006251,2026-07-13T08:10:13Z,agent,message,I have blocked the card and ordered a replacement.
INTERACTION-0102503,TICKET-006252,2026-06-12T04:38:48Z,customer,message,Initial report.
INTERACTION-0102504,TICKET-006252,2026-06-12T09:24:48Z,agent,message,"Thanks for getting in touch, taking a look now."
INTERACTION-0102505,TICKET-006253,2026-06-03T12:15:06Z,customer,message,Initial report.
INTERACTION-0102506,TICKET-006253,2026-06-04T00:40:06Z,agent,message,Sorry about this. I have found the charge and am looking into it.
INTERACTION-0102507,TICKET-006254,2026-06-23T13:36:30Z,customer,message,Initial report.
INTERACTION-0102508,TICKET-006254,2026-06-23T21:09:30Z,agent,message,I have blocked the card and ordered a replacement.
INTERACTION-0102509,TICKET-006255,2026-06-18T11:48:05Z,customer,message,Initial report.
INTERACTION-0102510,TICKET-006255,2026-06-18T23:06:05Z,agent,message,I have blocked the card and ordered a replacement.
INTERACTION-0102511,TICKET-006256,2026-06-10T12:44:43Z,customer,message,Initial report.
INTERACTION-0102512,TICKET-006256,2026-06-11T01:26:43Z,portal,proposal_sent,First response.
INTERACTION-0102513,TICKET-006257,2026-07-21T07:08:06Z,customer,message,Initial report.
INTERACTION-0102514,TICKET-006257,2026-07-21T18:40:06Z,agent,message,I have blocked the card and ordered a replacement.
INTERACTION-0102515,TICKET-006258,2026-07-26T15:53:53Z,customer,message,Initial report.
INTERACTION-0102516,TICKET-006258,2026-07-26T17:03:53Z,agent,message,"I can see the payment on our side, checking where it stopped."
INTERACTION-0102517,TICKET-006259,2026-07-28T20:19:28Z,customer,message,Initial report.
INTERACTION-0102518,TICKET-006259,2026-07-29T00:31:28Z,portal,proposal_sent,First response.
INTERACTION-0102519,TICKET-006260,2026-06-11T23:36:39Z,customer,message,Initial report.
INTERACTION-0102520,TICKET-006260,2026-06-12T12:25:39Z,agent,message,"I can see the payment on our side, checking where it stopped."
INTERACTION-0102521,TICKET-006261,2026-08-28T04:43:21Z,customer,message,Initial report.
INTERACTION-0102522,TICKET-006261,2026-08-28T08:42:21Z,agent,message,I have passed this to the team that can see the detail.
INTERACTION-0102523,TICKET-006262,2026-08-25T10:06:16Z,customer,message,Initial report.
INTERACTION-0102524,TICKET-006262,2026-08-25T14:44:16Z,agent,message,Sorry about this. I have found the charge and am looking into it.
INTERACTION-0102525,TICKET-006263,2026-06-24T22:13:25Z,customer,message,Initial report.
INTERACTION-0102526,TICKET-006263,2026-06-25T12:11:25Z,agent,message,"Thanks for getting in touch, taking a look now."
INTERACTION-0102527,TICKET-006264,2026-08-10T00:35:20Z,customer,message,Initial report.
INTERACTION-0102528,TICKET-006264,2026-08-10T08:31:20Z,agent,message,I have passed this to the team that can see the detail.
INTERACTION-0102529,TICKET-006265,2026-08-02T18:04:28Z,customer,message,Initial report.
INTERACTION-0102530,TICKET-006265,2026-08-03T06:37:28Z,agent,message,"I can see the payment on our side, checking where it stopped."
INTERACTION-0102531,TICKET-006266,2026-07-15T06:37:25Z,customer,message,Initial report.
INTERACTION-0102532,TICKET-006266,2026-07-15T12:31:25Z,agent,message,"Thanks for getting in touch, taking a look now."
INTERACTION-0102533,TICKET-006267,2026-08-08T07:32:15Z,customer,message,Initial report.
INTERACTION-0102534,TICKET-006267,2026-08-08T08:28:15Z,portal,proposal_sent,First response.
INTERACTION-0102535,TICKET-006268,2026-06-26T09:17:12Z,customer,message,Initial report.
INTERACTION-0102536,TICKET-006268,2026-06-26T13:03:12Z,agent,message,Sorry about this. I have found the charge and am looking into it.
INTERACTION-0102537,TICKET-006269,2026-06-22T00:17:08Z,customer,message,Initial report.
INTERACTION-0102538,TICKET-006269,2026-06-22T11:53:08Z,agent,message,I have passed this to the team that can see the detail.
INTERACTION-0102539,TICKET-006270,2026-08-15T12:16:33Z,customer,message,Initial report.
INTERACTION-0102540,TICKET-006270,2026-08-15T16:51:33Z,agent,message,I have blocked the card and ordered a replacement.
INTERACTION-0102541,TICKET-006271,2026-08-08T08:15:18Z,customer,message,Initial report.
INTERACTION-0102542,TICKET-006271,2026-08-08T17:39:18Z,portal,proposal_sent,First response.
INTERACTION-0102543,TICKET-006272,2026-07-29T01:02:54Z,customer,message,Initial report.
INTERACTION-0102544,TICKET-006272,2026-07-29T15:06:54Z,portal,proposal_sent,First response.
INTERACTION-0102545,TICKET-006273,2026-07-24T20:39:10Z,customer,message,Initial report.
INTERACTION-0102546,TICKET-006273,2026-07-25T09:20:10Z,agent,message,Sorry about this. I have found the charge and am looking into it.
INTERACTION-0102547,TICKET-006274,2026-06-18T12:32:08Z,customer,message,Initial report.
INTERACTION-0102548,TICKET-006274,2026-06-18T13:54:08Z,agent,message,"Thanks for getting in touch, taking a look now."
INTERACTION-0102549,TICKET-006275,2026-08-20T04:24:44Z,customer,message,Initial report.
INTERACTION-0102550,TICKET-006275,2026-08-20T10:11:44Z,agent,message,I have passed this to the team that can see the detail.
INTERACTION-0102551,TICKET-006276,2026-06-13T07:17:23Z,customer,message,Initial report.
INTERACTION-0102552,TICKET-006276,2026-06-13T21:54:23Z,agent,message,I have blocked the card and ordered a replacement.
INTERACTION-0102553,TICKET-006277,2026-07-28T10:16:29Z,customer,message,Initial report.
INTERACTION-0102554,TICKET-006277,2026-07-28T11:10:29Z,agent,message,I have passed this to the team that can see the detail.
INTERACTION-0102555,TICKET-006278,2026-08-15T20:41:51Z,customer,message,Initial report.
INTERACTION-0102556,TICKET-006278,2026-08-16T10:34:51Z,portal,proposal_sent,First response.
INTERACTION-0102557,TICKET-006279,2026-08-20T11:34:10Z,customer,message,Initial report.
INTERACTION-0102558,TICKET-006279,2026-08-20T23:23:10Z,portal,proposal_sent,First response.
INTERACTION-0102559,TICKET-006280,2026-07-14T01:00:07Z,customer,message,Initial report.
INTERACTION-0102560,TICKET-006280,2026-07-14T03:23:07Z,agent,message,I have blocked the card and ordered a replacement.
INTERACTION-0102561,TICKET-006281,2026-07-06T16:54:23Z,customer,message,Initial report.
INTERACTION-0102562,TICKET-006281,2026-07-06T19:06:23Z,agent,message,"Thanks for getting in touch, taking a look now."
INTERACTION-0102563,TICKET-006282,2026-07-27T12:22:22Z,customer,message,Initial report.
INTERACTION-0102564,TICKET-006282,2026-07-27T14:10:22Z,agent,message,"I can see the payment on our side, checking where it stopped."
INTERACTION-0102565,TICKET-006283,2026-07-18T11:11:47Z,customer,message,Initial report.
INTERACTION-0102566,TICKET-006283,2026-07-18T15:14:47Z,agent,message,Sorry about this. I have found the charge and am looking into it.
INTERACTION-0102567,TICKET-006284,2026-07-29T16:41:08Z,customer,message,Initial report.
INTERACTION-0102568,TICKET-006284,2026-07-30T03:13:08Z,agent,message,I have passed this to the team that can see the detail.
INTERACTION-0102569,TICKET-006285,2026-08-22T06:00:50Z,customer,message,Initial report.
INTERACTION-0102570,TICKET-006285,2026-08-22T12:53:50Z,agent,message,"I can see the payment on our side, checking where it stopped."
INTERACTION-0102571,TICKET-006286,2026-07-09T03:17:56Z,customer,message,Initial report.
INTERACTION-0102572,TICKET-006286,2026-07-09T13:30:56Z,agent,message,"I can see the payment on our side, checking where it stopped."
INTERACTION-0102573,TICKET-006287,2026-07-18T09:49:21Z,customer,message,Initial report.
INTERACTION-0102574,TICKET-006287,2026-07-18T11:05:21Z,agent,message,I have blocked the card and ordered a replacement.
INTERACTION-0102575,TICKET-006288,2026-07-02T13:55:58Z,customer,message,Initial report.
INTERACTION-0102576,TICKET-006288,2026-07-02T14:26:58Z,agent,message,"Thanks for getting in touch, taking a look now."
INTERACTION-0102577,TICKET-006289,2026-07-10T06:28:58Z,customer,message,Initial report.
INTERACTION-0102578,TICKET-006289,2026-07-10T13:06:58Z,portal,proposal_sent,First response.
INTERACTION-0102579,TICKET-006290,2026-07-06T17:31:57Z,customer,message,Initial report.
INTERACTION-0102580,TICKET-006290,2026-07-07T05:55:57Z,agent,message,I have blocked the card and ordered a replacement.
INTERACTION-0102581,TICKET-006291,2026-06-06T14:43:31Z,customer,message,Initial report.
INTERACTION-0102582,TICKET-006291,2026-06-06T19:40:31Z,portal,proposal_sent,First response.
INTERACTION-0102583,TICKET-006292,2026-06-11T07:53:56Z,customer,message,Initial report.
INTERACTION-0102584,TICKET-006292,2026-06-11T17:41:56Z,agent,message,I have blocked the card and ordered a replacement.
INTERACTION-0102585,TICKET-006293,2026-08-02T14:45:21Z,customer,message,Initial report.
INTERACTION-0102586,TICKET-006293,2026-08-02T18:16:21Z,agent,message,I have blocked the card and ordered a replacement.
INTERACTION-0102587,TICKET-006294,2026-07-23T17:28:08Z,customer,message,Initial report.
INTERACTION-0102588,TICKET-006294,2026-07-23T20:21:08Z,agent,message,"Thanks for getting in touch, taking a look now."
INTERACTION-0102589,TICKET-006295,2026-06-06T18:38:59Z,customer,message,Initial report.
INTERACTION-0102590,TICKET-006295,2026-06-07T00:18:59Z,portal,proposal_sent,First response.
INTERACTION-0102591,TICKET-006296,2026-07-17T08:16:06Z,customer,message,Initial report.
INTERACTION-0102592,TICKET-006296,2026-07-17T19:02:06Z,agent,message,"Thanks for getting in touch, taking a look now."
INTERACTION-0102593,TICKET-006297,2026-07-16T23:10:58Z,customer,message,Initial report.
INTERACTION-0102594,TICKET-006297,2026-07-17T07:11:58Z,portal,proposal_sent,First response.
