ticket_id,account_id,area,opened_at,subject,body,status
TICKET-005001,ACCOUNT-1006,payments,2026-07-24T00:53:12Z,Payment went to the wrong supplier,I picked the wrong saved payee. Can it be stopped?,closed
TICKET-005002,ACCOUNT-1002,scheduled-payments,2026-08-22T11:51:27Z,The rent was taken twice,"Same amount, same day, twice. We are now overdrawn.",closed
TICKET-005003,ACCOUNT-1001,fees,2026-07-06T12:47:57Z,Charged for a payment that failed,The payment did not go through and we were still charged for it.,closed
TICKET-005004,ACCOUNT-1004,payments,2026-07-06T11:12:26Z,Payment failed but the money left the account,The screen said failed. The balance says otherwise.,closed
TICKET-005005,ACCOUNT-1001,fees,2026-08-28T14:36:09Z,Charged for a payment that failed,The payment did not go through and we were still charged for it.,closed
TICKET-005006,ACCOUNT-1006,scheduled-payments,2026-08-12T16:27:11Z,Scheduled payment did not go out,The insurance payment was due on the 1st and did not leave.,closed
TICKET-005007,ACCOUNT-1001,access,2026-07-19T21:27:58Z,Locked out and the code is not arriving,The text message never comes. I have tried for an hour.,closed
TICKET-005008,ACCOUNT-1001,scheduled-payments,2026-06-23T20:49:33Z,Scheduled payment did not go out,The insurance payment was due on the 1st and did not leave.,closed
TICKET-005009,ACCOUNT-1003,statements,2026-06-27T08:06:53Z,Statement missing for last month,July is not in the list. June and August are.,closed
TICKET-005010,ACCOUNT-1004,scheduled-payments,2026-06-23T02:10:58Z,The rent was taken twice,"Same amount, same day, twice. We are now overdrawn.",closed
TICKET-005011,ACCOUNT-1003,scheduled-payments,2026-06-21T11:13:22Z,How do I cancel a scheduled payment?,I cannot find where to stop one that is already set up.,closed
TICKET-005012,ACCOUNT-1004,account-restrictions,2026-08-14T01:57:46Z,Account frozen and we cannot pay staff,Payroll is Friday. Nobody can tell us anything.,closed
TICKET-005013,ACCOUNT-1004,statements,2026-07-10T00:45:13Z,Statement missing for last month,July is not in the list. June and August are.,closed
TICKET-005014,ACCOUNT-1001,fees,2026-07-18T20:24:03Z,Unexpected charge on the statement,There is a charge on the 14th that nobody here recognises.,closed
TICKET-005015,ACCOUNT-1001,payments,2026-07-06T12:05:46Z,Payment sent but it has not arrived,Sent on Tuesday morning to a supplier. They say nothing has come in.,closed
TICKET-005016,ACCOUNT-1003,fees,2026-08-29T09:40:54Z,Charged for a payment that failed,The payment did not go through and we were still charged for it.,closed
TICKET-005017,ACCOUNT-1005,statements,2026-07-21T21:30:17Z,Need statements for the accountant,Our accountant needs the last two quarters as one file.,closed
TICKET-005018,ACCOUNT-1004,fees,2026-08-11T18:07:22Z,Credit line interest is higher than we were quoted,We were quoted one rate and the statement shows another.,closed
TICKET-005019,ACCOUNT-1002,payments,2026-06-27T01:35:25Z,Payment failed but the money left the account,The screen said failed. The balance says otherwise.,closed
TICKET-005020,ACCOUNT-1006,scheduled-payments,2026-06-30T19:31:17Z,How do I cancel a scheduled payment?,I cannot find where to stop one that is already set up.,closed
TICKET-005021,ACCOUNT-1007,payments,2026-08-19T13:01:03Z,Payment went to the wrong supplier,I picked the wrong saved payee. Can it be stopped?,closed
TICKET-005022,ACCOUNT-1009,payments,2026-06-13T18:07:39Z,Payment failed but the money left the account,The screen said failed. The balance says otherwise.,closed
TICKET-005023,ACCOUNT-1003,payments,2026-06-30T07:33:07Z,Payment sent but it has not arrived,Sent on Tuesday morning to a supplier. They say nothing has come in.,closed
TICKET-005024,ACCOUNT-1006,cards,2026-07-07T19:57:58Z,Card declined in a shop,Declined twice at a builders merchant with money in the account.,closed
TICKET-005025,ACCOUNT-1001,account-restrictions,2026-08-05T02:02:36Z,Why is the account restricted?,It happened overnight with no warning and no explanation.,closed
TICKET-005026,ACCOUNT-1002,cards,2026-06-19T16:02:20Z,Cards declining abroad for the whole team,Three of us are at a trade fair and none of the cards work.,closed
TICKET-005027,ACCOUNT-1002,scheduled-payments,2026-06-02T04:26:51Z,How do I cancel a scheduled payment?,I cannot find where to stop one that is already set up.,closed
TICKET-005028,ACCOUNT-1009,fees,2026-08-24T03:21:33Z,Unexpected charge on the statement,There is a charge on the 14th that nobody here recognises.,closed
TICKET-005029,ACCOUNT-1003,payments,2026-06-21T06:21:42Z,Payment failed but the money left the account,The screen said failed. The balance says otherwise.,closed
TICKET-005030,ACCOUNT-1004,cards,2026-08-31T13:57:27Z,"Lost card, needs blocking now",Card lost this morning. Please block it.,closed
TICKET-005031,ACCOUNT-1002,fees,2026-06-07T18:22:02Z,Credit line interest is higher than we were quoted,We were quoted one rate and the statement shows another.,closed
TICKET-005032,ACCOUNT-1005,payments,2026-06-20T20:45:18Z,How long does a payment take to arrive?,We have been told same day and we have been told two days.,closed
TICKET-005033,ACCOUNT-1001,statements,2026-08-01T12:45:38Z,Statement missing for last month,July is not in the list. June and August are.,closed
TICKET-005034,ACCOUNT-1006,access,2026-07-10T14:23:50Z,Locked out and the code is not arriving,The text message never comes. I have tried for an hour.,closed
TICKET-005035,ACCOUNT-1001,fees,2026-08-23T08:46:40Z,Unexpected charge on the statement,There is a charge on the 14th that nobody here recognises.,closed
TICKET-005036,ACCOUNT-1005,statements,2026-06-30T10:03:22Z,Export will not download,The download starts and then stops at nothing.,closed
TICKET-005037,ACCOUNT-1004,scheduled-payments,2026-06-11T05:15:49Z,How do I cancel a scheduled payment?,I cannot find where to stop one that is already set up.,closed
TICKET-005038,ACCOUNT-1002,payments,2026-06-10T20:56:00Z,How long does a payment take to arrive?,We have been told same day and we have been told two days.,closed
TICKET-005039,ACCOUNT-1003,access,2026-08-27T00:41:18Z,Locked out and the code is not arriving,The text message never comes. I have tried for an hour.,closed
TICKET-005040,ACCOUNT-1001,fees,2026-08-14T06:44:37Z,What is this monthly fee?,The fee went up this month and we were not told.,closed
TICKET-005041,ACCOUNT-1001,account-opening,2026-06-10T14:11:46Z,Which documents do you actually need?,The list on the site and the email we got ask for different things.,closed
TICKET-005042,ACCOUNT-1001,payments,2026-07-02T13:04:44Z,Payment sent but it has not arrived,Sent on Tuesday morning to a supplier. They say nothing has come in.,closed
TICKET-005043,ACCOUNT-1007,payments,2026-07-25T06:49:12Z,Payment sent but it has not arrived,Sent on Tuesday morning to a supplier. They say nothing has come in.,closed
TICKET-005044,ACCOUNT-1005,statements,2026-08-13T22:47:43Z,Statement missing for last month,July is not in the list. June and August are.,closed
TICKET-005045,ACCOUNT-1005,account-opening,2026-06-10T18:10:37Z,Verification photo keeps failing,I have tried six times with two phones. It says the photo is unclear.,closed
TICKET-005046,ACCOUNT-1005,fees,2026-06-10T02:00:51Z,Charged for a payment that failed,The payment did not go through and we were still charged for it.,closed
TICKET-005047,ACCOUNT-1003,fees,2026-06-12T03:47:51Z,Credit line interest is higher than we were quoted,We were quoted one rate and the statement shows another.,closed
TICKET-005048,ACCOUNT-1004,fees,2026-08-13T22:30:07Z,Credit line interest is higher than we were quoted,We were quoted one rate and the statement shows another.,closed
TICKET-005049,ACCOUNT-1009,payments,2026-07-06T23:10:11Z,Payment sent but it has not arrived,Sent on Tuesday morning to a supplier. They say nothing has come in.,closed
TICKET-005050,ACCOUNT-1001,account-restrictions,2026-06-13T18:32:27Z,Why is the account restricted?,It happened overnight with no warning and no explanation.,closed
TICKET-005051,ACCOUNT-1007,payments,2026-06-25T22:37:17Z,How long does a payment take to arrive?,We have been told same day and we have been told two days.,closed
TICKET-005052,ACCOUNT-1002,access,2026-08-19T23:26:34Z,Cannot add a new user,New bookkeeper starts Monday and I cannot give her access.,closed
TICKET-005053,ACCOUNT-1003,cards,2026-06-10T00:57:36Z,Cards declining abroad for the whole team,Three of us are at a trade fair and none of the cards work.,closed
TICKET-005054,ACCOUNT-1004,access,2026-08-28T18:31:56Z,Cannot add a new user,New bookkeeper starts Monday and I cannot give her access.,closed
TICKET-005055,ACCOUNT-1003,payments,2026-08-30T19:11:11Z,Payment went to the wrong supplier,I picked the wrong saved payee. Can it be stopped?,closed
TICKET-005056,ACCOUNT-1003,access,2026-07-02T03:36:40Z,Locked out and the code is not arriving,The text message never comes. I have tried for an hour.,closed
TICKET-005057,ACCOUNT-1006,cards,2026-06-04T07:11:31Z,"Lost card, needs blocking now",Card lost this morning. Please block it.,closed
TICKET-005058,ACCOUNT-1003,payments,2026-06-09T10:21:34Z,Payment went to the wrong supplier,I picked the wrong saved payee. Can it be stopped?,closed
TICKET-005059,ACCOUNT-1001,access,2026-07-23T13:43:43Z,Cannot add a new user,New bookkeeper starts Monday and I cannot give her access.,closed
TICKET-005060,ACCOUNT-1007,payments,2026-06-12T23:44:47Z,How long does a payment take to arrive?,We have been told same day and we have been told two days.,closed
TICKET-005061,ACCOUNT-1002,cards,2026-07-31T04:19:35Z,New card has not arrived,Ordered three weeks ago for a new starter.,closed
TICKET-005062,ACCOUNT-1003,payments,2026-06-11T01:53:20Z,How long does a payment take to arrive?,We have been told same day and we have been told two days.,closed
TICKET-005063,ACCOUNT-1004,cards,2026-06-05T02:10:33Z,New card has not arrived,Ordered three weeks ago for a new starter.,closed
TICKET-005064,ACCOUNT-1001,payments,2026-08-02T16:39:07Z,How long does a payment take to arrive?,We have been told same day and we have been told two days.,closed
TICKET-005065,ACCOUNT-1005,statements,2026-08-22T23:48:28Z,Statement missing for last month,July is not in the list. June and August are.,closed
TICKET-005066,ACCOUNT-1010,cards,2026-06-07T05:12:50Z,Cards declining abroad for the whole team,Three of us are at a trade fair and none of the cards work.,closed
TICKET-005067,ACCOUNT-1003,fees,2026-07-26T12:13:37Z,What is this monthly fee?,The fee went up this month and we were not told.,closed
TICKET-005068,ACCOUNT-1001,cards,2026-07-25T16:43:27Z,"Lost card, needs blocking now",Card lost this morning. Please block it.,closed
TICKET-005069,ACCOUNT-1002,scheduled-payments,2026-08-25T19:46:05Z,How do I cancel a scheduled payment?,I cannot find where to stop one that is already set up.,closed
TICKET-005070,ACCOUNT-1003,account-opening,2026-07-05T23:57:18Z,Application still pending after a week,We applied on the 2nd and it still says in review. We need the account to pay suppliers.,closed
TICKET-005071,ACCOUNT-1004,payments,2026-08-05T15:02:10Z,Payment went to the wrong supplier,I picked the wrong saved payee. Can it be stopped?,closed
TICKET-005072,ACCOUNT-1003,fees,2026-07-08T16:44:02Z,Credit line interest is higher than we were quoted,We were quoted one rate and the statement shows another.,closed
TICKET-005073,ACCOUNT-1004,fees,2026-06-28T00:07:06Z,What is this monthly fee?,The fee went up this month and we were not told.,closed
TICKET-005074,ACCOUNT-1007,account-restrictions,2026-07-29T21:55:06Z,Account frozen and we cannot pay staff,Payroll is Friday. Nobody can tell us anything.,closed
TICKET-005075,ACCOUNT-1008,cards,2026-06-10T14:24:01Z,New card has not arrived,Ordered three weeks ago for a new starter.,closed
TICKET-005076,ACCOUNT-1003,cards,2026-07-30T03:51:24Z,New card has not arrived,Ordered three weeks ago for a new starter.,closed
TICKET-005077,ACCOUNT-1001,payments,2026-07-18T06:20:18Z,Payment went to the wrong supplier,I picked the wrong saved payee. Can it be stopped?,closed
TICKET-005078,ACCOUNT-1007,payments,2026-07-29T21:44:24Z,Payment failed but the money left the account,The screen said failed. The balance says otherwise.,closed
TICKET-005079,ACCOUNT-1001,fees,2026-07-15T08:09:45Z,What is this monthly fee?,The fee went up this month and we were not told.,closed
TICKET-005080,ACCOUNT-1005,fees,2026-06-16T15:04:07Z,Charged for a payment that failed,The payment did not go through and we were still charged for it.,closed
TICKET-005081,ACCOUNT-1010,access,2026-06-29T04:43:08Z,Locked out and the code is not arriving,The text message never comes. I have tried for an hour.,closed
TICKET-005082,ACCOUNT-1004,payments,2026-08-22T10:48:23Z,Payment went to the wrong supplier,I picked the wrong saved payee. Can it be stopped?,closed
TICKET-005083,ACCOUNT-1002,statements,2026-08-19T23:43:47Z,Export will not download,The download starts and then stops at nothing.,closed
TICKET-005084,ACCOUNT-1002,scheduled-payments,2026-06-29T08:50:19Z,How do I cancel a scheduled payment?,I cannot find where to stop one that is already set up.,closed
TICKET-005085,ACCOUNT-1003,statements,2026-07-16T13:12:09Z,Export will not download,The download starts and then stops at nothing.,closed
TICKET-005086,ACCOUNT-1001,payments,2026-06-14T21:03:32Z,Payment went to the wrong supplier,I picked the wrong saved payee. Can it be stopped?,closed
TICKET-005087,ACCOUNT-1002,cards,2026-08-14T14:56:28Z,New card has not arrived,Ordered three weeks ago for a new starter.,closed
TICKET-005088,ACCOUNT-1010,cards,2026-08-20T03:25:18Z,Cards declining abroad for the whole team,Three of us are at a trade fair and none of the cards work.,closed
TICKET-005089,ACCOUNT-1001,payments,2026-08-22T21:12:38Z,Payment failed but the money left the account,The screen said failed. The balance says otherwise.,closed
TICKET-005090,ACCOUNT-1001,access,2026-08-04T16:15:25Z,Locked out and the code is not arriving,The text message never comes. I have tried for an hour.,closed
TICKET-005091,ACCOUNT-1004,payments,2026-06-16T06:41:19Z,Payment went to the wrong supplier,I picked the wrong saved payee. Can it be stopped?,closed
TICKET-005092,ACCOUNT-1004,payments,2026-07-03T22:07:30Z,Payment failed but the money left the account,The screen said failed. The balance says otherwise.,closed
TICKET-005093,ACCOUNT-1007,account-restrictions,2026-08-31T07:30:36Z,Account frozen and we cannot pay staff,Payroll is Friday. Nobody can tell us anything.,closed
TICKET-005094,ACCOUNT-1005,statements,2026-06-02T01:56:11Z,Need statements for the accountant,Our accountant needs the last two quarters as one file.,closed
TICKET-005095,ACCOUNT-1001,scheduled-payments,2026-06-30T02:27:29Z,The rent was taken twice,"Same amount, same day, twice. We are now overdrawn.",closed
TICKET-005096,ACCOUNT-1003,fees,2026-07-17T23:22:18Z,Charged for a payment that failed,The payment did not go through and we were still charged for it.,closed
TICKET-005097,ACCOUNT-1007,account-restrictions,2026-06-22T20:09:53Z,Why is the account restricted?,It happened overnight with no warning and no explanation.,closed
TICKET-005098,ACCOUNT-1001,account-opening,2026-06-15T09:42:44Z,Which documents do you actually need?,The list on the site and the email we got ask for different things.,closed
TICKET-005099,ACCOUNT-1006,access,2026-08-16T07:45:36Z,Cannot add a new user,New bookkeeper starts Monday and I cannot give her access.,closed
TICKET-005100,ACCOUNT-1009,cards,2026-07-11T20:03:52Z,New card has not arrived,Ordered three weeks ago for a new starter.,closed
TICKET-005101,ACCOUNT-1002,scheduled-payments,2026-07-05T11:06:18Z,Scheduled payment did not go out,The insurance payment was due on the 1st and did not leave.,closed
TICKET-005102,ACCOUNT-1005,cards,2026-08-11T09:10:40Z,Cards declining abroad for the whole team,Three of us are at a trade fair and none of the cards work.,closed
TICKET-005103,ACCOUNT-1002,access,2026-06-06T19:22:04Z,Locked out and the code is not arriving,The text message never comes. I have tried for an hour.,closed
TICKET-005104,ACCOUNT-1002,cards,2026-08-02T09:08:49Z,New card has not arrived,Ordered three weeks ago for a new starter.,closed
TICKET-005105,ACCOUNT-1003,fees,2026-06-16T04:58:54Z,Unexpected charge on the statement,There is a charge on the 14th that nobody here recognises.,closed
TICKET-005106,ACCOUNT-1004,cards,2026-06-04T17:06:53Z,"Lost card, needs blocking now",Card lost this morning. Please block it.,closed
TICKET-005107,ACCOUNT-1006,payments,2026-06-06T21:43:14Z,Payment went to the wrong supplier,I picked the wrong saved payee. Can it be stopped?,closed
TICKET-005108,ACCOUNT-1006,statements,2026-06-18T22:14:01Z,Statement missing for last month,July is not in the list. June and August are.,closed
TICKET-005109,ACCOUNT-1001,payments,2026-06-05T16:26:43Z,Payment went to the wrong supplier,I picked the wrong saved payee. Can it be stopped?,closed
TICKET-005110,ACCOUNT-1005,payments,2026-08-09T19:44:00Z,How long does a payment take to arrive?,We have been told same day and we have been told two days.,closed
TICKET-005111,ACCOUNT-1005,payments,2026-07-28T16:58:25Z,Payment sent but it has not arrived,Sent on Tuesday morning to a supplier. They say nothing has come in.,closed
TICKET-005112,ACCOUNT-1003,scheduled-payments,2026-07-26T04:15:04Z,The rent was taken twice,"Same amount, same day, twice. We are now overdrawn.",closed
TICKET-005113,ACCOUNT-1001,cards,2026-07-02T23:10:49Z,Cards declining abroad for the whole team,Three of us are at a trade fair and none of the cards work.,closed
TICKET-005114,ACCOUNT-1004,fees,2026-06-15T10:05:55Z,What is this monthly fee?,The fee went up this month and we were not told.,closed
TICKET-005115,ACCOUNT-1004,statements,2026-07-18T23:20:58Z,Need statements for the accountant,Our accountant needs the last two quarters as one file.,closed
TICKET-005116,ACCOUNT-1008,payments,2026-08-22T10:04:41Z,How long does a payment take to arrive?,We have been told same day and we have been told two days.,closed
TICKET-005117,ACCOUNT-1006,scheduled-payments,2026-08-25T19:50:21Z,How do I cancel a scheduled payment?,I cannot find where to stop one that is already set up.,closed
TICKET-005118,ACCOUNT-1003,fees,2026-08-29T13:02:57Z,Charged for a payment that failed,The payment did not go through and we were still charged for it.,closed
TICKET-005119,ACCOUNT-1003,account-opening,2026-07-03T13:51:07Z,Verification photo keeps failing,I have tried six times with two phones. It says the photo is unclear.,closed
TICKET-005120,ACCOUNT-1002,access,2026-06-30T23:04:20Z,Locked out and the code is not arriving,The text message never comes. I have tried for an hour.,closed
TICKET-005121,ACCOUNT-1005,payments,2026-07-02T18:05:32Z,Payment went to the wrong supplier,I picked the wrong saved payee. Can it be stopped?,closed
TICKET-005122,ACCOUNT-1006,cards,2026-07-15T13:05:35Z,"Lost card, needs blocking now",Card lost this morning. Please block it.,closed
TICKET-005123,ACCOUNT-1007,account-restrictions,2026-07-03T22:09:26Z,Account frozen and we cannot pay staff,Payroll is Friday. Nobody can tell us anything.,closed
TICKET-005124,ACCOUNT-1001,account-restrictions,2026-08-13T08:17:59Z,Account frozen and we cannot pay staff,Payroll is Friday. Nobody can tell us anything.,closed
TICKET-005125,ACCOUNT-1003,scheduled-payments,2026-08-29T10:04:11Z,The rent was taken twice,"Same amount, same day, twice. We are now overdrawn.",closed
TICKET-005126,ACCOUNT-1002,fees,2026-06-24T00:23:37Z,Credit line interest is higher than we were quoted,We were quoted one rate and the statement shows another.,closed
TICKET-005127,ACCOUNT-1004,payments,2026-08-27T21:35:06Z,How long does a payment take to arrive?,We have been told same day and we have been told two days.,closed
TICKET-005128,ACCOUNT-1009,payments,2026-06-04T01:40:50Z,Payment sent but it has not arrived,Sent on Tuesday morning to a supplier. They say nothing has come in.,closed
TICKET-005129,ACCOUNT-1006,account-opening,2026-08-24T20:45:11Z,Which documents do you actually need?,The list on the site and the email we got ask for different things.,closed
TICKET-005130,ACCOUNT-1002,cards,2026-07-17T13:42:12Z,"Lost card, needs blocking now",Card lost this morning. Please block it.,closed
TICKET-005131,ACCOUNT-1003,cards,2026-08-13T05:35:18Z,Cards declining abroad for the whole team,Three of us are at a trade fair and none of the cards work.,closed
TICKET-005132,ACCOUNT-1005,payments,2026-06-25T10:47:22Z,Payment failed but the money left the account,The screen said failed. The balance says otherwise.,closed
TICKET-005133,ACCOUNT-1005,payments,2026-06-28T18:01:38Z,Payment went to the wrong supplier,I picked the wrong saved payee. Can it be stopped?,closed
TICKET-005134,ACCOUNT-1004,payments,2026-06-07T06:05:38Z,Payment failed but the money left the account,The screen said failed. The balance says otherwise.,closed
TICKET-005135,ACCOUNT-1005,fees,2026-07-18T19:13:37Z,What is this monthly fee?,The fee went up this month and we were not told.,closed
TICKET-005136,ACCOUNT-1007,account-opening,2026-06-29T12:13:50Z,Which documents do you actually need?,The list on the site and the email we got ask for different things.,closed
TICKET-005137,ACCOUNT-1005,account-restrictions,2026-07-31T14:08:59Z,Why is the account restricted?,It happened overnight with no warning and no explanation.,closed
TICKET-005138,ACCOUNT-1002,fees,2026-08-01T22:40:53Z,Charged for a payment that failed,The payment did not go through and we were still charged for it.,closed
TICKET-005139,ACCOUNT-1003,payments,2026-06-18T03:17:48Z,Payment went to the wrong supplier,I picked the wrong saved payee. Can it be stopped?,closed
TICKET-005140,ACCOUNT-1008,scheduled-payments,2026-06-25T21:47:20Z,The rent was taken twice,"Same amount, same day, twice. We are now overdrawn.",closed
TICKET-005141,ACCOUNT-1003,scheduled-payments,2026-08-17T05:01:19Z,How do I cancel a scheduled payment?,I cannot find where to stop one that is already set up.,closed
TICKET-005142,ACCOUNT-1002,payments,2026-06-07T10:18:13Z,How long does a payment take to arrive?,We have been told same day and we have been told two days.,closed
TICKET-005143,ACCOUNT-1002,scheduled-payments,2026-08-30T07:26:25Z,Scheduled payment did not go out,The insurance payment was due on the 1st and did not leave.,closed
TICKET-005144,ACCOUNT-1004,scheduled-payments,2026-06-17T07:52:10Z,Scheduled payment did not go out,The insurance payment was due on the 1st and did not leave.,closed
TICKET-005145,ACCOUNT-1008,cards,2026-06-14T00:28:52Z,Cards declining abroad for the whole team,Three of us are at a trade fair and none of the cards work.,closed
TICKET-005146,ACCOUNT-1003,payments,2026-07-07T20:18:28Z,Payment sent but it has not arrived,Sent on Tuesday morning to a supplier. They say nothing has come in.,closed
TICKET-005147,ACCOUNT-1001,payments,2026-06-21T08:28:16Z,Payment sent but it has not arrived,Sent on Tuesday morning to a supplier. They say nothing has come in.,closed
TICKET-005148,ACCOUNT-1008,payments,2026-06-09T14:01:01Z,Payment failed but the money left the account,The screen said failed. The balance says otherwise.,closed
TICKET-005149,ACCOUNT-1001,fees,2026-08-01T03:01:02Z,Unexpected charge on the statement,There is a charge on the 14th that nobody here recognises.,closed
TICKET-005150,ACCOUNT-1001,statements,2026-07-04T04:31:57Z,Export will not download,The download starts and then stops at nothing.,closed
TICKET-005151,ACCOUNT-1001,fees,2026-07-04T01:58:30Z,Credit line interest is higher than we were quoted,We were quoted one rate and the statement shows another.,closed
TICKET-005152,ACCOUNT-1003,account-restrictions,2026-07-11T20:05:40Z,Why is the account restricted?,It happened overnight with no warning and no explanation.,closed
TICKET-005153,ACCOUNT-1002,cards,2026-08-07T09:25:47Z,New card has not arrived,Ordered three weeks ago for a new starter.,closed
TICKET-005154,ACCOUNT-1001,scheduled-payments,2026-06-11T04:38:07Z,The rent was taken twice,"Same amount, same day, twice. We are now overdrawn.",closed
TICKET-005155,ACCOUNT-1003,account-opening,2026-06-18T04:21:38Z,Which documents do you actually need?,The list on the site and the email we got ask for different things.,closed
TICKET-005156,ACCOUNT-1003,fees,2026-07-14T03:09:51Z,Charged for a payment that failed,The payment did not go through and we were still charged for it.,closed
TICKET-005157,ACCOUNT-1003,payments,2026-08-17T00:05:53Z,Payment failed but the money left the account,The screen said failed. The balance says otherwise.,closed
TICKET-005158,ACCOUNT-1001,payments,2026-08-20T01:58:41Z,Payment sent but it has not arrived,Sent on Tuesday morning to a supplier. They say nothing has come in.,closed
TICKET-005159,ACCOUNT-1003,account-opening,2026-06-10T18:39:05Z,Verification photo keeps failing,I have tried six times with two phones. It says the photo is unclear.,closed
TICKET-005160,ACCOUNT-1008,scheduled-payments,2026-07-03T15:07:41Z,Scheduled payment did not go out,The insurance payment was due on the 1st and did not leave.,closed
TICKET-005161,ACCOUNT-1003,fees,2026-07-03T13:14:33Z,Credit line interest is higher than we were quoted,We were quoted one rate and the statement shows another.,closed
TICKET-005162,ACCOUNT-1006,payments,2026-06-29T21:28:51Z,How long does a payment take to arrive?,We have been told same day and we have been told two days.,closed
TICKET-005163,ACCOUNT-1001,fees,2026-08-23T08:41:53Z,Unexpected charge on the statement,There is a charge on the 14th that nobody here recognises.,closed
TICKET-005164,ACCOUNT-1005,scheduled-payments,2026-08-15T07:10:52Z,The rent was taken twice,"Same amount, same day, twice. We are now overdrawn.",closed
TICKET-005165,ACCOUNT-1005,scheduled-payments,2026-08-31T06:52:43Z,How do I cancel a scheduled payment?,I cannot find where to stop one that is already set up.,closed
TICKET-005166,ACCOUNT-1001,cards,2026-08-21T13:00:43Z,Cards declining abroad for the whole team,Three of us are at a trade fair and none of the cards work.,closed
TICKET-005167,ACCOUNT-1002,account-restrictions,2026-07-03T01:54:34Z,Why is the account restricted?,It happened overnight with no warning and no explanation.,closed
TICKET-005168,ACCOUNT-1006,cards,2026-07-02T01:12:03Z,"Lost card, needs blocking now",Card lost this morning. Please block it.,closed
TICKET-005169,ACCOUNT-1006,payments,2026-08-25T09:32:07Z,How long does a payment take to arrive?,We have been told same day and we have been told two days.,closed
TICKET-005170,ACCOUNT-1005,payments,2026-06-01T12:30:24Z,Payment went to the wrong supplier,I picked the wrong saved payee. Can it be stopped?,closed
TICKET-005171,ACCOUNT-1001,fees,2026-08-11T23:06:51Z,What is this monthly fee?,The fee went up this month and we were not told.,closed
TICKET-005172,ACCOUNT-1002,payments,2026-06-23T20:50:14Z,Payment failed but the money left the account,The screen said failed. The balance says otherwise.,closed
TICKET-005173,ACCOUNT-1001,cards,2026-08-03T11:52:06Z,New card has not arrived,Ordered three weeks ago for a new starter.,closed
TICKET-005174,ACCOUNT-1003,account-opening,2026-07-31T14:05:00Z,Which documents do you actually need?,The list on the site and the email we got ask for different things.,closed
TICKET-005175,ACCOUNT-1003,scheduled-payments,2026-07-31T04:54:16Z,The rent was taken twice,"Same amount, same day, twice. We are now overdrawn.",closed
TICKET-005176,ACCOUNT-1002,scheduled-payments,2026-07-02T16:22:46Z,The rent was taken twice,"Same amount, same day, twice. We are now overdrawn.",closed
TICKET-005177,ACCOUNT-1002,payments,2026-07-07T06:34:47Z,How long does a payment take to arrive?,We have been told same day and we have been told two days.,closed
TICKET-005178,ACCOUNT-1003,access,2026-08-19T15:00:43Z,Locked out and the code is not arriving,The text message never comes. I have tried for an hour.,closed
TICKET-005179,ACCOUNT-1010,fees,2026-08-23T14:33:08Z,Charged for a payment that failed,The payment did not go through and we were still charged for it.,closed
TICKET-005180,ACCOUNT-1008,fees,2026-06-21T02:00:02Z,Unexpected charge on the statement,There is a charge on the 14th that nobody here recognises.,closed
TICKET-005181,ACCOUNT-1001,scheduled-payments,2026-07-19T18:31:26Z,Scheduled payment did not go out,The insurance payment was due on the 1st and did not leave.,closed
TICKET-005182,ACCOUNT-1003,cards,2026-08-28T07:30:36Z,Card declined in a shop,Declined twice at a builders merchant with money in the account.,closed
TICKET-005183,ACCOUNT-1005,scheduled-payments,2026-08-12T11:05:53Z,The rent was taken twice,"Same amount, same day, twice. We are now overdrawn.",closed
TICKET-005184,ACCOUNT-1001,scheduled-payments,2026-06-27T03:43:36Z,How do I cancel a scheduled payment?,I cannot find where to stop one that is already set up.,closed
TICKET-005185,ACCOUNT-1003,account-restrictions,2026-07-17T01:11:42Z,Why is the account restricted?,It happened overnight with no warning and no explanation.,closed
TICKET-005186,ACCOUNT-1004,fees,2026-08-17T11:40:23Z,Credit line interest is higher than we were quoted,We were quoted one rate and the statement shows another.,closed
TICKET-005187,ACCOUNT-1002,account-opening,2026-08-18T15:26:40Z,Application still pending after a week,We applied on the 2nd and it still says in review. We need the account to pay suppliers.,closed
TICKET-005188,ACCOUNT-1009,scheduled-payments,2026-08-03T01:36:24Z,How do I cancel a scheduled payment?,I cannot find where to stop one that is already set up.,closed
TICKET-005189,ACCOUNT-1001,scheduled-payments,2026-08-29T08:38:49Z,How do I cancel a scheduled payment?,I cannot find where to stop one that is already set up.,closed
TICKET-005190,ACCOUNT-1005,fees,2026-06-27T12:10:32Z,Credit line interest is higher than we were quoted,We were quoted one rate and the statement shows another.,closed
TICKET-005191,ACCOUNT-1005,account-opening,2026-06-08T01:21:02Z,Verification photo keeps failing,I have tried six times with two phones. It says the photo is unclear.,closed
TICKET-005192,ACCOUNT-1003,account-opening,2026-08-29T22:40:22Z,Application still pending after a week,We applied on the 2nd and it still says in review. We need the account to pay suppliers.,closed
TICKET-005193,ACCOUNT-1005,statements,2026-07-08T20:06:56Z,Statement missing for last month,July is not in the list. June and August are.,closed
TICKET-005194,ACCOUNT-1008,scheduled-payments,2026-07-03T12:18:34Z,The rent was taken twice,"Same amount, same day, twice. We are now overdrawn.",closed
TICKET-005195,ACCOUNT-1010,payments,2026-07-29T09:20:32Z,Payment went to the wrong supplier,I picked the wrong saved payee. Can it be stopped?,closed
TICKET-005196,ACCOUNT-1004,account-restrictions,2026-08-08T07:04:08Z,Account frozen and we cannot pay staff,Payroll is Friday. Nobody can tell us anything.,closed
TICKET-005197,ACCOUNT-1004,cards,2026-06-29T07:24:46Z,New card has not arrived,Ordered three weeks ago for a new starter.,closed
TICKET-005198,ACCOUNT-1003,fees,2026-08-04T01:17:12Z,Charged for a payment that failed,The payment did not go through and we were still charged for it.,closed
TICKET-005199,ACCOUNT-1006,scheduled-payments,2026-07-24T04:09:13Z,How do I cancel a scheduled payment?,I cannot find where to stop one that is already set up.,closed
TICKET-005200,ACCOUNT-1003,cards,2026-08-07T22:34:35Z,Card declined in a shop,Declined twice at a builders merchant with money in the account.,closed
TICKET-005201,ACCOUNT-1003,scheduled-payments,2026-07-04T01:21:24Z,How do I cancel a scheduled payment?,I cannot find where to stop one that is already set up.,closed
TICKET-005202,ACCOUNT-1008,fees,2026-08-13T07:57:11Z,Charged for a payment that failed,The payment did not go through and we were still charged for it.,closed
TICKET-005203,ACCOUNT-1006,payments,2026-06-21T13:10:11Z,Payment failed but the money left the account,The screen said failed. The balance says otherwise.,closed
TICKET-005204,ACCOUNT-1001,statements,2026-06-24T06:43:19Z,Statement missing for last month,July is not in the list. June and August are.,closed
TICKET-005205,ACCOUNT-1003,account-opening,2026-08-03T05:46:16Z,Verification photo keeps failing,I have tried six times with two phones. It says the photo is unclear.,closed
TICKET-005206,ACCOUNT-1004,fees,2026-08-24T01:34:55Z,Unexpected charge on the statement,There is a charge on the 14th that nobody here recognises.,closed
TICKET-005207,ACCOUNT-1006,payments,2026-07-10T19:06:02Z,Payment went to the wrong supplier,I picked the wrong saved payee. Can it be stopped?,closed
TICKET-005208,ACCOUNT-1003,fees,2026-07-29T22:32:29Z,Credit line interest is higher than we were quoted,We were quoted one rate and the statement shows another.,closed
TICKET-005209,ACCOUNT-1001,account-opening,2026-06-29T08:53:00Z,Which documents do you actually need?,The list on the site and the email we got ask for different things.,closed
TICKET-005210,ACCOUNT-1006,account-opening,2026-06-22T14:22:32Z,Which documents do you actually need?,The list on the site and the email we got ask for different things.,closed
TICKET-005211,ACCOUNT-1005,statements,2026-07-09T15:33:51Z,Need statements for the accountant,Our accountant needs the last two quarters as one file.,closed
TICKET-005212,ACCOUNT-1002,fees,2026-08-16T00:51:27Z,Credit line interest is higher than we were quoted,We were quoted one rate and the statement shows another.,closed
TICKET-005213,ACCOUNT-1008,account-restrictions,2026-07-14T00:32:46Z,Account frozen and we cannot pay staff,Payroll is Friday. Nobody can tell us anything.,closed
TICKET-005214,ACCOUNT-1003,access,2026-07-05T02:04:40Z,Locked out and the code is not arriving,The text message never comes. I have tried for an hour.,closed
TICKET-005215,ACCOUNT-1005,payments,2026-06-11T01:34:32Z,Payment went to the wrong supplier,I picked the wrong saved payee. Can it be stopped?,closed
TICKET-005216,ACCOUNT-1001,payments,2026-07-11T07:21:03Z,Payment failed but the money left the account,The screen said failed. The balance says otherwise.,closed
TICKET-005217,ACCOUNT-1001,account-restrictions,2026-08-10T06:51:46Z,Account frozen and we cannot pay staff,Payroll is Friday. Nobody can tell us anything.,closed
TICKET-005218,ACCOUNT-1005,cards,2026-07-14T10:23:59Z,"Lost card, needs blocking now",Card lost this morning. Please block it.,closed
TICKET-005219,ACCOUNT-1002,statements,2026-06-01T23:21:47Z,Export will not download,The download starts and then stops at nothing.,closed
TICKET-005220,ACCOUNT-1006,payments,2026-06-07T19:37:25Z,Payment failed but the money left the account,The screen said failed. The balance says otherwise.,closed
TICKET-005221,ACCOUNT-1001,scheduled-payments,2026-07-18T11:56:32Z,Scheduled payment did not go out,The insurance payment was due on the 1st and did not leave.,closed
TICKET-005222,ACCOUNT-1001,access,2026-08-12T21:11:07Z,Locked out and the code is not arriving,The text message never comes. I have tried for an hour.,closed
TICKET-005223,ACCOUNT-1007,scheduled-payments,2026-08-12T21:25:15Z,The rent was taken twice,"Same amount, same day, twice. We are now overdrawn.",closed
TICKET-005224,ACCOUNT-1002,fees,2026-07-09T15:25:26Z,Charged for a payment that failed,The payment did not go through and we were still charged for it.,closed
TICKET-005225,ACCOUNT-1001,statements,2026-08-03T05:22:25Z,Export will not download,The download starts and then stops at nothing.,closed
TICKET-005226,ACCOUNT-1002,account-opening,2026-08-08T19:32:29Z,Which documents do you actually need?,The list on the site and the email we got ask for different things.,closed
TICKET-005227,ACCOUNT-1002,statements,2026-06-10T08:56:46Z,Statement missing for last month,July is not in the list. June and August are.,closed
TICKET-005228,ACCOUNT-1002,statements,2026-06-10T00:02:06Z,Statement missing for last month,July is not in the list. June and August are.,closed
TICKET-005229,ACCOUNT-1003,scheduled-payments,2026-06-15T22:47:13Z,The rent was taken twice,"Same amount, same day, twice. We are now overdrawn.",closed
TICKET-005230,ACCOUNT-1009,cards,2026-07-18T12:41:06Z,"Lost card, needs blocking now",Card lost this morning. Please block it.,closed
TICKET-005231,ACCOUNT-1010,account-restrictions,2026-06-17T16:13:35Z,Why is the account restricted?,It happened overnight with no warning and no explanation.,closed
TICKET-005232,ACCOUNT-1003,payments,2026-07-27T21:50:20Z,Payment sent but it has not arrived,Sent on Tuesday morning to a supplier. They say nothing has come in.,closed
TICKET-005233,ACCOUNT-1002,account-opening,2026-06-24T21:35:21Z,Which documents do you actually need?,The list on the site and the email we got ask for different things.,closed
TICKET-005234,ACCOUNT-1003,cards,2026-07-05T23:24:14Z,New card has not arrived,Ordered three weeks ago for a new starter.,closed
TICKET-005235,ACCOUNT-1003,account-opening,2026-07-10T15:08:37Z,Verification photo keeps failing,I have tried six times with two phones. It says the photo is unclear.,closed
TICKET-005236,ACCOUNT-1005,payments,2026-08-29T16:51:50Z,How long does a payment take to arrive?,We have been told same day and we have been told two days.,closed
TICKET-005237,ACCOUNT-1006,fees,2026-07-31T20:35:36Z,Credit line interest is higher than we were quoted,We were quoted one rate and the statement shows another.,closed
TICKET-005238,ACCOUNT-1003,payments,2026-07-16T06:22:35Z,How long does a payment take to arrive?,We have been told same day and we have been told two days.,closed
TICKET-005239,ACCOUNT-1003,scheduled-payments,2026-06-24T09:22:55Z,How do I cancel a scheduled payment?,I cannot find where to stop one that is already set up.,closed
TICKET-005240,ACCOUNT-1002,account-restrictions,2026-06-07T02:38:33Z,Account frozen and we cannot pay staff,Payroll is Friday. Nobody can tell us anything.,closed
TICKET-005241,ACCOUNT-1007,scheduled-payments,2026-08-19T14:20:41Z,The rent was taken twice,"Same amount, same day, twice. We are now overdrawn.",closed
TICKET-005242,ACCOUNT-1002,cards,2026-06-05T16:52:01Z,Card declined in a shop,Declined twice at a builders merchant with money in the account.,closed
TICKET-005243,ACCOUNT-1002,fees,2026-06-20T17:14:01Z,Credit line interest is higher than we were quoted,We were quoted one rate and the statement shows another.,closed
TICKET-005244,ACCOUNT-1001,cards,2026-07-15T03:30:24Z,Cards declining abroad for the whole team,Three of us are at a trade fair and none of the cards work.,closed
TICKET-005245,ACCOUNT-1002,account-restrictions,2026-08-03T08:41:01Z,Account frozen and we cannot pay staff,Payroll is Friday. Nobody can tell us anything.,closed
TICKET-005246,ACCOUNT-1003,account-opening,2026-06-14T00:02:36Z,Which documents do you actually need?,The list on the site and the email we got ask for different things.,closed
TICKET-005247,ACCOUNT-1001,statements,2026-08-13T22:54:10Z,Statement missing for last month,July is not in the list. June and August are.,closed
TICKET-005248,ACCOUNT-1010,fees,2026-07-07T09:12:44Z,Credit line interest is higher than we were quoted,We were quoted one rate and the statement shows another.,closed
TICKET-005249,ACCOUNT-1003,account-restrictions,2026-07-16T17:17:25Z,Why is the account restricted?,It happened overnight with no warning and no explanation.,closed
TICKET-005250,ACCOUNT-1007,payments,2026-06-16T10:35:44Z,Payment went to the wrong supplier,I picked the wrong saved payee. Can it be stopped?,closed
TICKET-005251,ACCOUNT-1003,statements,2026-07-18T04:18:46Z,Need statements for the accountant,Our accountant needs the last two quarters as one file.,closed
TICKET-005252,ACCOUNT-1004,payments,2026-06-25T00:12:44Z,Payment went to the wrong supplier,I picked the wrong saved payee. Can it be stopped?,closed
TICKET-005253,ACCOUNT-1007,statements,2026-08-23T21:32:06Z,Export will not download,The download starts and then stops at nothing.,closed
TICKET-005254,ACCOUNT-1008,account-opening,2026-06-03T07:06:27Z,Verification photo keeps failing,I have tried six times with two phones. It says the photo is unclear.,closed
TICKET-005255,ACCOUNT-1003,scheduled-payments,2026-08-06T05:42:54Z,The rent was taken twice,"Same amount, same day, twice. We are now overdrawn.",closed
TICKET-005256,ACCOUNT-1001,payments,2026-06-18T17:34:32Z,Payment went to the wrong supplier,I picked the wrong saved payee. Can it be stopped?,closed
TICKET-005257,ACCOUNT-1002,scheduled-payments,2026-08-07T07:07:20Z,Scheduled payment did not go out,The insurance payment was due on the 1st and did not leave.,closed
TICKET-005258,ACCOUNT-1001,fees,2026-08-03T07:46:43Z,Charged for a payment that failed,The payment did not go through and we were still charged for it.,closed
TICKET-005259,ACCOUNT-1001,payments,2026-08-07T21:13:30Z,How long does a payment take to arrive?,We have been told same day and we have been told two days.,closed
TICKET-005260,ACCOUNT-1009,payments,2026-06-14T11:17:28Z,Payment went to the wrong supplier,I picked the wrong saved payee. Can it be stopped?,closed
TICKET-005261,ACCOUNT-1003,payments,2026-06-29T15:04:24Z,Payment went to the wrong supplier,I picked the wrong saved payee. Can it be stopped?,closed
TICKET-005262,ACCOUNT-1004,statements,2026-08-12T04:49:03Z,Export will not download,The download starts and then stops at nothing.,closed
TICKET-005263,ACCOUNT-1002,payments,2026-07-04T05:47:46Z,Payment went to the wrong supplier,I picked the wrong saved payee. Can it be stopped?,closed
TICKET-005264,ACCOUNT-1002,cards,2026-07-02T10:27:50Z,Card declined in a shop,Declined twice at a builders merchant with money in the account.,closed
TICKET-005265,ACCOUNT-1001,cards,2026-08-25T01:41:20Z,"Lost card, needs blocking now",Card lost this morning. Please block it.,closed
TICKET-005266,ACCOUNT-1003,access,2026-07-27T12:33:50Z,Cannot add a new user,New bookkeeper starts Monday and I cannot give her access.,closed
TICKET-005267,ACCOUNT-1005,scheduled-payments,2026-07-04T08:36:43Z,The rent was taken twice,"Same amount, same day, twice. We are now overdrawn.",closed
TICKET-005268,ACCOUNT-1001,payments,2026-06-12T00:34:40Z,How long does a payment take to arrive?,We have been told same day and we have been told two days.,closed
TICKET-005269,ACCOUNT-1002,payments,2026-08-28T17:42:47Z,Payment sent but it has not arrived,Sent on Tuesday morning to a supplier. They say nothing has come in.,closed
TICKET-005270,ACCOUNT-1003,account-restrictions,2026-08-31T07:30:33Z,Why is the account restricted?,It happened overnight with no warning and no explanation.,closed
TICKET-005271,ACCOUNT-1006,account-opening,2026-08-16T21:31:14Z,Application still pending after a week,We applied on the 2nd and it still says in review. We need the account to pay suppliers.,closed
TICKET-005272,ACCOUNT-1002,cards,2026-06-21T19:36:50Z,Cards declining abroad for the whole team,Three of us are at a trade fair and none of the cards work.,closed
TICKET-005273,ACCOUNT-1002,payments,2026-07-14T16:09:18Z,Payment went to the wrong supplier,I picked the wrong saved payee. Can it be stopped?,closed
TICKET-005274,ACCOUNT-1002,payments,2026-06-25T23:54:22Z,Payment went to the wrong supplier,I picked the wrong saved payee. Can it be stopped?,closed
TICKET-005275,ACCOUNT-1001,cards,2026-07-08T18:47:44Z,"Lost card, needs blocking now",Card lost this morning. Please block it.,closed
TICKET-005276,ACCOUNT-1010,fees,2026-07-20T00:14:31Z,Unexpected charge on the statement,There is a charge on the 14th that nobody here recognises.,closed
TICKET-005277,ACCOUNT-1004,payments,2026-06-13T10:03:05Z,How long does a payment take to arrive?,We have been told same day and we have been told two days.,closed
TICKET-005278,ACCOUNT-1001,fees,2026-08-30T17:17:10Z,Charged for a payment that failed,The payment did not go through and we were still charged for it.,closed
TICKET-005279,ACCOUNT-1004,cards,2026-08-16T21:50:10Z,Card declined in a shop,Declined twice at a builders merchant with money in the account.,closed
TICKET-005280,ACCOUNT-1005,statements,2026-08-24T15:44:51Z,Statement missing for last month,July is not in the list. June and August are.,closed
TICKET-005281,ACCOUNT-1002,scheduled-payments,2026-08-23T21:42:35Z,Scheduled payment did not go out,The insurance payment was due on the 1st and did not leave.,closed
TICKET-005282,ACCOUNT-1003,account-opening,2026-08-27T12:08:37Z,Which documents do you actually need?,The list on the site and the email we got ask for different things.,closed
TICKET-005283,ACCOUNT-1003,statements,2026-08-18T07:24:29Z,Export will not download,The download starts and then stops at nothing.,closed
TICKET-005284,ACCOUNT-1002,fees,2026-08-20T12:57:48Z,Unexpected charge on the statement,There is a charge on the 14th that nobody here recognises.,closed
TICKET-005285,ACCOUNT-1002,cards,2026-08-02T00:21:42Z,Cards declining abroad for the whole team,Three of us are at a trade fair and none of the cards work.,closed
TICKET-005286,ACCOUNT-1005,scheduled-payments,2026-08-10T01:09:10Z,How do I cancel a scheduled payment?,I cannot find where to stop one that is already set up.,closed
TICKET-005287,ACCOUNT-1003,payments,2026-06-30T09:32:10Z,Payment went to the wrong supplier,I picked the wrong saved payee. Can it be stopped?,closed
TICKET-005288,ACCOUNT-1008,cards,2026-07-03T09:57:47Z,New card has not arrived,Ordered three weeks ago for a new starter.,closed
TICKET-005289,ACCOUNT-1002,payments,2026-08-08T19:40:58Z,Payment went to the wrong supplier,I picked the wrong saved payee. Can it be stopped?,closed
TICKET-005290,ACCOUNT-1009,fees,2026-08-01T16:37:34Z,What is this monthly fee?,The fee went up this month and we were not told.,closed
TICKET-005291,ACCOUNT-1004,cards,2026-07-27T17:49:13Z,Card declined in a shop,Declined twice at a builders merchant with money in the account.,closed
TICKET-005292,ACCOUNT-1003,account-opening,2026-06-07T12:52:41Z,Application still pending after a week,We applied on the 2nd and it still says in review. We need the account to pay suppliers.,closed
TICKET-005293,ACCOUNT-1008,cards,2026-06-29T11:00:44Z,New card has not arrived,Ordered three weeks ago for a new starter.,closed
TICKET-005294,ACCOUNT-1002,payments,2026-07-07T08:32:33Z,How long does a payment take to arrive?,We have been told same day and we have been told two days.,closed
TICKET-005295,ACCOUNT-1003,account-opening,2026-06-06T16:10:01Z,Application still pending after a week,We applied on the 2nd and it still says in review. We need the account to pay suppliers.,closed
TICKET-005296,ACCOUNT-1004,cards,2026-06-14T07:43:48Z,New card has not arrived,Ordered three weeks ago for a new starter.,closed
TICKET-005297,ACCOUNT-1009,access,2026-08-15T05:51:41Z,Locked out and the code is not arriving,The text message never comes. I have tried for an hour.,closed
TICKET-005298,ACCOUNT-1007,payments,2026-08-29T10:48:53Z,Payment sent but it has not arrived,Sent on Tuesday morning to a supplier. They say nothing has come in.,closed
TICKET-005299,ACCOUNT-1003,payments,2026-08-16T03:29:54Z,Payment failed but the money left the account,The screen said failed. The balance says otherwise.,closed
TICKET-005300,ACCOUNT-1005,account-restrictions,2026-07-11T06:35:00Z,Account frozen and we cannot pay staff,Payroll is Friday. Nobody can tell us anything.,closed
TICKET-005301,ACCOUNT-1003,cards,2026-06-14T07:27:17Z,Card declined in a shop,Declined twice at a builders merchant with money in the account.,closed
TICKET-005302,ACCOUNT-1001,access,2026-08-18T03:20:32Z,Locked out and the code is not arriving,The text message never comes. I have tried for an hour.,closed
TICKET-005303,ACCOUNT-1006,payments,2026-06-20T11:44:35Z,Payment went to the wrong supplier,I picked the wrong saved payee. Can it be stopped?,closed
TICKET-005304,ACCOUNT-1002,scheduled-payments,2026-08-10T02:42:32Z,Scheduled payment did not go out,The insurance payment was due on the 1st and did not leave.,closed
TICKET-005305,ACCOUNT-1004,cards,2026-07-19T19:46:28Z,Card declined in a shop,Declined twice at a builders merchant with money in the account.,closed
TICKET-005306,ACCOUNT-1003,cards,2026-07-15T08:02:11Z,Cards declining abroad for the whole team,Three of us are at a trade fair and none of the cards work.,closed
TICKET-005307,ACCOUNT-1005,payments,2026-08-03T00:54:08Z,Payment failed but the money left the account,The screen said failed. The balance says otherwise.,closed
TICKET-005308,ACCOUNT-1003,cards,2026-07-09T07:39:39Z,"Lost card, needs blocking now",Card lost this morning. Please block it.,closed
TICKET-005309,ACCOUNT-1005,payments,2026-06-05T21:21:37Z,Payment went to the wrong supplier,I picked the wrong saved payee. Can it be stopped?,closed
TICKET-005310,ACCOUNT-1003,cards,2026-08-17T18:07:55Z,"Lost card, needs blocking now",Card lost this morning. Please block it.,closed
TICKET-005311,ACCOUNT-1005,access,2026-08-20T11:54:51Z,Locked out and the code is not arriving,The text message never comes. I have tried for an hour.,closed
TICKET-005312,ACCOUNT-1005,account-opening,2026-08-11T01:33:40Z,Which documents do you actually need?,The list on the site and the email we got ask for different things.,closed
TICKET-005313,ACCOUNT-1001,cards,2026-06-13T03:31:06Z,Card declined in a shop,Declined twice at a builders merchant with money in the account.,closed
TICKET-005314,ACCOUNT-1004,access,2026-06-27T01:08:19Z,Cannot add a new user,New bookkeeper starts Monday and I cannot give her access.,closed
TICKET-005315,ACCOUNT-1006,cards,2026-08-30T17:18:32Z,New card has not arrived,Ordered three weeks ago for a new starter.,closed
TICKET-005316,ACCOUNT-1001,scheduled-payments,2026-07-21T09:05:35Z,Scheduled payment did not go out,The insurance payment was due on the 1st and did not leave.,closed
TICKET-005317,ACCOUNT-1001,statements,2026-08-18T17:47:35Z,Export will not download,The download starts and then stops at nothing.,closed
TICKET-005318,ACCOUNT-1003,account-restrictions,2026-08-14T13:28:46Z,Account frozen and we cannot pay staff,Payroll is Friday. Nobody can tell us anything.,closed
TICKET-005319,ACCOUNT-1002,payments,2026-07-26T00:23:24Z,Payment sent but it has not arrived,Sent on Tuesday morning to a supplier. They say nothing has come in.,closed
TICKET-005320,ACCOUNT-1005,cards,2026-07-06T14:36:06Z,Cards declining abroad for the whole team,Three of us are at a trade fair and none of the cards work.,closed
TICKET-005321,ACCOUNT-1004,cards,2026-06-19T21:04:51Z,"Lost card, needs blocking now",Card lost this morning. Please block it.,closed
TICKET-005322,ACCOUNT-1003,cards,2026-08-31T17:25:12Z,Cards declining abroad for the whole team,Three of us are at a trade fair and none of the cards work.,closed
TICKET-005323,ACCOUNT-1006,payments,2026-07-05T19:35:24Z,Payment went to the wrong supplier,I picked the wrong saved payee. Can it be stopped?,closed
TICKET-005324,ACCOUNT-1007,cards,2026-08-05T06:41:51Z,"Lost card, needs blocking now",Card lost this morning. Please block it.,closed
TICKET-005325,ACCOUNT-1004,scheduled-payments,2026-08-12T09:05:49Z,The rent was taken twice,"Same amount, same day, twice. We are now overdrawn.",closed
TICKET-005326,ACCOUNT-1004,fees,2026-07-07T10:24:22Z,Credit line interest is higher than we were quoted,We were quoted one rate and the statement shows another.,closed
TICKET-005327,ACCOUNT-1004,cards,2026-07-16T12:46:30Z,New card has not arrived,Ordered three weeks ago for a new starter.,closed
TICKET-005328,ACCOUNT-1010,scheduled-payments,2026-08-12T02:35:23Z,The rent was taken twice,"Same amount, same day, twice. We are now overdrawn.",closed
TICKET-005329,ACCOUNT-1003,payments,2026-08-05T14:02:16Z,Payment went to the wrong supplier,I picked the wrong saved payee. Can it be stopped?,closed
TICKET-005330,ACCOUNT-1006,payments,2026-07-20T06:28:53Z,Payment failed but the money left the account,The screen said failed. The balance says otherwise.,closed
TICKET-005331,ACCOUNT-1007,cards,2026-08-13T22:42:36Z,Cards declining abroad for the whole team,Three of us are at a trade fair and none of the cards work.,closed
TICKET-005332,ACCOUNT-1004,cards,2026-08-31T15:26:51Z,Card declined in a shop,Declined twice at a builders merchant with money in the account.,closed
TICKET-005333,ACCOUNT-1003,access,2026-07-01T04:01:27Z,Cannot add a new user,New bookkeeper starts Monday and I cannot give her access.,closed
TICKET-005334,ACCOUNT-1003,scheduled-payments,2026-08-20T11:31:04Z,How do I cancel a scheduled payment?,I cannot find where to stop one that is already set up.,closed
TICKET-005335,ACCOUNT-1004,fees,2026-07-17T07:00:53Z,Unexpected charge on the statement,There is a charge on the 14th that nobody here recognises.,closed
TICKET-005336,ACCOUNT-1001,statements,2026-06-08T15:41:09Z,Export will not download,The download starts and then stops at nothing.,closed
TICKET-005337,ACCOUNT-1008,payments,2026-08-23T17:36:52Z,Payment went to the wrong supplier,I picked the wrong saved payee. Can it be stopped?,closed
TICKET-005338,ACCOUNT-1003,scheduled-payments,2026-08-31T05:05:27Z,Scheduled payment did not go out,The insurance payment was due on the 1st and did not leave.,closed
TICKET-005339,ACCOUNT-1003,scheduled-payments,2026-08-27T07:42:42Z,The rent was taken twice,"Same amount, same day, twice. We are now overdrawn.",closed
TICKET-005340,ACCOUNT-1002,access,2026-08-16T15:31:07Z,Locked out and the code is not arriving,The text message never comes. I have tried for an hour.,closed
TICKET-005341,ACCOUNT-1009,scheduled-payments,2026-08-06T08:14:29Z,The rent was taken twice,"Same amount, same day, twice. We are now overdrawn.",closed
TICKET-005342,ACCOUNT-1002,payments,2026-07-10T09:06:21Z,Payment went to the wrong supplier,I picked the wrong saved payee. Can it be stopped?,closed
TICKET-005343,ACCOUNT-1003,cards,2026-07-09T14:35:14Z,New card has not arrived,Ordered three weeks ago for a new starter.,closed
TICKET-005344,ACCOUNT-1002,statements,2026-06-21T11:12:06Z,Need statements for the accountant,Our accountant needs the last two quarters as one file.,closed
TICKET-005345,ACCOUNT-1002,cards,2026-06-17T11:29:12Z,Cards declining abroad for the whole team,Three of us are at a trade fair and none of the cards work.,closed
TICKET-005346,ACCOUNT-1004,scheduled-payments,2026-08-27T06:05:56Z,How do I cancel a scheduled payment?,I cannot find where to stop one that is already set up.,closed
TICKET-005347,ACCOUNT-1001,scheduled-payments,2026-06-11T11:42:34Z,How do I cancel a scheduled payment?,I cannot find where to stop one that is already set up.,closed
TICKET-005348,ACCOUNT-1007,cards,2026-08-09T12:10:07Z,Cards declining abroad for the whole team,Three of us are at a trade fair and none of the cards work.,closed
TICKET-005349,ACCOUNT-1003,payments,2026-08-02T09:38:08Z,How long does a payment take to arrive?,We have been told same day and we have been told two days.,closed
TICKET-005350,ACCOUNT-1003,account-opening,2026-08-16T11:34:15Z,Application still pending after a week,We applied on the 2nd and it still says in review. We need the account to pay suppliers.,closed
TICKET-005351,ACCOUNT-1008,account-opening,2026-06-23T13:38:22Z,Application still pending after a week,We applied on the 2nd and it still says in review. We need the account to pay suppliers.,closed
TICKET-005352,ACCOUNT-1003,cards,2026-06-15T04:46:00Z,Cards declining abroad for the whole team,Three of us are at a trade fair and none of the cards work.,closed
TICKET-005353,ACCOUNT-1003,fees,2026-06-15T15:24:25Z,What is this monthly fee?,The fee went up this month and we were not told.,closed
TICKET-005354,ACCOUNT-1002,scheduled-payments,2026-07-23T21:42:08Z,How do I cancel a scheduled payment?,I cannot find where to stop one that is already set up.,closed
TICKET-005355,ACCOUNT-1006,scheduled-payments,2026-06-03T12:15:43Z,Scheduled payment did not go out,The insurance payment was due on the 1st and did not leave.,closed
TICKET-005356,ACCOUNT-1003,payments,2026-06-03T18:30:00Z,How long does a payment take to arrive?,We have been told same day and we have been told two days.,closed
TICKET-005357,ACCOUNT-1008,cards,2026-07-02T18:07:39Z,Cards declining abroad for the whole team,Three of us are at a trade fair and none of the cards work.,closed
TICKET-005358,ACCOUNT-1003,payments,2026-07-18T09:25:23Z,Payment failed but the money left the account,The screen said failed. The balance says otherwise.,closed
TICKET-005359,ACCOUNT-1002,payments,2026-07-21T16:34:02Z,Payment failed but the money left the account,The screen said failed. The balance says otherwise.,closed
TICKET-005360,ACCOUNT-1009,access,2026-08-28T15:51:29Z,Locked out and the code is not arriving,The text message never comes. I have tried for an hour.,closed
TICKET-005361,ACCOUNT-1003,payments,2026-06-17T22:18:10Z,How long does a payment take to arrive?,We have been told same day and we have been told two days.,closed
TICKET-005362,ACCOUNT-1003,access,2026-06-19T14:21:19Z,Locked out and the code is not arriving,The text message never comes. I have tried for an hour.,closed
TICKET-005363,ACCOUNT-1004,access,2026-07-16T05:48:30Z,Cannot add a new user,New bookkeeper starts Monday and I cannot give her access.,closed
TICKET-005364,ACCOUNT-1005,payments,2026-07-27T14:35:36Z,Payment sent but it has not arrived,Sent on Tuesday morning to a supplier. They say nothing has come in.,closed
TICKET-005365,ACCOUNT-1004,scheduled-payments,2026-07-10T20:33:25Z,The rent was taken twice,"Same amount, same day, twice. We are now overdrawn.",closed
TICKET-005366,ACCOUNT-1008,scheduled-payments,2026-06-21T19:23:53Z,How do I cancel a scheduled payment?,I cannot find where to stop one that is already set up.,closed
TICKET-005367,ACCOUNT-1007,payments,2026-08-27T06:36:14Z,Payment went to the wrong supplier,I picked the wrong saved payee. Can it be stopped?,closed
TICKET-005368,ACCOUNT-1002,scheduled-payments,2026-07-13T14:43:19Z,The rent was taken twice,"Same amount, same day, twice. We are now overdrawn.",closed
TICKET-005369,ACCOUNT-1003,account-restrictions,2026-06-19T09:32:19Z,Why is the account restricted?,It happened overnight with no warning and no explanation.,closed
TICKET-005370,ACCOUNT-1004,cards,2026-08-10T13:35:43Z,"Lost card, needs blocking now",Card lost this morning. Please block it.,closed
TICKET-005371,ACCOUNT-1002,account-restrictions,2026-08-16T08:44:15Z,Account frozen and we cannot pay staff,Payroll is Friday. Nobody can tell us anything.,closed
TICKET-005372,ACCOUNT-1001,scheduled-payments,2026-06-30T04:52:16Z,How do I cancel a scheduled payment?,I cannot find where to stop one that is already set up.,closed
TICKET-005373,ACCOUNT-1004,payments,2026-06-24T02:02:01Z,Payment went to the wrong supplier,I picked the wrong saved payee. Can it be stopped?,closed
TICKET-005374,ACCOUNT-1001,access,2026-07-17T02:26:14Z,Locked out and the code is not arriving,The text message never comes. I have tried for an hour.,closed
TICKET-005375,ACCOUNT-1006,scheduled-payments,2026-07-21T02:21:28Z,Scheduled payment did not go out,The insurance payment was due on the 1st and did not leave.,closed
TICKET-005376,ACCOUNT-1004,cards,2026-06-27T21:43:58Z,"Lost card, needs blocking now",Card lost this morning. Please block it.,closed
TICKET-005377,ACCOUNT-1003,account-opening,2026-08-30T21:30:12Z,Which documents do you actually need?,The list on the site and the email we got ask for different things.,closed
TICKET-005378,ACCOUNT-1010,payments,2026-07-27T12:41:03Z,Payment failed but the money left the account,The screen said failed. The balance says otherwise.,closed
TICKET-005379,ACCOUNT-1002,access,2026-07-28T21:38:48Z,Locked out and the code is not arriving,The text message never comes. I have tried for an hour.,closed
TICKET-005380,ACCOUNT-1001,fees,2026-06-25T05:31:33Z,Unexpected charge on the statement,There is a charge on the 14th that nobody here recognises.,closed
TICKET-005381,ACCOUNT-1003,payments,2026-07-16T16:05:39Z,Payment failed but the money left the account,The screen said failed. The balance says otherwise.,closed
TICKET-005382,ACCOUNT-1004,payments,2026-07-09T20:25:14Z,Payment sent but it has not arrived,Sent on Tuesday morning to a supplier. They say nothing has come in.,closed
TICKET-005383,ACCOUNT-1004,cards,2026-08-10T21:08:16Z,New card has not arrived,Ordered three weeks ago for a new starter.,closed
TICKET-005384,ACCOUNT-1005,cards,2026-07-24T01:08:39Z,Cards declining abroad for the whole team,Three of us are at a trade fair and none of the cards work.,closed
TICKET-005385,ACCOUNT-1009,payments,2026-06-24T19:45:19Z,How long does a payment take to arrive?,We have been told same day and we have been told two days.,closed
TICKET-005386,ACCOUNT-1004,statements,2026-07-31T15:17:55Z,Export will not download,The download starts and then stops at nothing.,closed
TICKET-005387,ACCOUNT-1006,cards,2026-06-15T01:07:41Z,Card declined in a shop,Declined twice at a builders merchant with money in the account.,closed
TICKET-005388,ACCOUNT-1005,payments,2026-08-08T18:08:27Z,Payment failed but the money left the account,The screen said failed. The balance says otherwise.,closed
TICKET-005389,ACCOUNT-1002,cards,2026-08-10T13:20:05Z,Cards declining abroad for the whole team,Three of us are at a trade fair and none of the cards work.,closed
TICKET-005390,ACCOUNT-1001,scheduled-payments,2026-07-28T21:57:33Z,The rent was taken twice,"Same amount, same day, twice. We are now overdrawn.",closed
TICKET-005391,ACCOUNT-1006,access,2026-08-22T02:29:09Z,Locked out and the code is not arriving,The text message never comes. I have tried for an hour.,closed
TICKET-005392,ACCOUNT-1004,account-opening,2026-06-23T10:02:21Z,Application still pending after a week,We applied on the 2nd and it still says in review. We need the account to pay suppliers.,closed
TICKET-005393,ACCOUNT-1001,statements,2026-07-09T13:25:12Z,Need statements for the accountant,Our accountant needs the last two quarters as one file.,closed
TICKET-005394,ACCOUNT-1005,payments,2026-06-01T23:55:58Z,Payment failed but the money left the account,The screen said failed. The balance says otherwise.,closed
TICKET-005395,ACCOUNT-1001,payments,2026-07-17T15:42:56Z,Payment sent but it has not arrived,Sent on Tuesday morning to a supplier. They say nothing has come in.,closed
TICKET-005396,ACCOUNT-1004,scheduled-payments,2026-06-05T20:52:05Z,How do I cancel a scheduled payment?,I cannot find where to stop one that is already set up.,closed
TICKET-005397,ACCOUNT-1001,access,2026-07-12T12:04:18Z,Locked out and the code is not arriving,The text message never comes. I have tried for an hour.,closed
TICKET-005398,ACCOUNT-1002,payments,2026-07-29T09:15:05Z,Payment sent but it has not arrived,Sent on Tuesday morning to a supplier. They say nothing has come in.,closed
TICKET-005399,ACCOUNT-1010,account-opening,2026-07-05T19:53:57Z,Verification photo keeps failing,I have tried six times with two phones. It says the photo is unclear.,closed
TICKET-005400,ACCOUNT-1010,fees,2026-08-25T20:13:58Z,Credit line interest is higher than we were quoted,We were quoted one rate and the statement shows another.,closed
TICKET-005401,ACCOUNT-1002,cards,2026-06-18T17:39:11Z,Card declined in a shop,Declined twice at a builders merchant with money in the account.,closed
TICKET-005402,ACCOUNT-1008,payments,2026-07-20T11:44:52Z,How long does a payment take to arrive?,We have been told same day and we have been told two days.,closed
TICKET-005403,ACCOUNT-1001,account-opening,2026-07-13T13:00:24Z,Verification photo keeps failing,I have tried six times with two phones. It says the photo is unclear.,closed
TICKET-005404,ACCOUNT-1008,payments,2026-08-19T00:50:22Z,Payment went to the wrong supplier,I picked the wrong saved payee. Can it be stopped?,closed
TICKET-005405,ACCOUNT-1008,cards,2026-07-22T11:11:41Z,Card declined in a shop,Declined twice at a builders merchant with money in the account.,closed
TICKET-005406,ACCOUNT-1003,access,2026-08-10T03:09:01Z,Locked out and the code is not arriving,The text message never comes. I have tried for an hour.,closed
TICKET-005407,ACCOUNT-1001,scheduled-payments,2026-07-20T11:41:52Z,Scheduled payment did not go out,The insurance payment was due on the 1st and did not leave.,closed
TICKET-005408,ACCOUNT-1001,scheduled-payments,2026-08-17T14:20:41Z,The rent was taken twice,"Same amount, same day, twice. We are now overdrawn.",closed
TICKET-005409,ACCOUNT-1001,cards,2026-06-23T15:59:43Z,New card has not arrived,Ordered three weeks ago for a new starter.,closed
TICKET-005410,ACCOUNT-1002,statements,2026-06-10T01:54:13Z,Statement missing for last month,July is not in the list. June and August are.,closed
TICKET-005411,ACCOUNT-1006,payments,2026-08-21T10:45:10Z,Payment went to the wrong supplier,I picked the wrong saved payee. Can it be stopped?,closed
TICKET-005412,ACCOUNT-1001,fees,2026-06-16T12:35:02Z,What is this monthly fee?,The fee went up this month and we were not told.,closed
TICKET-005413,ACCOUNT-1003,scheduled-payments,2026-07-03T23:24:28Z,How do I cancel a scheduled payment?,I cannot find where to stop one that is already set up.,closed
TICKET-005414,ACCOUNT-1002,account-opening,2026-06-29T12:33:11Z,Verification photo keeps failing,I have tried six times with two phones. It says the photo is unclear.,closed
TICKET-005415,ACCOUNT-1008,fees,2026-06-29T05:45:55Z,Unexpected charge on the statement,There is a charge on the 14th that nobody here recognises.,closed
TICKET-005416,ACCOUNT-1008,fees,2026-06-19T05:21:08Z,Unexpected charge on the statement,There is a charge on the 14th that nobody here recognises.,closed
TICKET-005417,ACCOUNT-1002,account-restrictions,2026-06-24T16:01:56Z,Account frozen and we cannot pay staff,Payroll is Friday. Nobody can tell us anything.,closed
TICKET-005418,ACCOUNT-1001,payments,2026-07-04T00:32:37Z,Payment failed but the money left the account,The screen said failed. The balance says otherwise.,closed
TICKET-005419,ACCOUNT-1005,scheduled-payments,2026-07-05T03:34:55Z,Scheduled payment did not go out,The insurance payment was due on the 1st and did not leave.,closed
TICKET-005420,ACCOUNT-1004,access,2026-07-05T01:58:35Z,Cannot add a new user,New bookkeeper starts Monday and I cannot give her access.,closed
TICKET-005421,ACCOUNT-1008,scheduled-payments,2026-08-22T14:39:11Z,The rent was taken twice,"Same amount, same day, twice. We are now overdrawn.",closed
TICKET-005422,ACCOUNT-1002,cards,2026-08-20T14:54:08Z,Cards declining abroad for the whole team,Three of us are at a trade fair and none of the cards work.,closed
TICKET-005423,ACCOUNT-1007,fees,2026-07-27T10:03:34Z,What is this monthly fee?,The fee went up this month and we were not told.,closed
TICKET-005424,ACCOUNT-1003,cards,2026-06-21T10:33:23Z,"Lost card, needs blocking now",Card lost this morning. Please block it.,closed
TICKET-005425,ACCOUNT-1005,fees,2026-06-18T09:30:56Z,Charged for a payment that failed,The payment did not go through and we were still charged for it.,closed
TICKET-005426,ACCOUNT-1001,access,2026-06-07T01:09:03Z,Cannot add a new user,New bookkeeper starts Monday and I cannot give her access.,closed
TICKET-005427,ACCOUNT-1003,payments,2026-07-11T19:11:48Z,Payment sent but it has not arrived,Sent on Tuesday morning to a supplier. They say nothing has come in.,closed
TICKET-005428,ACCOUNT-1003,cards,2026-06-21T17:50:12Z,Cards declining abroad for the whole team,Three of us are at a trade fair and none of the cards work.,closed
TICKET-005429,ACCOUNT-1006,cards,2026-07-06T22:41:33Z,Card declined in a shop,Declined twice at a builders merchant with money in the account.,closed
TICKET-005430,ACCOUNT-1003,payments,2026-08-22T03:27:08Z,Payment went to the wrong supplier,I picked the wrong saved payee. Can it be stopped?,closed
TICKET-005431,ACCOUNT-1003,scheduled-payments,2026-07-03T04:12:44Z,Scheduled payment did not go out,The insurance payment was due on the 1st and did not leave.,closed
TICKET-005432,ACCOUNT-1003,fees,2026-07-29T21:02:07Z,Unexpected charge on the statement,There is a charge on the 14th that nobody here recognises.,closed
TICKET-005433,ACCOUNT-1002,payments,2026-07-01T23:50:13Z,How long does a payment take to arrive?,We have been told same day and we have been told two days.,closed
TICKET-005434,ACCOUNT-1001,scheduled-payments,2026-07-22T01:09:49Z,Scheduled payment did not go out,The insurance payment was due on the 1st and did not leave.,closed
TICKET-005435,ACCOUNT-1003,payments,2026-06-30T00:53:28Z,How long does a payment take to arrive?,We have been told same day and we have been told two days.,closed
TICKET-005436,ACCOUNT-1002,fees,2026-08-06T01:42:54Z,Charged for a payment that failed,The payment did not go through and we were still charged for it.,closed
TICKET-005437,ACCOUNT-1003,statements,2026-06-12T06:52:32Z,Need statements for the accountant,Our accountant needs the last two quarters as one file.,closed
TICKET-005438,ACCOUNT-1003,access,2026-08-26T22:56:22Z,Cannot add a new user,New bookkeeper starts Monday and I cannot give her access.,closed
TICKET-005439,ACCOUNT-1001,cards,2026-08-05T08:17:05Z,"Lost card, needs blocking now",Card lost this morning. Please block it.,closed
TICKET-005440,ACCOUNT-1010,statements,2026-08-25T03:05:28Z,Statement missing for last month,July is not in the list. June and August are.,closed
TICKET-005441,ACCOUNT-1007,account-restrictions,2026-07-28T19:51:54Z,Account frozen and we cannot pay staff,Payroll is Friday. Nobody can tell us anything.,closed
TICKET-005442,ACCOUNT-1001,statements,2026-06-24T08:38:33Z,Statement missing for last month,July is not in the list. June and August are.,closed
TICKET-005443,ACCOUNT-1002,access,2026-07-05T19:23:08Z,Cannot add a new user,New bookkeeper starts Monday and I cannot give her access.,closed
TICKET-005444,ACCOUNT-1010,payments,2026-08-31T10:12:44Z,How long does a payment take to arrive?,We have been told same day and we have been told two days.,closed
TICKET-005445,ACCOUNT-1003,fees,2026-07-03T19:08:17Z,Unexpected charge on the statement,There is a charge on the 14th that nobody here recognises.,closed
TICKET-005446,ACCOUNT-1003,payments,2026-06-03T12:58:10Z,Payment went to the wrong supplier,I picked the wrong saved payee. Can it be stopped?,closed
TICKET-005447,ACCOUNT-1003,cards,2026-06-25T17:36:15Z,Cards declining abroad for the whole team,Three of us are at a trade fair and none of the cards work.,closed
TICKET-005448,ACCOUNT-1003,payments,2026-07-20T06:55:12Z,Payment failed but the money left the account,The screen said failed. The balance says otherwise.,closed
TICKET-005449,ACCOUNT-1005,account-opening,2026-08-04T19:29:04Z,Application still pending after a week,We applied on the 2nd and it still says in review. We need the account to pay suppliers.,closed
TICKET-005450,ACCOUNT-1002,payments,2026-06-16T20:10:27Z,How long does a payment take to arrive?,We have been told same day and we have been told two days.,closed
TICKET-005451,ACCOUNT-1004,access,2026-06-28T14:22:54Z,Locked out and the code is not arriving,The text message never comes. I have tried for an hour.,closed
TICKET-005452,ACCOUNT-1007,access,2026-06-19T08:58:48Z,Cannot add a new user,New bookkeeper starts Monday and I cannot give her access.,closed
TICKET-005453,ACCOUNT-1002,account-restrictions,2026-06-05T22:00:48Z,Why is the account restricted?,It happened overnight with no warning and no explanation.,closed
TICKET-005454,ACCOUNT-1009,statements,2026-08-11T11:45:56Z,Export will not download,The download starts and then stops at nothing.,closed
TICKET-005455,ACCOUNT-1003,payments,2026-08-03T17:02:34Z,Payment sent but it has not arrived,Sent on Tuesday morning to a supplier. They say nothing has come in.,closed
TICKET-005456,ACCOUNT-1005,payments,2026-06-19T04:07:27Z,How long does a payment take to arrive?,We have been told same day and we have been told two days.,closed
TICKET-005457,ACCOUNT-1005,payments,2026-08-17T01:17:15Z,Payment sent but it has not arrived,Sent on Tuesday morning to a supplier. They say nothing has come in.,closed
TICKET-005458,ACCOUNT-1004,statements,2026-06-05T13:06:20Z,Export will not download,The download starts and then stops at nothing.,closed
TICKET-005459,ACCOUNT-1009,payments,2026-08-08T05:15:02Z,Payment sent but it has not arrived,Sent on Tuesday morning to a supplier. They say nothing has come in.,closed
TICKET-005460,ACCOUNT-1006,cards,2026-06-22T20:40:56Z,New card has not arrived,Ordered three weeks ago for a new starter.,closed
TICKET-005461,ACCOUNT-1003,account-restrictions,2026-08-05T00:40:14Z,Account frozen and we cannot pay staff,Payroll is Friday. Nobody can tell us anything.,closed
TICKET-005462,ACCOUNT-1004,payments,2026-08-14T07:55:08Z,Payment sent but it has not arrived,Sent on Tuesday morning to a supplier. They say nothing has come in.,closed
TICKET-005463,ACCOUNT-1005,cards,2026-08-14T12:24:59Z,Card declined in a shop,Declined twice at a builders merchant with money in the account.,closed
TICKET-005464,ACCOUNT-1004,payments,2026-06-15T05:44:49Z,Payment sent but it has not arrived,Sent on Tuesday morning to a supplier. They say nothing has come in.,closed
TICKET-005465,ACCOUNT-1001,cards,2026-06-13T17:40:22Z,"Lost card, needs blocking now",Card lost this morning. Please block it.,closed
TICKET-005466,ACCOUNT-1001,statements,2026-06-28T06:53:30Z,Statement missing for last month,July is not in the list. June and August are.,closed
TICKET-005467,ACCOUNT-1002,statements,2026-06-10T20:41:39Z,Export will not download,The download starts and then stops at nothing.,closed
TICKET-005468,ACCOUNT-1003,payments,2026-06-08T02:10:24Z,How long does a payment take to arrive?,We have been told same day and we have been told two days.,closed
TICKET-005469,ACCOUNT-1003,payments,2026-06-17T02:41:17Z,Payment went to the wrong supplier,I picked the wrong saved payee. Can it be stopped?,closed
TICKET-005470,ACCOUNT-1003,account-restrictions,2026-06-15T19:54:54Z,Account frozen and we cannot pay staff,Payroll is Friday. Nobody can tell us anything.,closed
TICKET-005471,ACCOUNT-1003,fees,2026-07-29T03:19:04Z,Charged for a payment that failed,The payment did not go through and we were still charged for it.,closed
TICKET-005472,ACCOUNT-1008,cards,2026-08-23T10:53:02Z,New card has not arrived,Ordered three weeks ago for a new starter.,closed
TICKET-005473,ACCOUNT-1002,payments,2026-08-12T17:13:12Z,Payment failed but the money left the account,The screen said failed. The balance says otherwise.,closed
TICKET-005474,ACCOUNT-1010,payments,2026-06-13T03:35:01Z,Payment sent but it has not arrived,Sent on Tuesday morning to a supplier. They say nothing has come in.,closed
TICKET-005475,ACCOUNT-1004,fees,2026-06-06T13:27:22Z,Charged for a payment that failed,The payment did not go through and we were still charged for it.,closed
TICKET-005476,ACCOUNT-1010,access,2026-06-23T03:59:36Z,Locked out and the code is not arriving,The text message never comes. I have tried for an hour.,closed
TICKET-005477,ACCOUNT-1006,cards,2026-08-07T00:31:28Z,"Lost card, needs blocking now",Card lost this morning. Please block it.,closed
TICKET-005478,ACCOUNT-1001,fees,2026-07-03T22:29:03Z,What is this monthly fee?,The fee went up this month and we were not told.,closed
TICKET-005479,ACCOUNT-1002,payments,2026-06-16T14:47:13Z,Payment failed but the money left the account,The screen said failed. The balance says otherwise.,closed
TICKET-005480,ACCOUNT-1005,statements,2026-08-22T11:26:24Z,Need statements for the accountant,Our accountant needs the last two quarters as one file.,closed
TICKET-005481,ACCOUNT-1001,fees,2026-08-13T07:20:49Z,Charged for a payment that failed,The payment did not go through and we were still charged for it.,closed
TICKET-005482,ACCOUNT-1003,cards,2026-08-12T16:39:52Z,Cards declining abroad for the whole team,Three of us are at a trade fair and none of the cards work.,closed
TICKET-005483,ACCOUNT-1003,cards,2026-06-11T18:04:51Z,"Lost card, needs blocking now",Card lost this morning. Please block it.,closed
TICKET-005484,ACCOUNT-1003,fees,2026-08-20T08:51:25Z,What is this monthly fee?,The fee went up this month and we were not told.,closed
TICKET-005485,ACCOUNT-1001,account-restrictions,2026-06-11T07:42:00Z,Account frozen and we cannot pay staff,Payroll is Friday. Nobody can tell us anything.,closed
TICKET-005486,ACCOUNT-1001,payments,2026-07-03T07:17:28Z,Payment went to the wrong supplier,I picked the wrong saved payee. Can it be stopped?,closed
TICKET-005487,ACCOUNT-1001,payments,2026-06-08T11:51:41Z,Payment failed but the money left the account,The screen said failed. The balance says otherwise.,closed
TICKET-005488,ACCOUNT-1001,payments,2026-06-14T17:56:52Z,Payment went to the wrong supplier,I picked the wrong saved payee. Can it be stopped?,closed
TICKET-005489,ACCOUNT-1003,scheduled-payments,2026-08-15T14:29:17Z,The rent was taken twice,"Same amount, same day, twice. We are now overdrawn.",closed
TICKET-005490,ACCOUNT-1008,payments,2026-08-30T07:07:32Z,Payment went to the wrong supplier,I picked the wrong saved payee. Can it be stopped?,closed
TICKET-005491,ACCOUNT-1005,payments,2026-06-17T03:21:53Z,How long does a payment take to arrive?,We have been told same day and we have been told two days.,closed
TICKET-005492,ACCOUNT-1001,payments,2026-06-06T18:31:35Z,How long does a payment take to arrive?,We have been told same day and we have been told two days.,closed
TICKET-005493,ACCOUNT-1003,access,2026-08-27T09:45:40Z,Locked out and the code is not arriving,The text message never comes. I have tried for an hour.,closed
TICKET-005494,ACCOUNT-1002,cards,2026-07-14T11:22:41Z,Card declined in a shop,Declined twice at a builders merchant with money in the account.,closed
TICKET-005495,ACCOUNT-1003,cards,2026-08-18T02:49:13Z,New card has not arrived,Ordered three weeks ago for a new starter.,closed
TICKET-005496,ACCOUNT-1008,statements,2026-07-21T22:16:24Z,Need statements for the accountant,Our accountant needs the last two quarters as one file.,closed
TICKET-005497,ACCOUNT-1008,payments,2026-08-15T23:10:44Z,Payment sent but it has not arrived,Sent on Tuesday morning to a supplier. They say nothing has come in.,closed
TICKET-005498,ACCOUNT-1001,access,2026-06-16T07:16:26Z,Locked out and the code is not arriving,The text message never comes. I have tried for an hour.,closed
TICKET-005499,ACCOUNT-1008,scheduled-payments,2026-07-26T21:34:35Z,The rent was taken twice,"Same amount, same day, twice. We are now overdrawn.",closed
TICKET-005500,ACCOUNT-1002,payments,2026-07-21T13:22:44Z,Payment sent but it has not arrived,Sent on Tuesday morning to a supplier. They say nothing has come in.,closed
TICKET-005501,ACCOUNT-1003,scheduled-payments,2026-07-16T19:34:40Z,The rent was taken twice,"Same amount, same day, twice. We are now overdrawn.",closed
TICKET-005502,ACCOUNT-1001,payments,2026-07-27T19:26:27Z,How long does a payment take to arrive?,We have been told same day and we have been told two days.,closed
TICKET-005503,ACCOUNT-1007,access,2026-06-20T21:27:33Z,Locked out and the code is not arriving,The text message never comes. I have tried for an hour.,closed
TICKET-005504,ACCOUNT-1007,payments,2026-07-25T10:33:40Z,Payment failed but the money left the account,The screen said failed. The balance says otherwise.,closed
TICKET-005505,ACCOUNT-1004,payments,2026-06-27T23:11:13Z,Payment went to the wrong supplier,I picked the wrong saved payee. Can it be stopped?,closed
TICKET-005506,ACCOUNT-1005,account-restrictions,2026-06-06T16:43:47Z,Why is the account restricted?,It happened overnight with no warning and no explanation.,closed
TICKET-005507,ACCOUNT-1008,payments,2026-08-13T05:57:55Z,Payment sent but it has not arrived,Sent on Tuesday morning to a supplier. They say nothing has come in.,closed
TICKET-005508,ACCOUNT-1002,access,2026-06-24T09:23:54Z,Locked out and the code is not arriving,The text message never comes. I have tried for an hour.,closed
TICKET-005509,ACCOUNT-1008,payments,2026-06-04T10:23:37Z,Payment went to the wrong supplier,I picked the wrong saved payee. Can it be stopped?,closed
TICKET-005510,ACCOUNT-1002,payments,2026-08-06T15:29:14Z,Payment sent but it has not arrived,Sent on Tuesday morning to a supplier. They say nothing has come in.,closed
TICKET-005511,ACCOUNT-1006,cards,2026-07-31T11:11:13Z,"Lost card, needs blocking now",Card lost this morning. Please block it.,closed
TICKET-005512,ACCOUNT-1003,statements,2026-07-29T11:01:27Z,Export will not download,The download starts and then stops at nothing.,closed
TICKET-005513,ACCOUNT-1008,cards,2026-06-19T04:19:10Z,Cards declining abroad for the whole team,Three of us are at a trade fair and none of the cards work.,closed
TICKET-005514,ACCOUNT-1003,payments,2026-07-08T13:52:12Z,How long does a payment take to arrive?,We have been told same day and we have been told two days.,closed
TICKET-005515,ACCOUNT-1005,cards,2026-07-28T03:21:13Z,New card has not arrived,Ordered three weeks ago for a new starter.,closed
TICKET-005516,ACCOUNT-1008,payments,2026-07-20T15:50:37Z,Payment sent but it has not arrived,Sent on Tuesday morning to a supplier. They say nothing has come in.,closed
TICKET-005517,ACCOUNT-1001,fees,2026-07-22T22:59:11Z,Charged for a payment that failed,The payment did not go through and we were still charged for it.,closed
TICKET-005518,ACCOUNT-1007,cards,2026-08-14T18:49:40Z,Card declined in a shop,Declined twice at a builders merchant with money in the account.,closed
TICKET-005519,ACCOUNT-1003,scheduled-payments,2026-06-23T13:05:12Z,The rent was taken twice,"Same amount, same day, twice. We are now overdrawn.",closed
TICKET-005520,ACCOUNT-1006,account-opening,2026-08-31T00:10:18Z,Which documents do you actually need?,The list on the site and the email we got ask for different things.,closed
TICKET-005521,ACCOUNT-1001,payments,2026-08-10T23:40:18Z,Payment sent but it has not arrived,Sent on Tuesday morning to a supplier. They say nothing has come in.,closed
TICKET-005522,ACCOUNT-1003,account-opening,2026-08-13T23:25:58Z,Application still pending after a week,We applied on the 2nd and it still says in review. We need the account to pay suppliers.,closed
TICKET-005523,ACCOUNT-1001,access,2026-08-26T04:47:55Z,Locked out and the code is not arriving,The text message never comes. I have tried for an hour.,closed
TICKET-005524,ACCOUNT-1006,fees,2026-06-21T23:23:13Z,Credit line interest is higher than we were quoted,We were quoted one rate and the statement shows another.,closed
TICKET-005525,ACCOUNT-1003,cards,2026-06-16T22:50:29Z,Card declined in a shop,Declined twice at a builders merchant with money in the account.,closed
TICKET-005526,ACCOUNT-1003,scheduled-payments,2026-06-11T22:02:38Z,How do I cancel a scheduled payment?,I cannot find where to stop one that is already set up.,closed
TICKET-005527,ACCOUNT-1002,payments,2026-08-17T01:45:20Z,Payment sent but it has not arrived,Sent on Tuesday morning to a supplier. They say nothing has come in.,closed
TICKET-005528,ACCOUNT-1001,payments,2026-08-29T18:36:07Z,Payment sent but it has not arrived,Sent on Tuesday morning to a supplier. They say nothing has come in.,closed
TICKET-005529,ACCOUNT-1008,cards,2026-06-29T01:47:05Z,Cards declining abroad for the whole team,Three of us are at a trade fair and none of the cards work.,closed
TICKET-005530,ACCOUNT-1003,cards,2026-07-15T08:34:15Z,Card declined in a shop,Declined twice at a builders merchant with money in the account.,closed
TICKET-005531,ACCOUNT-1003,cards,2026-07-30T07:24:34Z,Card declined in a shop,Declined twice at a builders merchant with money in the account.,closed
TICKET-005532,ACCOUNT-1003,cards,2026-07-26T01:03:06Z,"Lost card, needs blocking now",Card lost this morning. Please block it.,closed
TICKET-005533,ACCOUNT-1006,statements,2026-06-28T18:35:09Z,Export will not download,The download starts and then stops at nothing.,closed
TICKET-005534,ACCOUNT-1005,fees,2026-07-02T08:21:28Z,Charged for a payment that failed,The payment did not go through and we were still charged for it.,closed
TICKET-005535,ACCOUNT-1002,payments,2026-07-06T13:30:38Z,Payment failed but the money left the account,The screen said failed. The balance says otherwise.,closed
TICKET-005536,ACCOUNT-1002,cards,2026-06-02T06:50:03Z,Cards declining abroad for the whole team,Three of us are at a trade fair and none of the cards work.,closed
TICKET-005537,ACCOUNT-1003,payments,2026-08-30T17:29:01Z,Payment went to the wrong supplier,I picked the wrong saved payee. Can it be stopped?,closed
TICKET-005538,ACCOUNT-1002,cards,2026-07-10T15:39:55Z,Card declined in a shop,Declined twice at a builders merchant with money in the account.,closed
TICKET-005539,ACCOUNT-1004,scheduled-payments,2026-08-21T17:20:37Z,Scheduled payment did not go out,The insurance payment was due on the 1st and did not leave.,closed
TICKET-005540,ACCOUNT-1004,account-restrictions,2026-07-27T06:25:09Z,Why is the account restricted?,It happened overnight with no warning and no explanation.,closed
TICKET-005541,ACCOUNT-1008,cards,2026-08-28T22:02:24Z,"Lost card, needs blocking now",Card lost this morning. Please block it.,closed
TICKET-005542,ACCOUNT-1003,scheduled-payments,2026-06-10T13:29:13Z,The rent was taken twice,"Same amount, same day, twice. We are now overdrawn.",closed
TICKET-005543,ACCOUNT-1001,statements,2026-07-15T23:14:07Z,Export will not download,The download starts and then stops at nothing.,closed
TICKET-005544,ACCOUNT-1003,statements,2026-08-07T03:36:38Z,Statement missing for last month,July is not in the list. June and August are.,closed
TICKET-005545,ACCOUNT-1008,fees,2026-07-31T01:38:12Z,Charged for a payment that failed,The payment did not go through and we were still charged for it.,closed
TICKET-005546,ACCOUNT-1002,payments,2026-07-23T04:46:16Z,Payment failed but the money left the account,The screen said failed. The balance says otherwise.,closed
TICKET-005547,ACCOUNT-1002,payments,2026-06-11T13:20:03Z,Payment sent but it has not arrived,Sent on Tuesday morning to a supplier. They say nothing has come in.,closed
TICKET-005548,ACCOUNT-1004,payments,2026-08-09T13:19:00Z,How long does a payment take to arrive?,We have been told same day and we have been told two days.,closed
TICKET-005549,ACCOUNT-1005,account-opening,2026-06-11T05:39:14Z,Application still pending after a week,We applied on the 2nd and it still says in review. We need the account to pay suppliers.,closed
TICKET-005550,ACCOUNT-1002,access,2026-08-07T21:46:58Z,Locked out and the code is not arriving,The text message never comes. I have tried for an hour.,closed
TICKET-005551,ACCOUNT-1005,access,2026-07-20T01:12:12Z,Locked out and the code is not arriving,The text message never comes. I have tried for an hour.,closed
TICKET-005552,ACCOUNT-1006,statements,2026-06-19T20:14:20Z,Need statements for the accountant,Our accountant needs the last two quarters as one file.,closed
TICKET-005553,ACCOUNT-1003,cards,2026-06-25T08:21:03Z,Cards declining abroad for the whole team,Three of us are at a trade fair and none of the cards work.,closed
TICKET-005554,ACCOUNT-1005,cards,2026-07-21T07:20:46Z,Cards declining abroad for the whole team,Three of us are at a trade fair and none of the cards work.,closed
TICKET-005555,ACCOUNT-1005,account-opening,2026-06-09T12:21:39Z,Application still pending after a week,We applied on the 2nd and it still says in review. We need the account to pay suppliers.,closed
TICKET-005556,ACCOUNT-1003,scheduled-payments,2026-06-13T23:43:23Z,The rent was taken twice,"Same amount, same day, twice. We are now overdrawn.",closed
TICKET-005557,ACCOUNT-1004,access,2026-07-23T12:19:32Z,Locked out and the code is not arriving,The text message never comes. I have tried for an hour.,closed
TICKET-005558,ACCOUNT-1003,payments,2026-07-29T21:29:12Z,Payment went to the wrong supplier,I picked the wrong saved payee. Can it be stopped?,closed
TICKET-005559,ACCOUNT-1002,payments,2026-06-26T02:30:53Z,Payment failed but the money left the account,The screen said failed. The balance says otherwise.,closed
TICKET-005560,ACCOUNT-1001,account-opening,2026-06-20T02:30:27Z,Application still pending after a week,We applied on the 2nd and it still says in review. We need the account to pay suppliers.,closed
TICKET-005561,ACCOUNT-1003,payments,2026-07-19T16:02:01Z,Payment failed but the money left the account,The screen said failed. The balance says otherwise.,closed
TICKET-005562,ACCOUNT-1001,scheduled-payments,2026-07-25T19:04:13Z,How do I cancel a scheduled payment?,I cannot find where to stop one that is already set up.,closed
TICKET-005563,ACCOUNT-1001,account-opening,2026-07-19T10:45:56Z,Verification photo keeps failing,I have tried six times with two phones. It says the photo is unclear.,closed
TICKET-005564,ACCOUNT-1005,scheduled-payments,2026-08-25T02:51:14Z,How do I cancel a scheduled payment?,I cannot find where to stop one that is already set up.,closed
TICKET-005565,ACCOUNT-1004,statements,2026-07-07T06:31:27Z,Export will not download,The download starts and then stops at nothing.,closed
TICKET-005566,ACCOUNT-1001,scheduled-payments,2026-07-23T10:49:38Z,How do I cancel a scheduled payment?,I cannot find where to stop one that is already set up.,closed
TICKET-005567,ACCOUNT-1005,scheduled-payments,2026-07-02T12:28:44Z,The rent was taken twice,"Same amount, same day, twice. We are now overdrawn.",closed
TICKET-005568,ACCOUNT-1002,cards,2026-08-22T13:26:11Z,New card has not arrived,Ordered three weeks ago for a new starter.,closed
TICKET-005569,ACCOUNT-1003,fees,2026-08-15T19:58:38Z,Credit line interest is higher than we were quoted,We were quoted one rate and the statement shows another.,closed
TICKET-005570,ACCOUNT-1005,payments,2026-08-17T16:19:33Z,Payment went to the wrong supplier,I picked the wrong saved payee. Can it be stopped?,closed
TICKET-005571,ACCOUNT-1007,cards,2026-06-21T07:14:27Z,Cards declining abroad for the whole team,Three of us are at a trade fair and none of the cards work.,closed
TICKET-005572,ACCOUNT-1005,cards,2026-06-28T11:07:33Z,Cards declining abroad for the whole team,Three of us are at a trade fair and none of the cards work.,closed
TICKET-005573,ACCOUNT-1003,statements,2026-07-27T21:25:22Z,Statement missing for last month,July is not in the list. June and August are.,closed
TICKET-005574,ACCOUNT-1005,scheduled-payments,2026-06-06T18:48:09Z,How do I cancel a scheduled payment?,I cannot find where to stop one that is already set up.,closed
TICKET-005575,ACCOUNT-1003,fees,2026-06-11T02:25:47Z,Credit line interest is higher than we were quoted,We were quoted one rate and the statement shows another.,closed
TICKET-005576,ACCOUNT-1003,fees,2026-07-16T13:25:21Z,Credit line interest is higher than we were quoted,We were quoted one rate and the statement shows another.,closed
TICKET-005577,ACCOUNT-1003,cards,2026-08-17T08:39:19Z,Cards declining abroad for the whole team,Three of us are at a trade fair and none of the cards work.,closed
TICKET-005578,ACCOUNT-1005,fees,2026-08-20T05:54:11Z,Credit line interest is higher than we were quoted,We were quoted one rate and the statement shows another.,closed
TICKET-005579,ACCOUNT-1005,fees,2026-07-23T18:11:42Z,Credit line interest is higher than we were quoted,We were quoted one rate and the statement shows another.,closed
TICKET-005580,ACCOUNT-1001,access,2026-08-28T14:44:54Z,Locked out and the code is not arriving,The text message never comes. I have tried for an hour.,closed
TICKET-005581,ACCOUNT-1003,statements,2026-08-20T10:16:19Z,Export will not download,The download starts and then stops at nothing.,closed
TICKET-005582,ACCOUNT-1002,cards,2026-08-23T14:01:53Z,Card declined in a shop,Declined twice at a builders merchant with money in the account.,closed
TICKET-005583,ACCOUNT-1003,cards,2026-06-07T19:45:47Z,Cards declining abroad for the whole team,Three of us are at a trade fair and none of the cards work.,closed
TICKET-005584,ACCOUNT-1001,scheduled-payments,2026-08-02T12:56:00Z,How do I cancel a scheduled payment?,I cannot find where to stop one that is already set up.,closed
TICKET-005585,ACCOUNT-1001,cards,2026-06-13T19:19:15Z,Cards declining abroad for the whole team,Three of us are at a trade fair and none of the cards work.,closed
TICKET-005586,ACCOUNT-1005,fees,2026-07-08T05:12:49Z,Charged for a payment that failed,The payment did not go through and we were still charged for it.,closed
TICKET-005587,ACCOUNT-1001,account-restrictions,2026-06-14T05:39:13Z,Why is the account restricted?,It happened overnight with no warning and no explanation.,closed
TICKET-005588,ACCOUNT-1003,payments,2026-07-12T12:20:07Z,How long does a payment take to arrive?,We have been told same day and we have been told two days.,closed
TICKET-005589,ACCOUNT-1005,access,2026-07-02T12:03:58Z,Locked out and the code is not arriving,The text message never comes. I have tried for an hour.,closed
TICKET-005590,ACCOUNT-1004,fees,2026-07-02T04:56:01Z,What is this monthly fee?,The fee went up this month and we were not told.,closed
TICKET-005591,ACCOUNT-1003,fees,2026-07-31T09:13:10Z,What is this monthly fee?,The fee went up this month and we were not told.,closed
TICKET-005592,ACCOUNT-1002,account-opening,2026-07-22T23:07:33Z,Which documents do you actually need?,The list on the site and the email we got ask for different things.,closed
TICKET-005593,ACCOUNT-1002,account-restrictions,2026-06-10T00:35:57Z,Why is the account restricted?,It happened overnight with no warning and no explanation.,closed
TICKET-005594,ACCOUNT-1003,statements,2026-08-23T12:30:00Z,Need statements for the accountant,Our accountant needs the last two quarters as one file.,closed
TICKET-005595,ACCOUNT-1002,payments,2026-07-31T09:39:23Z,Payment failed but the money left the account,The screen said failed. The balance says otherwise.,closed
TICKET-005596,ACCOUNT-1010,access,2026-07-27T04:17:38Z,Locked out and the code is not arriving,The text message never comes. I have tried for an hour.,closed
TICKET-005597,ACCOUNT-1001,account-opening,2026-06-02T00:33:14Z,Verification photo keeps failing,I have tried six times with two phones. It says the photo is unclear.,closed
TICKET-005598,ACCOUNT-1001,fees,2026-07-01T08:53:28Z,Charged for a payment that failed,The payment did not go through and we were still charged for it.,closed
TICKET-005599,ACCOUNT-1003,cards,2026-07-14T10:56:46Z,Cards declining abroad for the whole team,Three of us are at a trade fair and none of the cards work.,closed
TICKET-005600,ACCOUNT-1004,cards,2026-06-04T23:18:22Z,Card declined in a shop,Declined twice at a builders merchant with money in the account.,closed
TICKET-005601,ACCOUNT-1005,payments,2026-07-13T23:36:12Z,Payment went to the wrong supplier,I picked the wrong saved payee. Can it be stopped?,closed
TICKET-005602,ACCOUNT-1004,payments,2026-06-08T19:50:30Z,How long does a payment take to arrive?,We have been told same day and we have been told two days.,closed
TICKET-005603,ACCOUNT-1003,statements,2026-06-26T15:35:00Z,Export will not download,The download starts and then stops at nothing.,closed
TICKET-005604,ACCOUNT-1002,access,2026-08-30T19:28:46Z,Locked out and the code is not arriving,The text message never comes. I have tried for an hour.,closed
TICKET-005605,ACCOUNT-1010,scheduled-payments,2026-06-03T00:13:46Z,How do I cancel a scheduled payment?,I cannot find where to stop one that is already set up.,closed
TICKET-005606,ACCOUNT-1001,payments,2026-07-10T12:47:58Z,Payment went to the wrong supplier,I picked the wrong saved payee. Can it be stopped?,closed
TICKET-005607,ACCOUNT-1010,cards,2026-07-07T03:10:10Z,"Lost card, needs blocking now",Card lost this morning. Please block it.,closed
TICKET-005608,ACCOUNT-1005,scheduled-payments,2026-06-15T22:09:19Z,How do I cancel a scheduled payment?,I cannot find where to stop one that is already set up.,closed
TICKET-005609,ACCOUNT-1003,account-restrictions,2026-08-02T06:56:10Z,Why is the account restricted?,It happened overnight with no warning and no explanation.,closed
TICKET-005610,ACCOUNT-1006,access,2026-07-10T13:18:43Z,Cannot add a new user,New bookkeeper starts Monday and I cannot give her access.,closed
TICKET-005611,ACCOUNT-1003,scheduled-payments,2026-06-13T18:01:31Z,The rent was taken twice,"Same amount, same day, twice. We are now overdrawn.",closed
TICKET-005612,ACCOUNT-1005,payments,2026-07-18T05:22:30Z,How long does a payment take to arrive?,We have been told same day and we have been told two days.,closed
TICKET-005613,ACCOUNT-1001,fees,2026-07-12T17:52:55Z,Unexpected charge on the statement,There is a charge on the 14th that nobody here recognises.,closed
TICKET-005614,ACCOUNT-1004,fees,2026-06-20T22:34:51Z,Charged for a payment that failed,The payment did not go through and we were still charged for it.,closed
TICKET-005615,ACCOUNT-1010,scheduled-payments,2026-07-08T09:42:25Z,How do I cancel a scheduled payment?,I cannot find where to stop one that is already set up.,closed
TICKET-005616,ACCOUNT-1002,cards,2026-07-10T03:09:55Z,Cards declining abroad for the whole team,Three of us are at a trade fair and none of the cards work.,closed
TICKET-005617,ACCOUNT-1009,account-restrictions,2026-08-05T18:38:30Z,Why is the account restricted?,It happened overnight with no warning and no explanation.,closed
TICKET-005618,ACCOUNT-1003,access,2026-07-04T20:26:39Z,Cannot add a new user,New bookkeeper starts Monday and I cannot give her access.,closed
TICKET-005619,ACCOUNT-1010,fees,2026-07-06T15:25:33Z,Unexpected charge on the statement,There is a charge on the 14th that nobody here recognises.,closed
TICKET-005620,ACCOUNT-1002,access,2026-08-16T00:50:39Z,Locked out and the code is not arriving,The text message never comes. I have tried for an hour.,closed
TICKET-005621,ACCOUNT-1003,fees,2026-07-06T15:24:30Z,Charged for a payment that failed,The payment did not go through and we were still charged for it.,closed
TICKET-005622,ACCOUNT-1003,cards,2026-06-23T18:28:30Z,Cards declining abroad for the whole team,Three of us are at a trade fair and none of the cards work.,closed
TICKET-005623,ACCOUNT-1001,cards,2026-08-12T03:38:29Z,Cards declining abroad for the whole team,Three of us are at a trade fair and none of the cards work.,closed
TICKET-005624,ACCOUNT-1003,scheduled-payments,2026-08-30T15:11:25Z,The rent was taken twice,"Same amount, same day, twice. We are now overdrawn.",closed
TICKET-005625,ACCOUNT-1003,account-restrictions,2026-06-16T01:28:31Z,Account frozen and we cannot pay staff,Payroll is Friday. Nobody can tell us anything.,closed
TICKET-005626,ACCOUNT-1007,payments,2026-06-01T20:07:26Z,Payment failed but the money left the account,The screen said failed. The balance says otherwise.,closed
TICKET-005627,ACCOUNT-1005,fees,2026-06-19T18:34:51Z,What is this monthly fee?,The fee went up this month and we were not told.,closed
TICKET-005628,ACCOUNT-1010,account-opening,2026-07-27T09:29:00Z,Verification photo keeps failing,I have tried six times with two phones. It says the photo is unclear.,closed
TICKET-005629,ACCOUNT-1002,payments,2026-07-02T19:17:47Z,Payment went to the wrong supplier,I picked the wrong saved payee. Can it be stopped?,closed
TICKET-005630,ACCOUNT-1007,fees,2026-06-08T23:30:59Z,What is this monthly fee?,The fee went up this month and we were not told.,closed
TICKET-005631,ACCOUNT-1002,payments,2026-07-09T18:28:47Z,How long does a payment take to arrive?,We have been told same day and we have been told two days.,closed
TICKET-005632,ACCOUNT-1004,payments,2026-06-02T03:44:41Z,Payment went to the wrong supplier,I picked the wrong saved payee. Can it be stopped?,closed
TICKET-005633,ACCOUNT-1002,cards,2026-08-16T18:13:10Z,Card declined in a shop,Declined twice at a builders merchant with money in the account.,closed
TICKET-005634,ACCOUNT-1007,scheduled-payments,2026-06-07T12:56:24Z,The rent was taken twice,"Same amount, same day, twice. We are now overdrawn.",closed
TICKET-005635,ACCOUNT-1008,access,2026-06-15T11:09:52Z,Locked out and the code is not arriving,The text message never comes. I have tried for an hour.,closed
TICKET-005636,ACCOUNT-1002,cards,2026-07-18T22:57:20Z,Card declined in a shop,Declined twice at a builders merchant with money in the account.,closed
TICKET-005637,ACCOUNT-1006,account-restrictions,2026-06-02T07:09:49Z,Account frozen and we cannot pay staff,Payroll is Friday. Nobody can tell us anything.,closed
TICKET-005638,ACCOUNT-1001,statements,2026-07-27T00:43:19Z,Need statements for the accountant,Our accountant needs the last two quarters as one file.,closed
TICKET-005639,ACCOUNT-1003,cards,2026-07-22T06:33:35Z,New card has not arrived,Ordered three weeks ago for a new starter.,closed
TICKET-005640,ACCOUNT-1001,access,2026-08-18T16:29:00Z,Cannot add a new user,New bookkeeper starts Monday and I cannot give her access.,closed
TICKET-005641,ACCOUNT-1005,account-opening,2026-07-28T04:57:51Z,Which documents do you actually need?,The list on the site and the email we got ask for different things.,closed
TICKET-005642,ACCOUNT-1003,access,2026-06-18T22:17:32Z,Locked out and the code is not arriving,The text message never comes. I have tried for an hour.,closed
TICKET-005643,ACCOUNT-1002,cards,2026-08-21T04:41:42Z,New card has not arrived,Ordered three weeks ago for a new starter.,closed
TICKET-005644,ACCOUNT-1001,statements,2026-07-11T07:26:40Z,Statement missing for last month,July is not in the list. June and August are.,closed
TICKET-005645,ACCOUNT-1002,fees,2026-07-26T13:38:58Z,Charged for a payment that failed,The payment did not go through and we were still charged for it.,closed
TICKET-005646,ACCOUNT-1007,cards,2026-07-20T07:33:14Z,Cards declining abroad for the whole team,Three of us are at a trade fair and none of the cards work.,closed
TICKET-005647,ACCOUNT-1009,payments,2026-08-27T03:38:41Z,Payment sent but it has not arrived,Sent on Tuesday morning to a supplier. They say nothing has come in.,closed
TICKET-005648,ACCOUNT-1001,statements,2026-06-15T05:53:25Z,Export will not download,The download starts and then stops at nothing.,closed
TICKET-005649,ACCOUNT-1001,access,2026-06-16T12:01:18Z,Cannot add a new user,New bookkeeper starts Monday and I cannot give her access.,closed
TICKET-005650,ACCOUNT-1005,fees,2026-07-23T02:29:39Z,Unexpected charge on the statement,There is a charge on the 14th that nobody here recognises.,closed
TICKET-005651,ACCOUNT-1006,account-restrictions,2026-06-30T23:23:52Z,Why is the account restricted?,It happened overnight with no warning and no explanation.,closed
TICKET-005652,ACCOUNT-1001,statements,2026-06-29T16:39:45Z,Need statements for the accountant,Our accountant needs the last two quarters as one file.,closed
TICKET-005653,ACCOUNT-1005,scheduled-payments,2026-06-22T12:14:18Z,The rent was taken twice,"Same amount, same day, twice. We are now overdrawn.",closed
TICKET-005654,ACCOUNT-1005,scheduled-payments,2026-07-15T11:35:36Z,How do I cancel a scheduled payment?,I cannot find where to stop one that is already set up.,closed
TICKET-005655,ACCOUNT-1006,access,2026-07-17T09:47:32Z,Cannot add a new user,New bookkeeper starts Monday and I cannot give her access.,closed
TICKET-005656,ACCOUNT-1006,access,2026-07-06T02:31:24Z,Cannot add a new user,New bookkeeper starts Monday and I cannot give her access.,closed
TICKET-005657,ACCOUNT-1001,access,2026-06-16T00:22:53Z,Cannot add a new user,New bookkeeper starts Monday and I cannot give her access.,closed
TICKET-005658,ACCOUNT-1010,statements,2026-08-12T08:31:54Z,Statement missing for last month,July is not in the list. June and August are.,closed
TICKET-005659,ACCOUNT-1004,statements,2026-06-28T03:41:24Z,Export will not download,The download starts and then stops at nothing.,closed
TICKET-005660,ACCOUNT-1001,cards,2026-06-24T15:24:33Z,New card has not arrived,Ordered three weeks ago for a new starter.,closed
TICKET-005661,ACCOUNT-1002,scheduled-payments,2026-06-27T14:59:28Z,How do I cancel a scheduled payment?,I cannot find where to stop one that is already set up.,closed
TICKET-005662,ACCOUNT-1004,fees,2026-07-11T09:55:07Z,Unexpected charge on the statement,There is a charge on the 14th that nobody here recognises.,closed
TICKET-005663,ACCOUNT-1001,fees,2026-07-05T07:34:09Z,Credit line interest is higher than we were quoted,We were quoted one rate and the statement shows another.,closed
TICKET-005664,ACCOUNT-1003,account-opening,2026-06-06T02:49:18Z,Which documents do you actually need?,The list on the site and the email we got ask for different things.,closed
TICKET-005665,ACCOUNT-1005,payments,2026-07-31T12:59:02Z,Payment failed but the money left the account,The screen said failed. The balance says otherwise.,closed
TICKET-005666,ACCOUNT-1008,cards,2026-08-04T20:37:05Z,Cards declining abroad for the whole team,Three of us are at a trade fair and none of the cards work.,closed
TICKET-005667,ACCOUNT-1007,payments,2026-06-27T19:50:40Z,How long does a payment take to arrive?,We have been told same day and we have been told two days.,closed
TICKET-005668,ACCOUNT-1005,cards,2026-08-04T03:00:54Z,New card has not arrived,Ordered three weeks ago for a new starter.,closed
TICKET-005669,ACCOUNT-1002,fees,2026-08-17T19:44:12Z,Credit line interest is higher than we were quoted,We were quoted one rate and the statement shows another.,closed
TICKET-005670,ACCOUNT-1001,access,2026-06-06T20:23:23Z,Locked out and the code is not arriving,The text message never comes. I have tried for an hour.,closed
TICKET-005671,ACCOUNT-1008,payments,2026-08-05T04:18:56Z,Payment sent but it has not arrived,Sent on Tuesday morning to a supplier. They say nothing has come in.,closed
TICKET-005672,ACCOUNT-1004,fees,2026-07-30T00:39:25Z,Unexpected charge on the statement,There is a charge on the 14th that nobody here recognises.,closed
TICKET-005673,ACCOUNT-1003,statements,2026-08-25T10:01:08Z,Statement missing for last month,July is not in the list. June and August are.,closed
TICKET-005674,ACCOUNT-1002,cards,2026-08-19T11:31:32Z,New card has not arrived,Ordered three weeks ago for a new starter.,closed
TICKET-005675,ACCOUNT-1004,payments,2026-06-26T02:44:45Z,How long does a payment take to arrive?,We have been told same day and we have been told two days.,closed
TICKET-005676,ACCOUNT-1001,cards,2026-06-16T13:00:46Z,"Lost card, needs blocking now",Card lost this morning. Please block it.,closed
TICKET-005677,ACCOUNT-1003,cards,2026-07-23T13:25:44Z,"Lost card, needs blocking now",Card lost this morning. Please block it.,closed
TICKET-005678,ACCOUNT-1004,account-opening,2026-06-16T07:12:26Z,Application still pending after a week,We applied on the 2nd and it still says in review. We need the account to pay suppliers.,closed
TICKET-005679,ACCOUNT-1003,scheduled-payments,2026-06-25T16:26:37Z,How do I cancel a scheduled payment?,I cannot find where to stop one that is already set up.,closed
TICKET-005680,ACCOUNT-1003,cards,2026-06-26T07:20:22Z,New card has not arrived,Ordered three weeks ago for a new starter.,closed
TICKET-005681,ACCOUNT-1002,payments,2026-07-22T23:29:45Z,Payment failed but the money left the account,The screen said failed. The balance says otherwise.,closed
TICKET-005682,ACCOUNT-1004,payments,2026-08-17T15:44:15Z,Payment went to the wrong supplier,I picked the wrong saved payee. Can it be stopped?,closed
TICKET-005683,ACCOUNT-1006,fees,2026-06-01T12:40:27Z,Credit line interest is higher than we were quoted,We were quoted one rate and the statement shows another.,closed
TICKET-005684,ACCOUNT-1009,fees,2026-08-10T22:29:21Z,Credit line interest is higher than we were quoted,We were quoted one rate and the statement shows another.,closed
TICKET-005685,ACCOUNT-1003,cards,2026-08-01T12:47:01Z,Card declined in a shop,Declined twice at a builders merchant with money in the account.,closed
TICKET-005686,ACCOUNT-1002,access,2026-07-01T18:20:43Z,Cannot add a new user,New bookkeeper starts Monday and I cannot give her access.,closed
TICKET-005687,ACCOUNT-1003,payments,2026-08-09T10:41:35Z,Payment failed but the money left the account,The screen said failed. The balance says otherwise.,closed
TICKET-005688,ACCOUNT-1002,account-opening,2026-07-04T23:54:16Z,Application still pending after a week,We applied on the 2nd and it still says in review. We need the account to pay suppliers.,closed
TICKET-005689,ACCOUNT-1003,payments,2026-08-29T21:15:58Z,Payment sent but it has not arrived,Sent on Tuesday morning to a supplier. They say nothing has come in.,closed
TICKET-005690,ACCOUNT-1008,statements,2026-07-14T19:29:29Z,Statement missing for last month,July is not in the list. June and August are.,closed
TICKET-005691,ACCOUNT-1008,payments,2026-07-31T21:03:55Z,Payment sent but it has not arrived,Sent on Tuesday morning to a supplier. They say nothing has come in.,closed
TICKET-005692,ACCOUNT-1005,payments,2026-06-04T02:16:53Z,How long does a payment take to arrive?,We have been told same day and we have been told two days.,closed
TICKET-005693,ACCOUNT-1001,cards,2026-06-14T16:01:23Z,"Lost card, needs blocking now",Card lost this morning. Please block it.,closed
TICKET-005694,ACCOUNT-1003,payments,2026-06-21T03:59:42Z,Payment went to the wrong supplier,I picked the wrong saved payee. Can it be stopped?,closed
TICKET-005695,ACCOUNT-1007,scheduled-payments,2026-08-08T14:56:36Z,Scheduled payment did not go out,The insurance payment was due on the 1st and did not leave.,closed
TICKET-005696,ACCOUNT-1007,access,2026-08-18T06:24:50Z,Cannot add a new user,New bookkeeper starts Monday and I cannot give her access.,closed
TICKET-005697,ACCOUNT-1001,access,2026-07-01T12:29:51Z,Cannot add a new user,New bookkeeper starts Monday and I cannot give her access.,closed
TICKET-005698,ACCOUNT-1003,payments,2026-07-24T02:37:25Z,Payment failed but the money left the account,The screen said failed. The balance says otherwise.,closed
TICKET-005699,ACCOUNT-1010,cards,2026-08-06T08:31:31Z,Card declined in a shop,Declined twice at a builders merchant with money in the account.,closed
TICKET-005700,ACCOUNT-1003,payments,2026-08-05T08:29:14Z,Payment sent but it has not arrived,Sent on Tuesday morning to a supplier. They say nothing has come in.,closed
TICKET-005701,ACCOUNT-1001,fees,2026-07-05T06:16:41Z,Credit line interest is higher than we were quoted,We were quoted one rate and the statement shows another.,closed
TICKET-005702,ACCOUNT-1001,payments,2026-07-02T16:02:45Z,Payment went to the wrong supplier,I picked the wrong saved payee. Can it be stopped?,closed
TICKET-005703,ACCOUNT-1001,scheduled-payments,2026-08-28T17:59:49Z,Scheduled payment did not go out,The insurance payment was due on the 1st and did not leave.,closed
TICKET-005704,ACCOUNT-1010,scheduled-payments,2026-06-29T07:35:25Z,Scheduled payment did not go out,The insurance payment was due on the 1st and did not leave.,closed
TICKET-005705,ACCOUNT-1001,statements,2026-06-12T08:46:00Z,Statement missing for last month,July is not in the list. June and August are.,closed
TICKET-005706,ACCOUNT-1006,cards,2026-06-13T19:53:38Z,"Lost card, needs blocking now",Card lost this morning. Please block it.,closed
TICKET-005707,ACCOUNT-1006,fees,2026-08-27T21:04:41Z,Charged for a payment that failed,The payment did not go through and we were still charged for it.,closed
TICKET-005708,ACCOUNT-1008,access,2026-06-25T07:55:41Z,Locked out and the code is not arriving,The text message never comes. I have tried for an hour.,closed
TICKET-005709,ACCOUNT-1006,payments,2026-06-15T09:13:30Z,How long does a payment take to arrive?,We have been told same day and we have been told two days.,closed
TICKET-005710,ACCOUNT-1003,fees,2026-08-18T03:34:08Z,Credit line interest is higher than we were quoted,We were quoted one rate and the statement shows another.,closed
TICKET-005711,ACCOUNT-1006,account-restrictions,2026-08-04T23:37:26Z,Why is the account restricted?,It happened overnight with no warning and no explanation.,closed
TICKET-005712,ACCOUNT-1004,payments,2026-06-08T11:38:58Z,Payment sent but it has not arrived,Sent on Tuesday morning to a supplier. They say nothing has come in.,closed
TICKET-005713,ACCOUNT-1003,cards,2026-08-08T17:29:03Z,New card has not arrived,Ordered three weeks ago for a new starter.,closed
TICKET-005714,ACCOUNT-1003,access,2026-07-30T13:54:52Z,Cannot add a new user,New bookkeeper starts Monday and I cannot give her access.,closed
TICKET-005715,ACCOUNT-1004,payments,2026-08-30T08:16:51Z,How long does a payment take to arrive?,We have been told same day and we have been told two days.,closed
TICKET-005716,ACCOUNT-1004,payments,2026-06-02T19:08:30Z,Payment went to the wrong supplier,I picked the wrong saved payee. Can it be stopped?,closed
TICKET-005717,ACCOUNT-1002,cards,2026-06-23T22:32:19Z,New card has not arrived,Ordered three weeks ago for a new starter.,closed
TICKET-005718,ACCOUNT-1003,cards,2026-08-03T08:52:30Z,New card has not arrived,Ordered three weeks ago for a new starter.,closed
TICKET-005719,ACCOUNT-1009,fees,2026-08-15T16:23:00Z,Charged for a payment that failed,The payment did not go through and we were still charged for it.,closed
TICKET-005720,ACCOUNT-1001,account-opening,2026-08-26T09:58:09Z,Verification photo keeps failing,I have tried six times with two phones. It says the photo is unclear.,closed
TICKET-005721,ACCOUNT-1006,payments,2026-07-20T15:26:49Z,How long does a payment take to arrive?,We have been told same day and we have been told two days.,closed
TICKET-005722,ACCOUNT-1004,fees,2026-08-22T18:59:14Z,Credit line interest is higher than we were quoted,We were quoted one rate and the statement shows another.,closed
TICKET-005723,ACCOUNT-1004,cards,2026-07-07T21:38:00Z,"Lost card, needs blocking now",Card lost this morning. Please block it.,closed
TICKET-005724,ACCOUNT-1010,payments,2026-07-22T22:35:05Z,Payment went to the wrong supplier,I picked the wrong saved payee. Can it be stopped?,closed
TICKET-005725,ACCOUNT-1001,cards,2026-08-10T15:29:45Z,Cards declining abroad for the whole team,Three of us are at a trade fair and none of the cards work.,closed
TICKET-005726,ACCOUNT-1002,payments,2026-06-21T22:29:44Z,Payment failed but the money left the account,The screen said failed. The balance says otherwise.,closed
TICKET-005727,ACCOUNT-1005,fees,2026-06-29T21:28:03Z,Credit line interest is higher than we were quoted,We were quoted one rate and the statement shows another.,closed
TICKET-005728,ACCOUNT-1001,cards,2026-06-15T02:56:03Z,New card has not arrived,Ordered three weeks ago for a new starter.,closed
TICKET-005729,ACCOUNT-1003,account-opening,2026-07-23T02:31:07Z,Which documents do you actually need?,The list on the site and the email we got ask for different things.,closed
TICKET-005730,ACCOUNT-1007,payments,2026-08-18T18:50:02Z,Payment went to the wrong supplier,I picked the wrong saved payee. Can it be stopped?,closed
TICKET-005731,ACCOUNT-1004,cards,2026-08-09T15:07:12Z,"Lost card, needs blocking now",Card lost this morning. Please block it.,closed
TICKET-005732,ACCOUNT-1003,cards,2026-07-03T12:11:56Z,"Lost card, needs blocking now",Card lost this morning. Please block it.,closed
TICKET-005733,ACCOUNT-1001,statements,2026-07-25T18:35:33Z,Need statements for the accountant,Our accountant needs the last two quarters as one file.,closed
TICKET-005734,ACCOUNT-1004,payments,2026-07-25T19:01:31Z,Payment went to the wrong supplier,I picked the wrong saved payee. Can it be stopped?,closed
TICKET-005735,ACCOUNT-1003,payments,2026-08-30T06:04:07Z,How long does a payment take to arrive?,We have been told same day and we have been told two days.,closed
TICKET-005736,ACCOUNT-1002,statements,2026-08-09T22:21:46Z,Export will not download,The download starts and then stops at nothing.,closed
TICKET-005737,ACCOUNT-1007,scheduled-payments,2026-07-05T19:58:07Z,The rent was taken twice,"Same amount, same day, twice. We are now overdrawn.",closed
TICKET-005738,ACCOUNT-1001,access,2026-08-04T06:47:22Z,Cannot add a new user,New bookkeeper starts Monday and I cannot give her access.,closed
TICKET-005739,ACCOUNT-1002,statements,2026-08-28T11:19:10Z,Export will not download,The download starts and then stops at nothing.,closed
TICKET-005740,ACCOUNT-1005,payments,2026-06-23T20:43:16Z,How long does a payment take to arrive?,We have been told same day and we have been told two days.,closed
TICKET-005741,ACCOUNT-1003,cards,2026-08-30T12:49:07Z,Card declined in a shop,Declined twice at a builders merchant with money in the account.,closed
TICKET-005742,ACCOUNT-1002,access,2026-06-02T11:39:31Z,Locked out and the code is not arriving,The text message never comes. I have tried for an hour.,closed
TICKET-005743,ACCOUNT-1004,cards,2026-07-17T22:41:55Z,New card has not arrived,Ordered three weeks ago for a new starter.,closed
TICKET-005744,ACCOUNT-1005,scheduled-payments,2026-08-07T14:54:51Z,How do I cancel a scheduled payment?,I cannot find where to stop one that is already set up.,closed
TICKET-005745,ACCOUNT-1001,cards,2026-06-05T20:38:38Z,"Lost card, needs blocking now",Card lost this morning. Please block it.,closed
TICKET-005746,ACCOUNT-1001,statements,2026-08-17T20:01:04Z,Statement missing for last month,July is not in the list. June and August are.,closed
TICKET-005747,ACCOUNT-1008,access,2026-08-29T21:54:02Z,Cannot add a new user,New bookkeeper starts Monday and I cannot give her access.,closed
TICKET-005748,ACCOUNT-1001,cards,2026-08-27T02:30:46Z,Cards declining abroad for the whole team,Three of us are at a trade fair and none of the cards work.,closed
TICKET-005749,ACCOUNT-1001,scheduled-payments,2026-07-10T10:44:09Z,Scheduled payment did not go out,The insurance payment was due on the 1st and did not leave.,closed
TICKET-005750,ACCOUNT-1005,account-restrictions,2026-06-18T06:19:34Z,Account frozen and we cannot pay staff,Payroll is Friday. Nobody can tell us anything.,closed
TICKET-005751,ACCOUNT-1006,scheduled-payments,2026-07-02T06:47:45Z,How do I cancel a scheduled payment?,I cannot find where to stop one that is already set up.,closed
TICKET-005752,ACCOUNT-1007,cards,2026-08-16T16:39:52Z,New card has not arrived,Ordered three weeks ago for a new starter.,closed
TICKET-005753,ACCOUNT-1006,scheduled-payments,2026-08-16T23:35:12Z,Scheduled payment did not go out,The insurance payment was due on the 1st and did not leave.,closed
TICKET-005754,ACCOUNT-1001,scheduled-payments,2026-08-11T19:07:14Z,Scheduled payment did not go out,The insurance payment was due on the 1st and did not leave.,closed
TICKET-005755,ACCOUNT-1003,payments,2026-08-17T18:51:52Z,Payment sent but it has not arrived,Sent on Tuesday morning to a supplier. They say nothing has come in.,closed
TICKET-005756,ACCOUNT-1002,statements,2026-06-04T10:32:06Z,Statement missing for last month,July is not in the list. June and August are.,closed
TICKET-005757,ACCOUNT-1003,fees,2026-08-18T14:18:16Z,What is this monthly fee?,The fee went up this month and we were not told.,closed
TICKET-005758,ACCOUNT-1001,access,2026-06-29T13:28:32Z,Locked out and the code is not arriving,The text message never comes. I have tried for an hour.,closed
TICKET-005759,ACCOUNT-1002,payments,2026-08-07T20:43:11Z,How long does a payment take to arrive?,We have been told same day and we have been told two days.,closed
TICKET-005760,ACCOUNT-1003,statements,2026-07-03T08:33:18Z,Need statements for the accountant,Our accountant needs the last two quarters as one file.,closed
TICKET-005761,ACCOUNT-1004,payments,2026-08-28T03:14:38Z,How long does a payment take to arrive?,We have been told same day and we have been told two days.,closed
TICKET-005762,ACCOUNT-1001,fees,2026-06-23T11:17:45Z,What is this monthly fee?,The fee went up this month and we were not told.,closed
TICKET-005763,ACCOUNT-1003,cards,2026-06-09T02:15:09Z,Card declined in a shop,Declined twice at a builders merchant with money in the account.,closed
TICKET-005764,ACCOUNT-1003,cards,2026-08-12T03:44:03Z,Card declined in a shop,Declined twice at a builders merchant with money in the account.,closed
TICKET-005765,ACCOUNT-1005,cards,2026-07-10T21:48:01Z,Card declined in a shop,Declined twice at a builders merchant with money in the account.,closed
TICKET-005766,ACCOUNT-1006,fees,2026-07-11T15:09:57Z,Unexpected charge on the statement,There is a charge on the 14th that nobody here recognises.,closed
TICKET-005767,ACCOUNT-1001,fees,2026-08-10T01:34:31Z,Charged for a payment that failed,The payment did not go through and we were still charged for it.,closed
TICKET-005768,ACCOUNT-1004,fees,2026-06-27T04:54:21Z,Credit line interest is higher than we were quoted,We were quoted one rate and the statement shows another.,closed
TICKET-005769,ACCOUNT-1001,scheduled-payments,2026-07-05T12:41:54Z,Scheduled payment did not go out,The insurance payment was due on the 1st and did not leave.,closed
TICKET-005770,ACCOUNT-1007,payments,2026-08-07T01:50:12Z,Payment failed but the money left the account,The screen said failed. The balance says otherwise.,closed
TICKET-005771,ACCOUNT-1002,statements,2026-06-25T02:20:33Z,Statement missing for last month,July is not in the list. June and August are.,closed
TICKET-005772,ACCOUNT-1006,fees,2026-07-03T22:28:50Z,Unexpected charge on the statement,There is a charge on the 14th that nobody here recognises.,closed
TICKET-005773,ACCOUNT-1004,cards,2026-08-21T03:58:01Z,New card has not arrived,Ordered three weeks ago for a new starter.,closed
TICKET-005774,ACCOUNT-1001,cards,2026-07-17T18:54:52Z,Cards declining abroad for the whole team,Three of us are at a trade fair and none of the cards work.,closed
TICKET-005775,ACCOUNT-1010,payments,2026-06-23T00:02:35Z,How long does a payment take to arrive?,We have been told same day and we have been told two days.,closed
TICKET-005776,ACCOUNT-1003,account-opening,2026-06-27T00:32:31Z,Application still pending after a week,We applied on the 2nd and it still says in review. We need the account to pay suppliers.,closed
TICKET-005777,ACCOUNT-1010,scheduled-payments,2026-08-27T22:13:27Z,How do I cancel a scheduled payment?,I cannot find where to stop one that is already set up.,closed
TICKET-005778,ACCOUNT-1002,cards,2026-06-25T04:24:28Z,Card declined in a shop,Declined twice at a builders merchant with money in the account.,closed
TICKET-005779,ACCOUNT-1004,account-restrictions,2026-08-14T06:00:01Z,Why is the account restricted?,It happened overnight with no warning and no explanation.,closed
TICKET-005780,ACCOUNT-1005,access,2026-07-05T12:45:55Z,Locked out and the code is not arriving,The text message never comes. I have tried for an hour.,closed
TICKET-005781,ACCOUNT-1008,scheduled-payments,2026-07-01T06:50:16Z,How do I cancel a scheduled payment?,I cannot find where to stop one that is already set up.,closed
TICKET-005782,ACCOUNT-1001,fees,2026-08-20T09:54:29Z,Unexpected charge on the statement,There is a charge on the 14th that nobody here recognises.,closed
TICKET-005783,ACCOUNT-1001,cards,2026-06-06T13:16:21Z,New card has not arrived,Ordered three weeks ago for a new starter.,closed
TICKET-005784,ACCOUNT-1007,fees,2026-06-14T07:08:55Z,Charged for a payment that failed,The payment did not go through and we were still charged for it.,closed
TICKET-005785,ACCOUNT-1009,cards,2026-07-24T17:45:10Z,New card has not arrived,Ordered three weeks ago for a new starter.,closed
TICKET-005786,ACCOUNT-1001,fees,2026-06-25T17:02:14Z,Charged for a payment that failed,The payment did not go through and we were still charged for it.,closed
TICKET-005787,ACCOUNT-1002,access,2026-07-11T17:49:46Z,Locked out and the code is not arriving,The text message never comes. I have tried for an hour.,closed
TICKET-005788,ACCOUNT-1009,access,2026-07-19T02:57:35Z,Locked out and the code is not arriving,The text message never comes. I have tried for an hour.,closed
TICKET-005789,ACCOUNT-1007,fees,2026-07-09T11:38:30Z,What is this monthly fee?,The fee went up this month and we were not told.,closed
TICKET-005790,ACCOUNT-1004,payments,2026-07-28T10:30:09Z,Payment sent but it has not arrived,Sent on Tuesday morning to a supplier. They say nothing has come in.,closed
TICKET-005791,ACCOUNT-1010,payments,2026-08-09T20:39:42Z,Payment failed but the money left the account,The screen said failed. The balance says otherwise.,closed
TICKET-005792,ACCOUNT-1008,fees,2026-08-08T03:44:24Z,Unexpected charge on the statement,There is a charge on the 14th that nobody here recognises.,closed
TICKET-005793,ACCOUNT-1001,payments,2026-06-30T12:22:25Z,Payment failed but the money left the account,The screen said failed. The balance says otherwise.,closed
TICKET-005794,ACCOUNT-1001,statements,2026-06-07T08:09:31Z,Export will not download,The download starts and then stops at nothing.,closed
TICKET-005795,ACCOUNT-1005,account-opening,2026-07-03T21:59:33Z,Which documents do you actually need?,The list on the site and the email we got ask for different things.,closed
TICKET-005796,ACCOUNT-1007,cards,2026-06-15T15:32:27Z,"Lost card, needs blocking now",Card lost this morning. Please block it.,closed
TICKET-005797,ACCOUNT-1001,payments,2026-08-15T22:21:16Z,Payment went to the wrong supplier,I picked the wrong saved payee. Can it be stopped?,closed
TICKET-005798,ACCOUNT-1004,cards,2026-08-26T05:16:26Z,Card declined in a shop,Declined twice at a builders merchant with money in the account.,closed
TICKET-005799,ACCOUNT-1003,payments,2026-08-28T13:05:49Z,Payment went to the wrong supplier,I picked the wrong saved payee. Can it be stopped?,closed
TICKET-005800,ACCOUNT-1001,payments,2026-07-03T11:01:09Z,Payment went to the wrong supplier,I picked the wrong saved payee. Can it be stopped?,closed
TICKET-005801,ACCOUNT-1007,account-restrictions,2026-07-03T00:12:59Z,Why is the account restricted?,It happened overnight with no warning and no explanation.,closed
TICKET-005802,ACCOUNT-1002,payments,2026-06-21T07:45:17Z,Payment sent but it has not arrived,Sent on Tuesday morning to a supplier. They say nothing has come in.,closed
TICKET-005803,ACCOUNT-1001,scheduled-payments,2026-08-05T14:24:15Z,The rent was taken twice,"Same amount, same day, twice. We are now overdrawn.",closed
TICKET-005804,ACCOUNT-1003,payments,2026-07-31T20:13:21Z,Payment sent but it has not arrived,Sent on Tuesday morning to a supplier. They say nothing has come in.,closed
TICKET-005805,ACCOUNT-1003,scheduled-payments,2026-08-30T23:52:04Z,How do I cancel a scheduled payment?,I cannot find where to stop one that is already set up.,closed
TICKET-005806,ACCOUNT-1003,cards,2026-08-16T09:43:22Z,Cards declining abroad for the whole team,Three of us are at a trade fair and none of the cards work.,closed
TICKET-005807,ACCOUNT-1002,cards,2026-07-18T21:27:01Z,"Lost card, needs blocking now",Card lost this morning. Please block it.,closed
TICKET-005808,ACCOUNT-1003,fees,2026-08-28T16:19:25Z,What is this monthly fee?,The fee went up this month and we were not told.,closed
TICKET-005809,ACCOUNT-1008,cards,2026-07-15T10:38:55Z,"Lost card, needs blocking now",Card lost this morning. Please block it.,closed
TICKET-005810,ACCOUNT-1008,payments,2026-07-22T16:18:12Z,Payment went to the wrong supplier,I picked the wrong saved payee. Can it be stopped?,closed
TICKET-005811,ACCOUNT-1008,payments,2026-06-28T07:44:05Z,Payment sent but it has not arrived,Sent on Tuesday morning to a supplier. They say nothing has come in.,closed
TICKET-005812,ACCOUNT-1008,account-restrictions,2026-07-21T14:48:17Z,Why is the account restricted?,It happened overnight with no warning and no explanation.,closed
TICKET-005813,ACCOUNT-1007,cards,2026-07-10T06:13:44Z,"Lost card, needs blocking now",Card lost this morning. Please block it.,closed
TICKET-005814,ACCOUNT-1008,payments,2026-06-17T07:15:38Z,Payment failed but the money left the account,The screen said failed. The balance says otherwise.,closed
TICKET-005815,ACCOUNT-1001,fees,2026-06-29T04:12:15Z,What is this monthly fee?,The fee went up this month and we were not told.,closed
TICKET-005816,ACCOUNT-1009,payments,2026-06-23T22:38:31Z,How long does a payment take to arrive?,We have been told same day and we have been told two days.,closed
TICKET-005817,ACCOUNT-1001,cards,2026-06-26T00:22:30Z,"Lost card, needs blocking now",Card lost this morning. Please block it.,closed
TICKET-005818,ACCOUNT-1006,account-opening,2026-06-07T14:31:19Z,Application still pending after a week,We applied on the 2nd and it still says in review. We need the account to pay suppliers.,closed
TICKET-005819,ACCOUNT-1004,payments,2026-07-20T12:20:44Z,How long does a payment take to arrive?,We have been told same day and we have been told two days.,closed
TICKET-005820,ACCOUNT-1003,cards,2026-06-20T21:58:31Z,Cards declining abroad for the whole team,Three of us are at a trade fair and none of the cards work.,closed
TICKET-005821,ACCOUNT-1008,statements,2026-06-14T01:23:48Z,Export will not download,The download starts and then stops at nothing.,closed
TICKET-005822,ACCOUNT-1003,account-restrictions,2026-07-07T06:34:48Z,Account frozen and we cannot pay staff,Payroll is Friday. Nobody can tell us anything.,closed
TICKET-005823,ACCOUNT-1009,payments,2026-07-10T07:37:12Z,Payment sent but it has not arrived,Sent on Tuesday morning to a supplier. They say nothing has come in.,closed
TICKET-005824,ACCOUNT-1002,cards,2026-06-04T00:15:16Z,Card declined in a shop,Declined twice at a builders merchant with money in the account.,closed
TICKET-005825,ACCOUNT-1001,payments,2026-08-11T17:02:50Z,How long does a payment take to arrive?,We have been told same day and we have been told two days.,closed
TICKET-005826,ACCOUNT-1006,account-opening,2026-08-07T07:56:40Z,Application still pending after a week,We applied on the 2nd and it still says in review. We need the account to pay suppliers.,closed
TICKET-005827,ACCOUNT-1006,access,2026-06-08T16:28:19Z,Locked out and the code is not arriving,The text message never comes. I have tried for an hour.,closed
TICKET-005828,ACCOUNT-1007,fees,2026-07-27T13:00:41Z,Credit line interest is higher than we were quoted,We were quoted one rate and the statement shows another.,closed
TICKET-005829,ACCOUNT-1007,cards,2026-06-02T04:46:12Z,New card has not arrived,Ordered three weeks ago for a new starter.,closed
TICKET-005830,ACCOUNT-1006,account-opening,2026-06-16T12:48:58Z,Application still pending after a week,We applied on the 2nd and it still says in review. We need the account to pay suppliers.,closed
TICKET-005831,ACCOUNT-1006,scheduled-payments,2026-06-11T07:28:11Z,How do I cancel a scheduled payment?,I cannot find where to stop one that is already set up.,closed
TICKET-005832,ACCOUNT-1005,scheduled-payments,2026-06-02T15:58:59Z,The rent was taken twice,"Same amount, same day, twice. We are now overdrawn.",closed
TICKET-005833,ACCOUNT-1004,account-opening,2026-07-29T01:37:31Z,Which documents do you actually need?,The list on the site and the email we got ask for different things.,closed
TICKET-005834,ACCOUNT-1002,fees,2026-07-25T14:42:41Z,Credit line interest is higher than we were quoted,We were quoted one rate and the statement shows another.,closed
TICKET-005835,ACCOUNT-1003,statements,2026-08-21T17:57:51Z,Statement missing for last month,July is not in the list. June and August are.,closed
TICKET-005836,ACCOUNT-1003,cards,2026-07-24T15:19:15Z,"Lost card, needs blocking now",Card lost this morning. Please block it.,closed
TICKET-005837,ACCOUNT-1001,cards,2026-06-28T22:10:26Z,Card declined in a shop,Declined twice at a builders merchant with money in the account.,closed
TICKET-005838,ACCOUNT-1006,payments,2026-08-26T19:10:51Z,Payment went to the wrong supplier,I picked the wrong saved payee. Can it be stopped?,closed
TICKET-005839,ACCOUNT-1001,payments,2026-07-22T15:16:51Z,How long does a payment take to arrive?,We have been told same day and we have been told two days.,closed
TICKET-005840,ACCOUNT-1010,fees,2026-08-27T16:02:21Z,Credit line interest is higher than we were quoted,We were quoted one rate and the statement shows another.,closed
TICKET-005841,ACCOUNT-1001,statements,2026-07-28T11:43:38Z,Need statements for the accountant,Our accountant needs the last two quarters as one file.,closed
TICKET-005842,ACCOUNT-1003,cards,2026-08-28T16:12:40Z,Card declined in a shop,Declined twice at a builders merchant with money in the account.,closed
TICKET-005843,ACCOUNT-1005,fees,2026-06-10T10:07:04Z,What is this monthly fee?,The fee went up this month and we were not told.,closed
TICKET-005844,ACCOUNT-1004,payments,2026-08-20T02:03:56Z,Payment failed but the money left the account,The screen said failed. The balance says otherwise.,closed
TICKET-005845,ACCOUNT-1008,access,2026-07-05T23:48:03Z,Cannot add a new user,New bookkeeper starts Monday and I cannot give her access.,closed
TICKET-005846,ACCOUNT-1003,access,2026-07-03T05:07:46Z,Locked out and the code is not arriving,The text message never comes. I have tried for an hour.,closed
TICKET-005847,ACCOUNT-1002,cards,2026-08-17T08:29:08Z,New card has not arrived,Ordered three weeks ago for a new starter.,closed
TICKET-005848,ACCOUNT-1001,account-opening,2026-08-03T05:58:14Z,Which documents do you actually need?,The list on the site and the email we got ask for different things.,closed
TICKET-005849,ACCOUNT-1001,payments,2026-06-08T12:56:48Z,Payment failed but the money left the account,The screen said failed. The balance says otherwise.,closed
TICKET-005850,ACCOUNT-1009,fees,2026-07-22T03:41:56Z,What is this monthly fee?,The fee went up this month and we were not told.,closed
TICKET-005851,ACCOUNT-1001,access,2026-07-22T00:23:03Z,Cannot add a new user,New bookkeeper starts Monday and I cannot give her access.,closed
TICKET-005852,ACCOUNT-1003,cards,2026-08-09T16:39:35Z,"Lost card, needs blocking now",Card lost this morning. Please block it.,closed
TICKET-005853,ACCOUNT-1002,cards,2026-07-28T12:23:11Z,"Lost card, needs blocking now",Card lost this morning. Please block it.,closed
TICKET-005854,ACCOUNT-1004,statements,2026-06-11T11:59:46Z,Need statements for the accountant,Our accountant needs the last two quarters as one file.,closed
TICKET-005855,ACCOUNT-1007,access,2026-08-23T16:41:47Z,Cannot add a new user,New bookkeeper starts Monday and I cannot give her access.,closed
TICKET-005856,ACCOUNT-1004,access,2026-06-11T19:51:02Z,Cannot add a new user,New bookkeeper starts Monday and I cannot give her access.,closed
TICKET-005857,ACCOUNT-1005,access,2026-08-20T13:48:40Z,Cannot add a new user,New bookkeeper starts Monday and I cannot give her access.,closed
TICKET-005858,ACCOUNT-1003,account-opening,2026-06-03T06:03:06Z,Verification photo keeps failing,I have tried six times with two phones. It says the photo is unclear.,closed
TICKET-005859,ACCOUNT-1001,payments,2026-08-30T05:11:13Z,Payment sent but it has not arrived,Sent on Tuesday morning to a supplier. They say nothing has come in.,closed
TICKET-005860,ACCOUNT-1002,access,2026-07-12T11:54:43Z,Locked out and the code is not arriving,The text message never comes. I have tried for an hour.,closed
TICKET-005861,ACCOUNT-1009,cards,2026-07-02T11:52:38Z,Cards declining abroad for the whole team,Three of us are at a trade fair and none of the cards work.,closed
TICKET-005862,ACCOUNT-1003,access,2026-07-31T08:07:12Z,Cannot add a new user,New bookkeeper starts Monday and I cannot give her access.,closed
TICKET-005863,ACCOUNT-1002,fees,2026-08-26T06:05:37Z,Unexpected charge on the statement,There is a charge on the 14th that nobody here recognises.,closed
TICKET-005864,ACCOUNT-1006,account-opening,2026-07-08T09:57:19Z,Which documents do you actually need?,The list on the site and the email we got ask for different things.,closed
TICKET-005865,ACCOUNT-1002,cards,2026-06-03T03:11:48Z,New card has not arrived,Ordered three weeks ago for a new starter.,closed
TICKET-005866,ACCOUNT-1003,statements,2026-08-29T22:17:53Z,Export will not download,The download starts and then stops at nothing.,closed
TICKET-005867,ACCOUNT-1004,cards,2026-07-21T14:49:11Z,Cards declining abroad for the whole team,Three of us are at a trade fair and none of the cards work.,closed
TICKET-005868,ACCOUNT-1002,cards,2026-06-18T10:45:01Z,Cards declining abroad for the whole team,Three of us are at a trade fair and none of the cards work.,closed
TICKET-005869,ACCOUNT-1010,scheduled-payments,2026-06-07T12:26:45Z,How do I cancel a scheduled payment?,I cannot find where to stop one that is already set up.,closed
TICKET-005870,ACCOUNT-1004,payments,2026-08-08T07:37:07Z,How long does a payment take to arrive?,We have been told same day and we have been told two days.,closed
TICKET-005871,ACCOUNT-1003,scheduled-payments,2026-06-09T14:12:44Z,How do I cancel a scheduled payment?,I cannot find where to stop one that is already set up.,closed
TICKET-005872,ACCOUNT-1001,account-opening,2026-07-27T08:28:36Z,Verification photo keeps failing,I have tried six times with two phones. It says the photo is unclear.,closed
TICKET-005873,ACCOUNT-1005,scheduled-payments,2026-07-22T08:04:44Z,The rent was taken twice,"Same amount, same day, twice. We are now overdrawn.",closed
TICKET-005874,ACCOUNT-1005,fees,2026-07-30T20:56:46Z,What is this monthly fee?,The fee went up this month and we were not told.,closed
TICKET-005875,ACCOUNT-1004,cards,2026-07-07T20:24:20Z,Card declined in a shop,Declined twice at a builders merchant with money in the account.,closed
TICKET-005876,ACCOUNT-1006,payments,2026-07-11T18:48:14Z,How long does a payment take to arrive?,We have been told same day and we have been told two days.,closed
TICKET-005877,ACCOUNT-1002,account-opening,2026-06-17T16:32:33Z,Which documents do you actually need?,The list on the site and the email we got ask for different things.,closed
TICKET-005878,ACCOUNT-1002,payments,2026-07-06T15:48:16Z,Payment sent but it has not arrived,Sent on Tuesday morning to a supplier. They say nothing has come in.,closed
TICKET-005879,ACCOUNT-1001,scheduled-payments,2026-07-02T17:59:03Z,How do I cancel a scheduled payment?,I cannot find where to stop one that is already set up.,closed
TICKET-005880,ACCOUNT-1002,access,2026-07-29T07:41:36Z,Locked out and the code is not arriving,The text message never comes. I have tried for an hour.,closed
TICKET-005881,ACCOUNT-1006,cards,2026-07-06T15:57:03Z,Card declined in a shop,Declined twice at a builders merchant with money in the account.,closed
TICKET-005882,ACCOUNT-1003,scheduled-payments,2026-06-17T05:49:32Z,The rent was taken twice,"Same amount, same day, twice. We are now overdrawn.",closed
TICKET-005883,ACCOUNT-1004,access,2026-08-01T14:32:40Z,Locked out and the code is not arriving,The text message never comes. I have tried for an hour.,closed
TICKET-005884,ACCOUNT-1003,account-opening,2026-06-28T03:15:27Z,Application still pending after a week,We applied on the 2nd and it still says in review. We need the account to pay suppliers.,closed
TICKET-005885,ACCOUNT-1003,fees,2026-08-16T21:25:20Z,Credit line interest is higher than we were quoted,We were quoted one rate and the statement shows another.,closed
TICKET-005886,ACCOUNT-1003,scheduled-payments,2026-06-07T02:21:48Z,How do I cancel a scheduled payment?,I cannot find where to stop one that is already set up.,closed
TICKET-005887,ACCOUNT-1008,scheduled-payments,2026-07-18T05:50:26Z,Scheduled payment did not go out,The insurance payment was due on the 1st and did not leave.,closed
TICKET-005888,ACCOUNT-1005,cards,2026-08-12T08:23:32Z,New card has not arrived,Ordered three weeks ago for a new starter.,closed
TICKET-005889,ACCOUNT-1002,account-opening,2026-06-08T23:44:16Z,Application still pending after a week,We applied on the 2nd and it still says in review. We need the account to pay suppliers.,closed
TICKET-005890,ACCOUNT-1001,access,2026-07-10T02:04:16Z,Locked out and the code is not arriving,The text message never comes. I have tried for an hour.,closed
TICKET-005891,ACCOUNT-1004,scheduled-payments,2026-07-15T04:35:28Z,The rent was taken twice,"Same amount, same day, twice. We are now overdrawn.",closed
TICKET-005892,ACCOUNT-1001,account-opening,2026-07-10T01:17:50Z,Which documents do you actually need?,The list on the site and the email we got ask for different things.,closed
TICKET-005893,ACCOUNT-1001,fees,2026-08-12T08:34:26Z,Charged for a payment that failed,The payment did not go through and we were still charged for it.,closed
TICKET-005894,ACCOUNT-1010,scheduled-payments,2026-08-29T04:39:03Z,Scheduled payment did not go out,The insurance payment was due on the 1st and did not leave.,closed
TICKET-005895,ACCOUNT-1004,cards,2026-07-18T19:43:25Z,Card declined in a shop,Declined twice at a builders merchant with money in the account.,closed
TICKET-005896,ACCOUNT-1005,payments,2026-08-01T03:26:21Z,Payment failed but the money left the account,The screen said failed. The balance says otherwise.,closed
TICKET-005897,ACCOUNT-1003,statements,2026-06-10T13:36:58Z,Need statements for the accountant,Our accountant needs the last two quarters as one file.,closed
TICKET-005898,ACCOUNT-1005,account-opening,2026-08-24T01:31:59Z,Application still pending after a week,We applied on the 2nd and it still says in review. We need the account to pay suppliers.,closed
TICKET-005899,ACCOUNT-1004,cards,2026-06-18T04:40:29Z,Cards declining abroad for the whole team,Three of us are at a trade fair and none of the cards work.,closed
TICKET-005900,ACCOUNT-1007,payments,2026-07-15T13:00:00Z,Payment failed but the money left the account,The screen said failed. The balance says otherwise.,closed
TICKET-005901,ACCOUNT-1008,account-opening,2026-07-13T02:18:45Z,Verification photo keeps failing,I have tried six times with two phones. It says the photo is unclear.,closed
TICKET-005902,ACCOUNT-1001,account-opening,2026-07-27T07:58:22Z,Verification photo keeps failing,I have tried six times with two phones. It says the photo is unclear.,closed
TICKET-005903,ACCOUNT-1003,account-opening,2026-07-12T08:50:31Z,Which documents do you actually need?,The list on the site and the email we got ask for different things.,closed
TICKET-005904,ACCOUNT-1004,cards,2026-07-16T23:34:38Z,Card declined in a shop,Declined twice at a builders merchant with money in the account.,closed
TICKET-005905,ACCOUNT-1005,scheduled-payments,2026-08-27T04:57:28Z,How do I cancel a scheduled payment?,I cannot find where to stop one that is already set up.,closed
TICKET-005906,ACCOUNT-1005,cards,2026-06-19T17:55:38Z,"Lost card, needs blocking now",Card lost this morning. Please block it.,closed
TICKET-005907,ACCOUNT-1002,payments,2026-07-16T19:04:47Z,Payment went to the wrong supplier,I picked the wrong saved payee. Can it be stopped?,closed
TICKET-005908,ACCOUNT-1004,payments,2026-08-31T12:16:37Z,Payment failed but the money left the account,The screen said failed. The balance says otherwise.,closed
TICKET-005909,ACCOUNT-1002,fees,2026-08-15T08:16:10Z,Unexpected charge on the statement,There is a charge on the 14th that nobody here recognises.,closed
TICKET-005910,ACCOUNT-1004,access,2026-07-27T10:58:25Z,Locked out and the code is not arriving,The text message never comes. I have tried for an hour.,closed
TICKET-005911,ACCOUNT-1005,payments,2026-06-24T21:07:56Z,Payment went to the wrong supplier,I picked the wrong saved payee. Can it be stopped?,closed
TICKET-005912,ACCOUNT-1003,cards,2026-08-28T06:45:20Z,New card has not arrived,Ordered three weeks ago for a new starter.,closed
TICKET-005913,ACCOUNT-1010,statements,2026-08-31T06:29:31Z,Export will not download,The download starts and then stops at nothing.,closed
TICKET-005914,ACCOUNT-1005,payments,2026-07-30T23:58:42Z,How long does a payment take to arrive?,We have been told same day and we have been told two days.,closed
TICKET-005915,ACCOUNT-1001,fees,2026-07-01T17:02:57Z,Charged for a payment that failed,The payment did not go through and we were still charged for it.,closed
TICKET-005916,ACCOUNT-1003,scheduled-payments,2026-08-21T18:47:09Z,How do I cancel a scheduled payment?,I cannot find where to stop one that is already set up.,closed
TICKET-005917,ACCOUNT-1002,access,2026-06-07T22:17:51Z,Locked out and the code is not arriving,The text message never comes. I have tried for an hour.,closed
TICKET-005918,ACCOUNT-1003,cards,2026-07-08T17:21:22Z,New card has not arrived,Ordered three weeks ago for a new starter.,closed
TICKET-005919,ACCOUNT-1005,account-opening,2026-07-23T23:34:52Z,Application still pending after a week,We applied on the 2nd and it still says in review. We need the account to pay suppliers.,closed
TICKET-005920,ACCOUNT-1009,scheduled-payments,2026-07-07T01:46:02Z,The rent was taken twice,"Same amount, same day, twice. We are now overdrawn.",closed
TICKET-005921,ACCOUNT-1001,scheduled-payments,2026-08-06T19:03:24Z,The rent was taken twice,"Same amount, same day, twice. We are now overdrawn.",closed
TICKET-005922,ACCOUNT-1003,fees,2026-08-09T03:23:13Z,Credit line interest is higher than we were quoted,We were quoted one rate and the statement shows another.,closed
TICKET-005923,ACCOUNT-1004,payments,2026-07-07T00:40:57Z,How long does a payment take to arrive?,We have been told same day and we have been told two days.,closed
TICKET-005924,ACCOUNT-1001,statements,2026-07-07T17:27:56Z,Export will not download,The download starts and then stops at nothing.,closed
TICKET-005925,ACCOUNT-1003,fees,2026-08-18T23:17:00Z,What is this monthly fee?,The fee went up this month and we were not told.,closed
TICKET-005926,ACCOUNT-1006,fees,2026-07-17T09:27:51Z,What is this monthly fee?,The fee went up this month and we were not told.,closed
TICKET-005927,ACCOUNT-1005,payments,2026-06-27T23:23:05Z,How long does a payment take to arrive?,We have been told same day and we have been told two days.,closed
TICKET-005928,ACCOUNT-1001,access,2026-06-27T06:54:30Z,Locked out and the code is not arriving,The text message never comes. I have tried for an hour.,closed
TICKET-005929,ACCOUNT-1004,payments,2026-08-16T17:15:07Z,Payment sent but it has not arrived,Sent on Tuesday morning to a supplier. They say nothing has come in.,closed
TICKET-005930,ACCOUNT-1008,cards,2026-07-03T17:31:38Z,"Lost card, needs blocking now",Card lost this morning. Please block it.,closed
TICKET-005931,ACCOUNT-1002,account-restrictions,2026-08-01T14:07:51Z,Why is the account restricted?,It happened overnight with no warning and no explanation.,closed
TICKET-005932,ACCOUNT-1003,statements,2026-06-14T16:10:27Z,Need statements for the accountant,Our accountant needs the last two quarters as one file.,closed
TICKET-005933,ACCOUNT-1001,fees,2026-08-24T15:01:14Z,What is this monthly fee?,The fee went up this month and we were not told.,closed
TICKET-005934,ACCOUNT-1003,account-opening,2026-08-21T14:27:48Z,Application still pending after a week,We applied on the 2nd and it still says in review. We need the account to pay suppliers.,closed
TICKET-005935,ACCOUNT-1008,fees,2026-07-14T16:20:14Z,What is this monthly fee?,The fee went up this month and we were not told.,closed
TICKET-005936,ACCOUNT-1002,payments,2026-06-14T07:14:58Z,Payment sent but it has not arrived,Sent on Tuesday morning to a supplier. They say nothing has come in.,closed
TICKET-005937,ACCOUNT-1009,payments,2026-06-21T11:57:39Z,How long does a payment take to arrive?,We have been told same day and we have been told two days.,closed
TICKET-005938,ACCOUNT-1002,fees,2026-06-18T04:45:35Z,Unexpected charge on the statement,There is a charge on the 14th that nobody here recognises.,closed
TICKET-005939,ACCOUNT-1003,fees,2026-06-06T10:25:41Z,Credit line interest is higher than we were quoted,We were quoted one rate and the statement shows another.,closed
TICKET-005940,ACCOUNT-1003,cards,2026-06-11T14:53:35Z,"Lost card, needs blocking now",Card lost this morning. Please block it.,closed
TICKET-005941,ACCOUNT-1003,account-restrictions,2026-07-21T09:19:43Z,Why is the account restricted?,It happened overnight with no warning and no explanation.,closed
TICKET-005942,ACCOUNT-1001,fees,2026-06-10T18:36:56Z,Credit line interest is higher than we were quoted,We were quoted one rate and the statement shows another.,closed
TICKET-005943,ACCOUNT-1005,payments,2026-07-12T16:40:53Z,Payment went to the wrong supplier,I picked the wrong saved payee. Can it be stopped?,closed
TICKET-005944,ACCOUNT-1006,payments,2026-06-14T14:29:36Z,Payment failed but the money left the account,The screen said failed. The balance says otherwise.,closed
TICKET-005945,ACCOUNT-1002,payments,2026-06-18T11:48:20Z,Payment failed but the money left the account,The screen said failed. The balance says otherwise.,closed
TICKET-005946,ACCOUNT-1005,account-opening,2026-08-02T19:33:50Z,Which documents do you actually need?,The list on the site and the email we got ask for different things.,closed
TICKET-005947,ACCOUNT-1003,statements,2026-08-15T20:54:29Z,Export will not download,The download starts and then stops at nothing.,closed
TICKET-005948,ACCOUNT-1005,fees,2026-07-08T04:43:36Z,Unexpected charge on the statement,There is a charge on the 14th that nobody here recognises.,closed
TICKET-005949,ACCOUNT-1007,access,2026-07-16T09:57:26Z,Cannot add a new user,New bookkeeper starts Monday and I cannot give her access.,closed
TICKET-005950,ACCOUNT-1004,cards,2026-06-27T12:59:51Z,Cards declining abroad for the whole team,Three of us are at a trade fair and none of the cards work.,closed
TICKET-005951,ACCOUNT-1001,payments,2026-07-19T04:39:35Z,Payment sent but it has not arrived,Sent on Tuesday morning to a supplier. They say nothing has come in.,closed
TICKET-005952,ACCOUNT-1003,cards,2026-08-03T19:51:00Z,New card has not arrived,Ordered three weeks ago for a new starter.,closed
TICKET-005953,ACCOUNT-1002,payments,2026-06-29T02:49:32Z,How long does a payment take to arrive?,We have been told same day and we have been told two days.,closed
TICKET-005954,ACCOUNT-1003,statements,2026-07-03T01:01:01Z,Statement missing for last month,July is not in the list. June and August are.,closed
TICKET-005955,ACCOUNT-1007,statements,2026-08-25T23:17:34Z,Export will not download,The download starts and then stops at nothing.,closed
TICKET-005956,ACCOUNT-1005,cards,2026-08-15T02:45:14Z,Card declined in a shop,Declined twice at a builders merchant with money in the account.,closed
TICKET-005957,ACCOUNT-1003,account-opening,2026-08-18T23:50:22Z,Which documents do you actually need?,The list on the site and the email we got ask for different things.,closed
TICKET-005958,ACCOUNT-1001,account-opening,2026-06-04T19:12:10Z,Verification photo keeps failing,I have tried six times with two phones. It says the photo is unclear.,closed
TICKET-005959,ACCOUNT-1001,fees,2026-06-03T06:23:04Z,What is this monthly fee?,The fee went up this month and we were not told.,closed
TICKET-005960,ACCOUNT-1005,fees,2026-06-08T05:08:54Z,Unexpected charge on the statement,There is a charge on the 14th that nobody here recognises.,closed
TICKET-005961,ACCOUNT-1007,cards,2026-07-11T09:10:15Z,New card has not arrived,Ordered three weeks ago for a new starter.,closed
TICKET-005962,ACCOUNT-1001,payments,2026-07-15T00:55:55Z,How long does a payment take to arrive?,We have been told same day and we have been told two days.,closed
TICKET-005963,ACCOUNT-1001,cards,2026-07-23T02:17:38Z,"Lost card, needs blocking now",Card lost this morning. Please block it.,closed
TICKET-005964,ACCOUNT-1005,scheduled-payments,2026-06-28T03:07:43Z,The rent was taken twice,"Same amount, same day, twice. We are now overdrawn.",closed
TICKET-005965,ACCOUNT-1003,scheduled-payments,2026-07-13T21:14:32Z,The rent was taken twice,"Same amount, same day, twice. We are now overdrawn.",closed
TICKET-005966,ACCOUNT-1001,payments,2026-08-01T15:35:51Z,How long does a payment take to arrive?,We have been told same day and we have been told two days.,closed
TICKET-005967,ACCOUNT-1007,scheduled-payments,2026-06-29T02:15:53Z,How do I cancel a scheduled payment?,I cannot find where to stop one that is already set up.,closed
TICKET-005968,ACCOUNT-1005,account-restrictions,2026-08-28T22:55:58Z,Account frozen and we cannot pay staff,Payroll is Friday. Nobody can tell us anything.,closed
TICKET-005969,ACCOUNT-1010,fees,2026-07-30T13:27:34Z,What is this monthly fee?,The fee went up this month and we were not told.,closed
TICKET-005970,ACCOUNT-1004,payments,2026-07-02T05:39:39Z,Payment went to the wrong supplier,I picked the wrong saved payee. Can it be stopped?,closed
TICKET-005971,ACCOUNT-1008,scheduled-payments,2026-08-15T05:48:41Z,How do I cancel a scheduled payment?,I cannot find where to stop one that is already set up.,closed
TICKET-005972,ACCOUNT-1003,payments,2026-07-10T08:21:49Z,How long does a payment take to arrive?,We have been told same day and we have been told two days.,closed
TICKET-005973,ACCOUNT-1002,access,2026-08-25T04:20:42Z,Cannot add a new user,New bookkeeper starts Monday and I cannot give her access.,closed
TICKET-005974,ACCOUNT-1004,fees,2026-08-09T15:21:43Z,Unexpected charge on the statement,There is a charge on the 14th that nobody here recognises.,closed
TICKET-005975,ACCOUNT-1004,payments,2026-07-27T04:37:25Z,How long does a payment take to arrive?,We have been told same day and we have been told two days.,closed
TICKET-005976,ACCOUNT-1003,cards,2026-08-06T22:45:21Z,Cards declining abroad for the whole team,Three of us are at a trade fair and none of the cards work.,closed
TICKET-005977,ACCOUNT-1003,fees,2026-08-06T19:37:21Z,What is this monthly fee?,The fee went up this month and we were not told.,closed
TICKET-005978,ACCOUNT-1005,cards,2026-06-24T19:19:20Z,"Lost card, needs blocking now",Card lost this morning. Please block it.,closed
TICKET-005979,ACCOUNT-1002,fees,2026-07-20T23:14:41Z,What is this monthly fee?,The fee went up this month and we were not told.,closed
TICKET-005980,ACCOUNT-1005,fees,2026-07-12T16:37:09Z,Unexpected charge on the statement,There is a charge on the 14th that nobody here recognises.,closed
TICKET-005981,ACCOUNT-1006,cards,2026-07-05T20:40:59Z,Cards declining abroad for the whole team,Three of us are at a trade fair and none of the cards work.,closed
TICKET-005982,ACCOUNT-1006,fees,2026-06-11T03:16:13Z,Unexpected charge on the statement,There is a charge on the 14th that nobody here recognises.,closed
TICKET-005983,ACCOUNT-1008,cards,2026-06-24T19:28:00Z,"Lost card, needs blocking now",Card lost this morning. Please block it.,closed
TICKET-005984,ACCOUNT-1010,cards,2026-07-31T10:27:46Z,Cards declining abroad for the whole team,Three of us are at a trade fair and none of the cards work.,closed
TICKET-005985,ACCOUNT-1003,fees,2026-07-02T03:01:29Z,Unexpected charge on the statement,There is a charge on the 14th that nobody here recognises.,closed
TICKET-005986,ACCOUNT-1006,statements,2026-08-06T15:33:23Z,Export will not download,The download starts and then stops at nothing.,closed
TICKET-005987,ACCOUNT-1007,cards,2026-07-04T11:56:44Z,New card has not arrived,Ordered three weeks ago for a new starter.,closed
TICKET-005988,ACCOUNT-1001,fees,2026-07-03T00:42:05Z,What is this monthly fee?,The fee went up this month and we were not told.,closed
TICKET-005989,ACCOUNT-1002,account-restrictions,2026-08-08T07:04:39Z,Why is the account restricted?,It happened overnight with no warning and no explanation.,closed
TICKET-005990,ACCOUNT-1005,payments,2026-08-05T04:18:38Z,How long does a payment take to arrive?,We have been told same day and we have been told two days.,closed
TICKET-005991,ACCOUNT-1004,access,2026-07-05T18:07:58Z,Cannot add a new user,New bookkeeper starts Monday and I cannot give her access.,closed
TICKET-005992,ACCOUNT-1001,access,2026-06-25T13:44:01Z,Locked out and the code is not arriving,The text message never comes. I have tried for an hour.,closed
TICKET-005993,ACCOUNT-1006,fees,2026-08-04T02:46:34Z,Credit line interest is higher than we were quoted,We were quoted one rate and the statement shows another.,closed
TICKET-005994,ACCOUNT-1005,access,2026-07-17T19:28:40Z,Cannot add a new user,New bookkeeper starts Monday and I cannot give her access.,closed
TICKET-005995,ACCOUNT-1002,fees,2026-08-08T10:24:40Z,What is this monthly fee?,The fee went up this month and we were not told.,closed
TICKET-005996,ACCOUNT-1002,fees,2026-08-22T02:57:40Z,Unexpected charge on the statement,There is a charge on the 14th that nobody here recognises.,closed
TICKET-005997,ACCOUNT-1001,payments,2026-07-05T01:20:29Z,Payment failed but the money left the account,The screen said failed. The balance says otherwise.,closed
TICKET-005998,ACCOUNT-1006,cards,2026-07-06T16:56:49Z,Card declined in a shop,Declined twice at a builders merchant with money in the account.,closed
TICKET-005999,ACCOUNT-1003,statements,2026-07-26T11:17:07Z,Export will not download,The download starts and then stops at nothing.,closed
TICKET-006000,ACCOUNT-1009,payments,2026-07-25T12:22:52Z,How long does a payment take to arrive?,We have been told same day and we have been told two days.,closed
TICKET-006001,ACCOUNT-1003,access,2026-06-25T03:35:53Z,Locked out and the code is not arriving,The text message never comes. I have tried for an hour.,closed
TICKET-006002,ACCOUNT-1003,cards,2026-08-29T02:06:06Z,Card declined in a shop,Declined twice at a builders merchant with money in the account.,closed
TICKET-006003,ACCOUNT-1003,access,2026-06-12T04:03:19Z,Locked out and the code is not arriving,The text message never comes. I have tried for an hour.,closed
TICKET-006004,ACCOUNT-1003,payments,2026-07-26T12:57:32Z,How long does a payment take to arrive?,We have been told same day and we have been told two days.,closed
TICKET-006005,ACCOUNT-1005,payments,2026-07-13T11:50:16Z,Payment sent but it has not arrived,Sent on Tuesday morning to a supplier. They say nothing has come in.,closed
TICKET-006006,ACCOUNT-1003,payments,2026-08-16T02:25:47Z,Payment failed but the money left the account,The screen said failed. The balance says otherwise.,closed
TICKET-006007,ACCOUNT-1008,payments,2026-06-08T08:34:43Z,How long does a payment take to arrive?,We have been told same day and we have been told two days.,closed
TICKET-006008,ACCOUNT-1006,payments,2026-08-25T13:16:22Z,Payment sent but it has not arrived,Sent on Tuesday morning to a supplier. They say nothing has come in.,closed
TICKET-006009,ACCOUNT-1002,statements,2026-08-27T12:43:21Z,Need statements for the accountant,Our accountant needs the last two quarters as one file.,closed
TICKET-006010,ACCOUNT-1005,account-opening,2026-06-26T14:00:27Z,Application still pending after a week,We applied on the 2nd and it still says in review. We need the account to pay suppliers.,closed
TICKET-006011,ACCOUNT-1003,payments,2026-06-30T02:17:10Z,Payment went to the wrong supplier,I picked the wrong saved payee. Can it be stopped?,closed
TICKET-006012,ACCOUNT-1002,cards,2026-06-10T09:15:45Z,Cards declining abroad for the whole team,Three of us are at a trade fair and none of the cards work.,closed
TICKET-006013,ACCOUNT-1009,fees,2026-07-31T11:24:12Z,Charged for a payment that failed,The payment did not go through and we were still charged for it.,closed
TICKET-006014,ACCOUNT-1002,scheduled-payments,2026-07-13T07:27:04Z,How do I cancel a scheduled payment?,I cannot find where to stop one that is already set up.,closed
TICKET-006015,ACCOUNT-1002,fees,2026-06-02T17:54:24Z,What is this monthly fee?,The fee went up this month and we were not told.,closed
TICKET-006016,ACCOUNT-1003,scheduled-payments,2026-07-26T18:54:30Z,The rent was taken twice,"Same amount, same day, twice. We are now overdrawn.",closed
TICKET-006017,ACCOUNT-1001,cards,2026-07-02T01:20:32Z,New card has not arrived,Ordered three weeks ago for a new starter.,closed
TICKET-006018,ACCOUNT-1008,payments,2026-07-25T16:09:57Z,Payment failed but the money left the account,The screen said failed. The balance says otherwise.,closed
TICKET-006019,ACCOUNT-1006,scheduled-payments,2026-06-03T22:04:33Z,The rent was taken twice,"Same amount, same day, twice. We are now overdrawn.",closed
TICKET-006020,ACCOUNT-1002,payments,2026-08-03T11:58:44Z,Payment went to the wrong supplier,I picked the wrong saved payee. Can it be stopped?,closed
TICKET-006021,ACCOUNT-1005,payments,2026-07-30T04:44:15Z,Payment went to the wrong supplier,I picked the wrong saved payee. Can it be stopped?,closed
TICKET-006022,ACCOUNT-1002,scheduled-payments,2026-07-18T11:38:53Z,Scheduled payment did not go out,The insurance payment was due on the 1st and did not leave.,closed
TICKET-006023,ACCOUNT-1002,account-opening,2026-06-19T11:47:18Z,Verification photo keeps failing,I have tried six times with two phones. It says the photo is unclear.,closed
TICKET-006024,ACCOUNT-1003,cards,2026-08-31T00:17:28Z,Cards declining abroad for the whole team,Three of us are at a trade fair and none of the cards work.,closed
TICKET-006025,ACCOUNT-1003,scheduled-payments,2026-07-07T11:01:58Z,How do I cancel a scheduled payment?,I cannot find where to stop one that is already set up.,closed
TICKET-006026,ACCOUNT-1001,fees,2026-07-25T16:33:49Z,Charged for a payment that failed,The payment did not go through and we were still charged for it.,closed
TICKET-006027,ACCOUNT-1003,payments,2026-08-17T11:13:05Z,How long does a payment take to arrive?,We have been told same day and we have been told two days.,closed
TICKET-006028,ACCOUNT-1003,cards,2026-08-14T08:12:29Z,Cards declining abroad for the whole team,Three of us are at a trade fair and none of the cards work.,closed
TICKET-006029,ACCOUNT-1004,cards,2026-07-28T06:51:23Z,New card has not arrived,Ordered three weeks ago for a new starter.,closed
TICKET-006030,ACCOUNT-1006,cards,2026-06-22T15:43:06Z,Card declined in a shop,Declined twice at a builders merchant with money in the account.,closed
TICKET-006031,ACCOUNT-1005,cards,2026-06-14T08:33:36Z,Card declined in a shop,Declined twice at a builders merchant with money in the account.,closed
TICKET-006032,ACCOUNT-1003,account-opening,2026-07-12T22:12:29Z,Verification photo keeps failing,I have tried six times with two phones. It says the photo is unclear.,closed
TICKET-006033,ACCOUNT-1004,scheduled-payments,2026-08-10T01:51:53Z,How do I cancel a scheduled payment?,I cannot find where to stop one that is already set up.,closed
TICKET-006034,ACCOUNT-1001,payments,2026-06-18T20:20:34Z,Payment went to the wrong supplier,I picked the wrong saved payee. Can it be stopped?,closed
TICKET-006035,ACCOUNT-1003,fees,2026-08-31T06:32:03Z,Unexpected charge on the statement,There is a charge on the 14th that nobody here recognises.,closed
TICKET-006036,ACCOUNT-1003,statements,2026-06-29T07:21:36Z,Need statements for the accountant,Our accountant needs the last two quarters as one file.,closed
TICKET-006037,ACCOUNT-1002,statements,2026-08-25T20:33:00Z,Statement missing for last month,July is not in the list. June and August are.,closed
TICKET-006038,ACCOUNT-1003,cards,2026-08-14T10:21:13Z,New card has not arrived,Ordered three weeks ago for a new starter.,closed
TICKET-006039,ACCOUNT-1008,account-opening,2026-06-11T00:00:57Z,Verification photo keeps failing,I have tried six times with two phones. It says the photo is unclear.,closed
TICKET-006040,ACCOUNT-1003,account-opening,2026-06-24T11:36:06Z,Which documents do you actually need?,The list on the site and the email we got ask for different things.,closed
TICKET-006041,ACCOUNT-1001,payments,2026-08-23T06:17:26Z,How long does a payment take to arrive?,We have been told same day and we have been told two days.,closed
TICKET-006042,ACCOUNT-1003,scheduled-payments,2026-08-04T09:19:46Z,Scheduled payment did not go out,The insurance payment was due on the 1st and did not leave.,closed
TICKET-006043,ACCOUNT-1001,cards,2026-06-17T16:39:36Z,Card declined in a shop,Declined twice at a builders merchant with money in the account.,closed
TICKET-006044,ACCOUNT-1003,cards,2026-08-22T11:15:15Z,Cards declining abroad for the whole team,Three of us are at a trade fair and none of the cards work.,closed
TICKET-006045,ACCOUNT-1007,statements,2026-08-21T03:37:55Z,Need statements for the accountant,Our accountant needs the last two quarters as one file.,closed
TICKET-006046,ACCOUNT-1003,scheduled-payments,2026-06-16T17:55:12Z,Scheduled payment did not go out,The insurance payment was due on the 1st and did not leave.,closed
TICKET-006047,ACCOUNT-1005,payments,2026-08-02T14:20:50Z,Payment failed but the money left the account,The screen said failed. The balance says otherwise.,closed
TICKET-006048,ACCOUNT-1008,payments,2026-07-29T11:37:07Z,Payment sent but it has not arrived,Sent on Tuesday morning to a supplier. They say nothing has come in.,closed
TICKET-006049,ACCOUNT-1003,payments,2026-07-01T16:25:49Z,How long does a payment take to arrive?,We have been told same day and we have been told two days.,closed
TICKET-006050,ACCOUNT-1001,payments,2026-08-21T05:54:32Z,Payment failed but the money left the account,The screen said failed. The balance says otherwise.,closed
TICKET-006051,ACCOUNT-1003,cards,2026-06-17T13:02:19Z,"Lost card, needs blocking now",Card lost this morning. Please block it.,closed
TICKET-006052,ACCOUNT-1003,payments,2026-06-21T04:15:25Z,Payment sent but it has not arrived,Sent on Tuesday morning to a supplier. They say nothing has come in.,closed
TICKET-006053,ACCOUNT-1003,payments,2026-07-05T20:04:20Z,How long does a payment take to arrive?,We have been told same day and we have been told two days.,closed
TICKET-006054,ACCOUNT-1002,scheduled-payments,2026-07-22T06:14:01Z,Scheduled payment did not go out,The insurance payment was due on the 1st and did not leave.,closed
TICKET-006055,ACCOUNT-1002,cards,2026-07-26T07:22:15Z,"Lost card, needs blocking now",Card lost this morning. Please block it.,closed
TICKET-006056,ACCOUNT-1003,access,2026-07-07T09:25:57Z,Locked out and the code is not arriving,The text message never comes. I have tried for an hour.,closed
TICKET-006057,ACCOUNT-1004,cards,2026-08-25T23:36:53Z,"Lost card, needs blocking now",Card lost this morning. Please block it.,closed
TICKET-006058,ACCOUNT-1008,scheduled-payments,2026-08-19T22:15:35Z,The rent was taken twice,"Same amount, same day, twice. We are now overdrawn.",closed
TICKET-006059,ACCOUNT-1003,cards,2026-08-02T12:23:17Z,"Lost card, needs blocking now",Card lost this morning. Please block it.,closed
TICKET-006060,ACCOUNT-1005,account-opening,2026-08-02T05:36:36Z,Application still pending after a week,We applied on the 2nd and it still says in review. We need the account to pay suppliers.,closed
TICKET-006061,ACCOUNT-1004,statements,2026-08-07T12:01:39Z,Export will not download,The download starts and then stops at nothing.,closed
TICKET-006062,ACCOUNT-1001,statements,2026-08-07T12:49:10Z,Statement missing for last month,July is not in the list. June and August are.,closed
TICKET-006063,ACCOUNT-1006,fees,2026-07-05T19:49:23Z,Credit line interest is higher than we were quoted,We were quoted one rate and the statement shows another.,closed
TICKET-006064,ACCOUNT-1004,access,2026-08-28T15:32:26Z,Cannot add a new user,New bookkeeper starts Monday and I cannot give her access.,closed
TICKET-006065,ACCOUNT-1001,statements,2026-06-06T08:14:56Z,Statement missing for last month,July is not in the list. June and August are.,closed
TICKET-006066,ACCOUNT-1002,payments,2026-07-10T23:17:40Z,How long does a payment take to arrive?,We have been told same day and we have been told two days.,closed
TICKET-006067,ACCOUNT-1001,fees,2026-08-04T01:05:53Z,Credit line interest is higher than we were quoted,We were quoted one rate and the statement shows another.,closed
TICKET-006068,ACCOUNT-1008,scheduled-payments,2026-06-16T03:54:30Z,Scheduled payment did not go out,The insurance payment was due on the 1st and did not leave.,closed
TICKET-006069,ACCOUNT-1003,account-opening,2026-07-20T11:18:06Z,Which documents do you actually need?,The list on the site and the email we got ask for different things.,closed
TICKET-006070,ACCOUNT-1010,fees,2026-07-21T10:17:26Z,Charged for a payment that failed,The payment did not go through and we were still charged for it.,closed
TICKET-006071,ACCOUNT-1008,statements,2026-08-08T02:26:01Z,Statement missing for last month,July is not in the list. June and August are.,closed
TICKET-006072,ACCOUNT-1002,access,2026-06-17T15:07:03Z,Cannot add a new user,New bookkeeper starts Monday and I cannot give her access.,closed
TICKET-006073,ACCOUNT-1003,payments,2026-07-25T05:01:03Z,How long does a payment take to arrive?,We have been told same day and we have been told two days.,closed
TICKET-006074,ACCOUNT-1003,fees,2026-08-19T16:52:03Z,Credit line interest is higher than we were quoted,We were quoted one rate and the statement shows another.,closed
TICKET-006075,ACCOUNT-1001,fees,2026-08-16T14:49:33Z,Unexpected charge on the statement,There is a charge on the 14th that nobody here recognises.,closed
TICKET-006076,ACCOUNT-1001,account-restrictions,2026-08-10T11:58:22Z,Why is the account restricted?,It happened overnight with no warning and no explanation.,closed
TICKET-006077,ACCOUNT-1004,fees,2026-08-27T17:47:31Z,Unexpected charge on the statement,There is a charge on the 14th that nobody here recognises.,closed
TICKET-006078,ACCOUNT-1006,payments,2026-07-12T06:06:53Z,Payment sent but it has not arrived,Sent on Tuesday morning to a supplier. They say nothing has come in.,closed
TICKET-006079,ACCOUNT-1004,fees,2026-08-20T08:19:21Z,Unexpected charge on the statement,There is a charge on the 14th that nobody here recognises.,closed
TICKET-006080,ACCOUNT-1005,payments,2026-06-10T05:22:57Z,Payment sent but it has not arrived,Sent on Tuesday morning to a supplier. They say nothing has come in.,closed
TICKET-006081,ACCOUNT-1002,cards,2026-07-10T00:14:15Z,"Lost card, needs blocking now",Card lost this morning. Please block it.,closed
TICKET-006082,ACCOUNT-1002,statements,2026-07-21T12:35:47Z,Statement missing for last month,July is not in the list. June and August are.,closed
TICKET-006083,ACCOUNT-1004,cards,2026-08-28T11:22:34Z,New card has not arrived,Ordered three weeks ago for a new starter.,closed
TICKET-006084,ACCOUNT-1002,payments,2026-07-29T09:21:38Z,How long does a payment take to arrive?,We have been told same day and we have been told two days.,closed
TICKET-006085,ACCOUNT-1004,cards,2026-08-12T00:59:12Z,New card has not arrived,Ordered three weeks ago for a new starter.,closed
TICKET-006086,ACCOUNT-1003,fees,2026-06-09T02:46:59Z,Charged for a payment that failed,The payment did not go through and we were still charged for it.,closed
TICKET-006087,ACCOUNT-1001,account-opening,2026-06-27T04:05:53Z,Which documents do you actually need?,The list on the site and the email we got ask for different things.,closed
TICKET-006088,ACCOUNT-1004,scheduled-payments,2026-07-07T01:01:15Z,Scheduled payment did not go out,The insurance payment was due on the 1st and did not leave.,closed
TICKET-006089,ACCOUNT-1004,cards,2026-07-17T22:32:28Z,"Lost card, needs blocking now",Card lost this morning. Please block it.,closed
TICKET-006090,ACCOUNT-1003,payments,2026-07-06T06:47:02Z,Payment went to the wrong supplier,I picked the wrong saved payee. Can it be stopped?,closed
TICKET-006091,ACCOUNT-1004,payments,2026-06-21T17:01:55Z,Payment failed but the money left the account,The screen said failed. The balance says otherwise.,closed
TICKET-006092,ACCOUNT-1002,cards,2026-07-12T22:47:26Z,New card has not arrived,Ordered three weeks ago for a new starter.,closed
TICKET-006093,ACCOUNT-1005,cards,2026-08-01T15:23:55Z,New card has not arrived,Ordered three weeks ago for a new starter.,closed
TICKET-006094,ACCOUNT-1007,scheduled-payments,2026-08-29T13:06:58Z,Scheduled payment did not go out,The insurance payment was due on the 1st and did not leave.,closed
TICKET-006095,ACCOUNT-1004,payments,2026-07-09T02:09:12Z,Payment sent but it has not arrived,Sent on Tuesday morning to a supplier. They say nothing has come in.,closed
TICKET-006096,ACCOUNT-1001,access,2026-06-26T06:55:18Z,Cannot add a new user,New bookkeeper starts Monday and I cannot give her access.,closed
TICKET-006097,ACCOUNT-1005,statements,2026-08-02T07:34:00Z,Need statements for the accountant,Our accountant needs the last two quarters as one file.,closed
TICKET-006098,ACCOUNT-1001,cards,2026-08-12T05:39:52Z,Cards declining abroad for the whole team,Three of us are at a trade fair and none of the cards work.,closed
TICKET-006099,ACCOUNT-1007,payments,2026-06-01T16:52:57Z,Payment went to the wrong supplier,I picked the wrong saved payee. Can it be stopped?,closed
TICKET-006100,ACCOUNT-1005,fees,2026-07-30T22:14:41Z,Credit line interest is higher than we were quoted,We were quoted one rate and the statement shows another.,closed
TICKET-006101,ACCOUNT-1004,cards,2026-08-29T10:57:02Z,New card has not arrived,Ordered three weeks ago for a new starter.,closed
TICKET-006102,ACCOUNT-1001,access,2026-06-15T13:08:28Z,Cannot add a new user,New bookkeeper starts Monday and I cannot give her access.,closed
TICKET-006103,ACCOUNT-1008,account-opening,2026-07-21T15:02:15Z,Application still pending after a week,We applied on the 2nd and it still says in review. We need the account to pay suppliers.,closed
TICKET-006104,ACCOUNT-1005,statements,2026-06-14T16:45:24Z,Export will not download,The download starts and then stops at nothing.,closed
TICKET-006105,ACCOUNT-1003,scheduled-payments,2026-08-07T13:41:50Z,The rent was taken twice,"Same amount, same day, twice. We are now overdrawn.",closed
TICKET-006106,ACCOUNT-1003,payments,2026-07-08T03:33:53Z,Payment sent but it has not arrived,Sent on Tuesday morning to a supplier. They say nothing has come in.,closed
TICKET-006107,ACCOUNT-1005,scheduled-payments,2026-07-07T12:44:45Z,Scheduled payment did not go out,The insurance payment was due on the 1st and did not leave.,closed
TICKET-006108,ACCOUNT-1008,access,2026-06-22T23:25:22Z,Locked out and the code is not arriving,The text message never comes. I have tried for an hour.,closed
TICKET-006109,ACCOUNT-1005,scheduled-payments,2026-08-19T00:39:41Z,Scheduled payment did not go out,The insurance payment was due on the 1st and did not leave.,closed
TICKET-006110,ACCOUNT-1003,payments,2026-06-29T11:17:05Z,How long does a payment take to arrive?,We have been told same day and we have been told two days.,closed
TICKET-006111,ACCOUNT-1009,payments,2026-07-09T19:02:23Z,How long does a payment take to arrive?,We have been told same day and we have been told two days.,closed
TICKET-006112,ACCOUNT-1003,access,2026-07-02T05:01:24Z,Cannot add a new user,New bookkeeper starts Monday and I cannot give her access.,closed
TICKET-006113,ACCOUNT-1002,payments,2026-07-11T07:51:01Z,Payment went to the wrong supplier,I picked the wrong saved payee. Can it be stopped?,closed
TICKET-006114,ACCOUNT-1010,payments,2026-07-10T22:23:23Z,Payment sent but it has not arrived,Sent on Tuesday morning to a supplier. They say nothing has come in.,closed
TICKET-006115,ACCOUNT-1009,access,2026-08-07T20:18:02Z,Cannot add a new user,New bookkeeper starts Monday and I cannot give her access.,closed
TICKET-006116,ACCOUNT-1009,scheduled-payments,2026-07-02T05:21:41Z,How do I cancel a scheduled payment?,I cannot find where to stop one that is already set up.,closed
TICKET-006117,ACCOUNT-1003,account-restrictions,2026-06-29T17:00:51Z,Why is the account restricted?,It happened overnight with no warning and no explanation.,closed
TICKET-006118,ACCOUNT-1003,account-opening,2026-07-22T04:34:01Z,Which documents do you actually need?,The list on the site and the email we got ask for different things.,closed
TICKET-006119,ACCOUNT-1001,fees,2026-08-04T10:45:41Z,Charged for a payment that failed,The payment did not go through and we were still charged for it.,closed
TICKET-006120,ACCOUNT-1005,payments,2026-08-20T00:18:04Z,How long does a payment take to arrive?,We have been told same day and we have been told two days.,closed
TICKET-006121,ACCOUNT-1006,payments,2026-08-18T17:53:25Z,How long does a payment take to arrive?,We have been told same day and we have been told two days.,closed
TICKET-006122,ACCOUNT-1003,payments,2026-06-28T18:45:53Z,How long does a payment take to arrive?,We have been told same day and we have been told two days.,closed
TICKET-006123,ACCOUNT-1007,account-restrictions,2026-06-04T06:19:11Z,Why is the account restricted?,It happened overnight with no warning and no explanation.,closed
TICKET-006124,ACCOUNT-1001,payments,2026-08-21T07:25:19Z,Payment sent but it has not arrived,Sent on Tuesday morning to a supplier. They say nothing has come in.,closed
TICKET-006125,ACCOUNT-1002,fees,2026-07-08T21:18:37Z,Charged for a payment that failed,The payment did not go through and we were still charged for it.,closed
TICKET-006126,ACCOUNT-1003,payments,2026-08-20T08:08:43Z,Payment sent but it has not arrived,Sent on Tuesday morning to a supplier. They say nothing has come in.,closed
TICKET-006127,ACCOUNT-1006,cards,2026-07-03T10:19:26Z,Card declined in a shop,Declined twice at a builders merchant with money in the account.,closed
TICKET-006128,ACCOUNT-1004,payments,2026-07-09T13:21:33Z,How long does a payment take to arrive?,We have been told same day and we have been told two days.,closed
TICKET-006129,ACCOUNT-1008,fees,2026-07-13T18:20:00Z,Credit line interest is higher than we were quoted,We were quoted one rate and the statement shows another.,closed
TICKET-006130,ACCOUNT-1001,cards,2026-07-21T04:43:14Z,"Lost card, needs blocking now",Card lost this morning. Please block it.,closed
TICKET-006131,ACCOUNT-1003,account-restrictions,2026-08-09T19:48:26Z,Why is the account restricted?,It happened overnight with no warning and no explanation.,closed
TICKET-006132,ACCOUNT-1002,account-restrictions,2026-06-19T14:45:55Z,Account frozen and we cannot pay staff,Payroll is Friday. Nobody can tell us anything.,closed
TICKET-006133,ACCOUNT-1002,scheduled-payments,2026-06-21T10:30:29Z,Scheduled payment did not go out,The insurance payment was due on the 1st and did not leave.,closed
TICKET-006134,ACCOUNT-1003,statements,2026-07-29T09:54:28Z,Need statements for the accountant,Our accountant needs the last two quarters as one file.,closed
TICKET-006135,ACCOUNT-1004,account-restrictions,2026-07-05T21:30:16Z,Account frozen and we cannot pay staff,Payroll is Friday. Nobody can tell us anything.,closed
TICKET-006136,ACCOUNT-1005,payments,2026-06-02T03:59:31Z,Payment failed but the money left the account,The screen said failed. The balance says otherwise.,closed
TICKET-006137,ACCOUNT-1009,cards,2026-06-15T00:22:57Z,New card has not arrived,Ordered three weeks ago for a new starter.,closed
TICKET-006138,ACCOUNT-1002,payments,2026-08-23T11:14:26Z,Payment went to the wrong supplier,I picked the wrong saved payee. Can it be stopped?,closed
TICKET-006139,ACCOUNT-1001,statements,2026-08-08T06:28:15Z,Export will not download,The download starts and then stops at nothing.,closed
TICKET-006140,ACCOUNT-1003,cards,2026-08-10T18:36:48Z,New card has not arrived,Ordered three weeks ago for a new starter.,closed
TICKET-006141,ACCOUNT-1004,account-opening,2026-07-29T15:04:29Z,Application still pending after a week,We applied on the 2nd and it still says in review. We need the account to pay suppliers.,closed
TICKET-006142,ACCOUNT-1003,statements,2026-07-20T04:34:13Z,Statement missing for last month,July is not in the list. June and August are.,closed
TICKET-006143,ACCOUNT-1010,account-opening,2026-06-19T04:22:43Z,Verification photo keeps failing,I have tried six times with two phones. It says the photo is unclear.,closed
TICKET-006144,ACCOUNT-1003,fees,2026-06-05T02:48:24Z,Credit line interest is higher than we were quoted,We were quoted one rate and the statement shows another.,closed
TICKET-006145,ACCOUNT-1003,cards,2026-07-10T23:02:57Z,Cards declining abroad for the whole team,Three of us are at a trade fair and none of the cards work.,closed
TICKET-006146,ACCOUNT-1008,cards,2026-07-29T11:17:20Z,"Lost card, needs blocking now",Card lost this morning. Please block it.,closed
TICKET-006147,ACCOUNT-1003,cards,2026-07-27T21:00:57Z,New card has not arrived,Ordered three weeks ago for a new starter.,closed
TICKET-006148,ACCOUNT-1003,fees,2026-07-21T19:53:56Z,What is this monthly fee?,The fee went up this month and we were not told.,closed
TICKET-006149,ACCOUNT-1003,cards,2026-06-17T03:09:26Z,"Lost card, needs blocking now",Card lost this morning. Please block it.,closed
TICKET-006150,ACCOUNT-1005,fees,2026-08-13T18:39:45Z,Credit line interest is higher than we were quoted,We were quoted one rate and the statement shows another.,closed
TICKET-006151,ACCOUNT-1001,cards,2026-08-29T10:53:57Z,"Lost card, needs blocking now",Card lost this morning. Please block it.,closed
TICKET-006152,ACCOUNT-1004,fees,2026-08-08T21:56:14Z,Unexpected charge on the statement,There is a charge on the 14th that nobody here recognises.,closed
TICKET-006153,ACCOUNT-1007,payments,2026-08-09T05:33:47Z,Payment went to the wrong supplier,I picked the wrong saved payee. Can it be stopped?,closed
TICKET-006154,ACCOUNT-1008,scheduled-payments,2026-08-29T02:32:44Z,The rent was taken twice,"Same amount, same day, twice. We are now overdrawn.",closed
TICKET-006155,ACCOUNT-1002,fees,2026-06-16T04:17:01Z,What is this monthly fee?,The fee went up this month and we were not told.,closed
TICKET-006156,ACCOUNT-1005,fees,2026-07-30T11:16:16Z,Credit line interest is higher than we were quoted,We were quoted one rate and the statement shows another.,closed
TICKET-006157,ACCOUNT-1001,cards,2026-07-03T13:26:56Z,Cards declining abroad for the whole team,Three of us are at a trade fair and none of the cards work.,closed
TICKET-006158,ACCOUNT-1004,cards,2026-07-09T05:16:33Z,Cards declining abroad for the whole team,Three of us are at a trade fair and none of the cards work.,closed
TICKET-006159,ACCOUNT-1002,fees,2026-07-30T19:59:53Z,Unexpected charge on the statement,There is a charge on the 14th that nobody here recognises.,closed
TICKET-006160,ACCOUNT-1001,statements,2026-08-16T16:15:25Z,Need statements for the accountant,Our accountant needs the last two quarters as one file.,closed
TICKET-006161,ACCOUNT-1006,fees,2026-08-05T04:31:09Z,Unexpected charge on the statement,There is a charge on the 14th that nobody here recognises.,closed
TICKET-006162,ACCOUNT-1001,statements,2026-08-31T17:30:13Z,Export will not download,The download starts and then stops at nothing.,closed
TICKET-006163,ACCOUNT-1001,payments,2026-06-02T02:46:22Z,Payment went to the wrong supplier,I picked the wrong saved payee. Can it be stopped?,closed
TICKET-006164,ACCOUNT-1006,account-opening,2026-07-04T06:09:51Z,Application still pending after a week,We applied on the 2nd and it still says in review. We need the account to pay suppliers.,closed
TICKET-006165,ACCOUNT-1002,payments,2026-08-29T18:57:50Z,Payment went to the wrong supplier,I picked the wrong saved payee. Can it be stopped?,closed
TICKET-006166,ACCOUNT-1002,cards,2026-08-12T13:21:57Z,Card declined in a shop,Declined twice at a builders merchant with money in the account.,closed
TICKET-006167,ACCOUNT-1005,fees,2026-07-27T08:03:17Z,Unexpected charge on the statement,There is a charge on the 14th that nobody here recognises.,closed
TICKET-006168,ACCOUNT-1001,access,2026-08-06T16:31:45Z,Locked out and the code is not arriving,The text message never comes. I have tried for an hour.,closed
TICKET-006169,ACCOUNT-1004,statements,2026-08-21T00:52:53Z,Export will not download,The download starts and then stops at nothing.,closed
TICKET-006170,ACCOUNT-1003,payments,2026-08-24T11:31:50Z,Payment sent but it has not arrived,Sent on Tuesday morning to a supplier. They say nothing has come in.,closed
TICKET-006171,ACCOUNT-1008,payments,2026-06-06T19:09:55Z,How long does a payment take to arrive?,We have been told same day and we have been told two days.,closed
TICKET-006172,ACCOUNT-1005,cards,2026-07-27T20:50:54Z,"Lost card, needs blocking now",Card lost this morning. Please block it.,closed
TICKET-006173,ACCOUNT-1004,access,2026-07-17T23:10:20Z,Locked out and the code is not arriving,The text message never comes. I have tried for an hour.,closed
TICKET-006174,ACCOUNT-1002,fees,2026-06-20T10:34:53Z,Charged for a payment that failed,The payment did not go through and we were still charged for it.,closed
TICKET-006175,ACCOUNT-1007,scheduled-payments,2026-08-04T09:04:01Z,How do I cancel a scheduled payment?,I cannot find where to stop one that is already set up.,closed
TICKET-006176,ACCOUNT-1006,payments,2026-07-28T01:58:26Z,How long does a payment take to arrive?,We have been told same day and we have been told two days.,closed
TICKET-006177,ACCOUNT-1003,payments,2026-07-08T16:56:11Z,Payment failed but the money left the account,The screen said failed. The balance says otherwise.,closed
TICKET-006178,ACCOUNT-1005,payments,2026-06-25T18:58:31Z,How long does a payment take to arrive?,We have been told same day and we have been told two days.,closed
TICKET-006179,ACCOUNT-1003,fees,2026-06-17T16:56:13Z,What is this monthly fee?,The fee went up this month and we were not told.,closed
TICKET-006180,ACCOUNT-1006,access,2026-08-15T13:11:57Z,Cannot add a new user,New bookkeeper starts Monday and I cannot give her access.,closed
TICKET-006181,ACCOUNT-1002,payments,2026-06-30T13:32:21Z,Payment went to the wrong supplier,I picked the wrong saved payee. Can it be stopped?,closed
TICKET-006182,ACCOUNT-1005,scheduled-payments,2026-08-27T16:28:08Z,Scheduled payment did not go out,The insurance payment was due on the 1st and did not leave.,closed
TICKET-006183,ACCOUNT-1003,account-opening,2026-06-10T10:33:40Z,Application still pending after a week,We applied on the 2nd and it still says in review. We need the account to pay suppliers.,closed
TICKET-006184,ACCOUNT-1001,cards,2026-08-19T01:43:50Z,New card has not arrived,Ordered three weeks ago for a new starter.,closed
TICKET-006185,ACCOUNT-1004,cards,2026-08-04T04:20:33Z,Card declined in a shop,Declined twice at a builders merchant with money in the account.,closed
TICKET-006186,ACCOUNT-1005,account-restrictions,2026-07-12T07:40:21Z,Account frozen and we cannot pay staff,Payroll is Friday. Nobody can tell us anything.,closed
TICKET-006187,ACCOUNT-1003,scheduled-payments,2026-06-10T09:35:54Z,Scheduled payment did not go out,The insurance payment was due on the 1st and did not leave.,closed
TICKET-006188,ACCOUNT-1006,fees,2026-06-28T08:26:53Z,Credit line interest is higher than we were quoted,We were quoted one rate and the statement shows another.,closed
TICKET-006189,ACCOUNT-1003,account-restrictions,2026-08-27T07:11:45Z,Account frozen and we cannot pay staff,Payroll is Friday. Nobody can tell us anything.,closed
TICKET-006190,ACCOUNT-1001,fees,2026-06-16T20:28:40Z,Credit line interest is higher than we were quoted,We were quoted one rate and the statement shows another.,closed
TICKET-006191,ACCOUNT-1002,account-restrictions,2026-07-03T13:32:28Z,Why is the account restricted?,It happened overnight with no warning and no explanation.,closed
TICKET-006192,ACCOUNT-1003,fees,2026-07-16T18:56:12Z,Unexpected charge on the statement,There is a charge on the 14th that nobody here recognises.,closed
TICKET-006193,ACCOUNT-1003,access,2026-07-25T14:26:30Z,Locked out and the code is not arriving,The text message never comes. I have tried for an hour.,closed
TICKET-006194,ACCOUNT-1006,access,2026-08-07T23:41:25Z,Cannot add a new user,New bookkeeper starts Monday and I cannot give her access.,closed
TICKET-006195,ACCOUNT-1005,cards,2026-07-04T23:40:40Z,Cards declining abroad for the whole team,Three of us are at a trade fair and none of the cards work.,closed
TICKET-006196,ACCOUNT-1003,account-restrictions,2026-07-28T00:03:01Z,Account frozen and we cannot pay staff,Payroll is Friday. Nobody can tell us anything.,closed
TICKET-006197,ACCOUNT-1005,access,2026-06-28T03:20:58Z,Cannot add a new user,New bookkeeper starts Monday and I cannot give her access.,closed
TICKET-006198,ACCOUNT-1003,cards,2026-07-19T23:15:18Z,Cards declining abroad for the whole team,Three of us are at a trade fair and none of the cards work.,closed
TICKET-006199,ACCOUNT-1006,payments,2026-06-19T17:53:27Z,Payment failed but the money left the account,The screen said failed. The balance says otherwise.,closed
TICKET-006200,ACCOUNT-1007,payments,2026-07-21T07:39:58Z,Payment went to the wrong supplier,I picked the wrong saved payee. Can it be stopped?,closed
TICKET-006201,ACCOUNT-1010,payments,2026-08-22T15:06:24Z,Payment went to the wrong supplier,I picked the wrong saved payee. Can it be stopped?,closed
TICKET-006202,ACCOUNT-1003,payments,2026-06-24T09:31:48Z,How long does a payment take to arrive?,We have been told same day and we have been told two days.,closed
TICKET-006203,ACCOUNT-1004,account-opening,2026-07-19T03:13:05Z,Application still pending after a week,We applied on the 2nd and it still says in review. We need the account to pay suppliers.,closed
TICKET-006204,ACCOUNT-1003,fees,2026-06-14T04:06:44Z,Unexpected charge on the statement,There is a charge on the 14th that nobody here recognises.,closed
TICKET-006205,ACCOUNT-1005,payments,2026-07-14T16:40:18Z,Payment sent but it has not arrived,Sent on Tuesday morning to a supplier. They say nothing has come in.,closed
TICKET-006206,ACCOUNT-1001,payments,2026-08-21T12:07:56Z,Payment went to the wrong supplier,I picked the wrong saved payee. Can it be stopped?,closed
TICKET-006207,ACCOUNT-1003,cards,2026-08-12T16:04:06Z,New card has not arrived,Ordered three weeks ago for a new starter.,closed
TICKET-006208,ACCOUNT-1001,cards,2026-08-08T23:44:09Z,New card has not arrived,Ordered three weeks ago for a new starter.,closed
TICKET-006209,ACCOUNT-1003,scheduled-payments,2026-08-10T03:02:44Z,Scheduled payment did not go out,The insurance payment was due on the 1st and did not leave.,closed
TICKET-006210,ACCOUNT-1003,payments,2026-07-18T19:38:46Z,How long does a payment take to arrive?,We have been told same day and we have been told two days.,closed
TICKET-006211,ACCOUNT-1004,cards,2026-07-08T10:21:36Z,Card declined in a shop,Declined twice at a builders merchant with money in the account.,closed
TICKET-006212,ACCOUNT-1005,fees,2026-06-10T12:51:39Z,Charged for a payment that failed,The payment did not go through and we were still charged for it.,closed
TICKET-006213,ACCOUNT-1008,account-restrictions,2026-08-12T06:52:50Z,Why is the account restricted?,It happened overnight with no warning and no explanation.,closed
TICKET-006214,ACCOUNT-1003,payments,2026-08-29T09:52:48Z,Payment sent but it has not arrived,Sent on Tuesday morning to a supplier. They say nothing has come in.,closed
TICKET-006215,ACCOUNT-1008,account-restrictions,2026-06-23T15:44:37Z,Account frozen and we cannot pay staff,Payroll is Friday. Nobody can tell us anything.,closed
TICKET-006216,ACCOUNT-1003,scheduled-payments,2026-06-03T15:43:32Z,The rent was taken twice,"Same amount, same day, twice. We are now overdrawn.",closed
TICKET-006217,ACCOUNT-1010,payments,2026-06-26T03:19:11Z,Payment sent but it has not arrived,Sent on Tuesday morning to a supplier. They say nothing has come in.,closed
TICKET-006218,ACCOUNT-1006,fees,2026-07-04T00:47:17Z,Charged for a payment that failed,The payment did not go through and we were still charged for it.,closed
TICKET-006219,ACCOUNT-1004,payments,2026-07-16T06:40:01Z,Payment sent but it has not arrived,Sent on Tuesday morning to a supplier. They say nothing has come in.,closed
TICKET-006220,ACCOUNT-1001,fees,2026-07-31T04:23:04Z,Charged for a payment that failed,The payment did not go through and we were still charged for it.,closed
TICKET-006221,ACCOUNT-1001,fees,2026-07-15T08:02:31Z,What is this monthly fee?,The fee went up this month and we were not told.,closed
TICKET-006222,ACCOUNT-1006,access,2026-07-22T16:35:01Z,Cannot add a new user,New bookkeeper starts Monday and I cannot give her access.,closed
TICKET-006223,ACCOUNT-1001,cards,2026-06-29T06:39:53Z,Card declined in a shop,Declined twice at a builders merchant with money in the account.,closed
TICKET-006224,ACCOUNT-1003,scheduled-payments,2026-07-16T21:56:35Z,How do I cancel a scheduled payment?,I cannot find where to stop one that is already set up.,closed
TICKET-006225,ACCOUNT-1007,account-restrictions,2026-07-09T15:51:11Z,Account frozen and we cannot pay staff,Payroll is Friday. Nobody can tell us anything.,closed
TICKET-006226,ACCOUNT-1008,cards,2026-06-08T02:58:25Z,"Lost card, needs blocking now",Card lost this morning. Please block it.,closed
TICKET-006227,ACCOUNT-1003,access,2026-07-14T20:21:11Z,Cannot add a new user,New bookkeeper starts Monday and I cannot give her access.,closed
TICKET-006228,ACCOUNT-1010,fees,2026-06-12T11:14:04Z,What is this monthly fee?,The fee went up this month and we were not told.,closed
TICKET-006229,ACCOUNT-1002,scheduled-payments,2026-07-27T17:04:41Z,How do I cancel a scheduled payment?,I cannot find where to stop one that is already set up.,closed
TICKET-006230,ACCOUNT-1001,scheduled-payments,2026-08-24T10:30:11Z,The rent was taken twice,"Same amount, same day, twice. We are now overdrawn.",closed
TICKET-006231,ACCOUNT-1001,fees,2026-08-08T22:37:41Z,Charged for a payment that failed,The payment did not go through and we were still charged for it.,closed
TICKET-006232,ACCOUNT-1010,payments,2026-06-22T11:36:19Z,Payment sent but it has not arrived,Sent on Tuesday morning to a supplier. They say nothing has come in.,closed
TICKET-006233,ACCOUNT-1008,scheduled-payments,2026-08-04T20:03:48Z,How do I cancel a scheduled payment?,I cannot find where to stop one that is already set up.,closed
TICKET-006234,ACCOUNT-1003,cards,2026-07-18T21:36:01Z,"Lost card, needs blocking now",Card lost this morning. Please block it.,closed
TICKET-006235,ACCOUNT-1004,cards,2026-06-08T17:47:33Z,Cards declining abroad for the whole team,Three of us are at a trade fair and none of the cards work.,closed
TICKET-006236,ACCOUNT-1003,scheduled-payments,2026-06-19T13:59:04Z,Scheduled payment did not go out,The insurance payment was due on the 1st and did not leave.,closed
TICKET-006237,ACCOUNT-1006,statements,2026-07-19T16:29:51Z,Statement missing for last month,July is not in the list. June and August are.,closed
TICKET-006238,ACCOUNT-1004,cards,2026-07-14T00:07:22Z,Cards declining abroad for the whole team,Three of us are at a trade fair and none of the cards work.,closed
TICKET-006239,ACCOUNT-1001,payments,2026-08-05T16:31:37Z,Payment sent but it has not arrived,Sent on Tuesday morning to a supplier. They say nothing has come in.,closed
TICKET-006240,ACCOUNT-1003,payments,2026-07-06T18:01:22Z,Payment sent but it has not arrived,Sent on Tuesday morning to a supplier. They say nothing has come in.,closed
TICKET-006241,ACCOUNT-1006,scheduled-payments,2026-08-13T12:53:00Z,The rent was taken twice,"Same amount, same day, twice. We are now overdrawn.",closed
TICKET-006242,ACCOUNT-1002,cards,2026-08-01T00:59:40Z,New card has not arrived,Ordered three weeks ago for a new starter.,closed
TICKET-006243,ACCOUNT-1005,scheduled-payments,2026-06-05T22:32:47Z,How do I cancel a scheduled payment?,I cannot find where to stop one that is already set up.,closed
TICKET-006244,ACCOUNT-1002,access,2026-07-03T15:22:39Z,Locked out and the code is not arriving,The text message never comes. I have tried for an hour.,closed
TICKET-006245,ACCOUNT-1001,account-opening,2026-06-21T23:10:10Z,Which documents do you actually need?,The list on the site and the email we got ask for different things.,closed
TICKET-006246,ACCOUNT-1002,payments,2026-08-21T11:05:25Z,Payment went to the wrong supplier,I picked the wrong saved payee. Can it be stopped?,closed
TICKET-006247,ACCOUNT-1003,cards,2026-07-09T19:56:58Z,Card declined in a shop,Declined twice at a builders merchant with money in the account.,closed
TICKET-006248,ACCOUNT-1003,account-opening,2026-06-07T04:03:17Z,Verification photo keeps failing,I have tried six times with two phones. It says the photo is unclear.,closed
TICKET-006249,ACCOUNT-1002,scheduled-payments,2026-07-11T19:28:30Z,Scheduled payment did not go out,The insurance payment was due on the 1st and did not leave.,closed
TICKET-006250,ACCOUNT-1001,statements,2026-08-12T18:53:14Z,Statement missing for last month,July is not in the list. June and August are.,closed
TICKET-006251,ACCOUNT-1001,access,2026-07-12T23:39:13Z,Cannot add a new user,New bookkeeper starts Monday and I cannot give her access.,closed
TICKET-006252,ACCOUNT-1002,account-opening,2026-06-12T04:38:48Z,Application still pending after a week,We applied on the 2nd and it still says in review. We need the account to pay suppliers.,closed
TICKET-006253,ACCOUNT-1003,fees,2026-06-03T12:15:06Z,Credit line interest is higher than we were quoted,We were quoted one rate and the statement shows another.,closed
TICKET-006254,ACCOUNT-1001,payments,2026-06-23T13:36:30Z,How long does a payment take to arrive?,We have been told same day and we have been told two days.,closed
TICKET-006255,ACCOUNT-1005,account-restrictions,2026-06-18T11:48:05Z,Why is the account restricted?,It happened overnight with no warning and no explanation.,closed
TICKET-006256,ACCOUNT-1001,payments,2026-06-10T12:44:43Z,Payment went to the wrong supplier,I picked the wrong saved payee. Can it be stopped?,closed
TICKET-006257,ACCOUNT-1003,scheduled-payments,2026-07-21T07:08:06Z,How do I cancel a scheduled payment?,I cannot find where to stop one that is already set up.,closed
TICKET-006258,ACCOUNT-1006,scheduled-payments,2026-07-26T15:53:53Z,Scheduled payment did not go out,The insurance payment was due on the 1st and did not leave.,closed
TICKET-006259,ACCOUNT-1001,payments,2026-07-28T20:19:28Z,Payment sent but it has not arrived,Sent on Tuesday morning to a supplier. They say nothing has come in.,closed
TICKET-006260,ACCOUNT-1008,scheduled-payments,2026-06-11T23:36:39Z,The rent was taken twice,"Same amount, same day, twice. We are now overdrawn.",closed
TICKET-006261,ACCOUNT-1002,payments,2026-08-28T04:43:21Z,Payment went to the wrong supplier,I picked the wrong saved payee. Can it be stopped?,closed
TICKET-006262,ACCOUNT-1003,fees,2026-08-25T10:06:16Z,Credit line interest is higher than we were quoted,We were quoted one rate and the statement shows another.,closed
TICKET-006263,ACCOUNT-1004,access,2026-06-24T22:13:25Z,Cannot add a new user,New bookkeeper starts Monday and I cannot give her access.,closed
TICKET-006264,ACCOUNT-1005,access,2026-08-10T00:35:20Z,Locked out and the code is not arriving,The text message never comes. I have tried for an hour.,closed
TICKET-006265,ACCOUNT-1003,payments,2026-08-02T18:04:28Z,Payment failed but the money left the account,The screen said failed. The balance says otherwise.,closed
TICKET-006266,ACCOUNT-1001,access,2026-07-15T06:37:25Z,Locked out and the code is not arriving,The text message never comes. I have tried for an hour.,closed
TICKET-006267,ACCOUNT-1001,payments,2026-08-08T07:32:15Z,Payment failed but the money left the account,The screen said failed. The balance says otherwise.,closed
TICKET-006268,ACCOUNT-1001,scheduled-payments,2026-06-26T09:17:12Z,The rent was taken twice,"Same amount, same day, twice. We are now overdrawn.",closed
TICKET-006269,ACCOUNT-1002,account-restrictions,2026-06-22T00:17:08Z,Why is the account restricted?,It happened overnight with no warning and no explanation.,closed
TICKET-006270,ACCOUNT-1007,payments,2026-08-15T12:16:33Z,Payment sent but it has not arrived,Sent on Tuesday morning to a supplier. They say nothing has come in.,closed
TICKET-006271,ACCOUNT-1003,payments,2026-08-08T08:15:18Z,How long does a payment take to arrive?,We have been told same day and we have been told two days.,closed
TICKET-006272,ACCOUNT-1001,cards,2026-07-29T01:02:54Z,Cards declining abroad for the whole team,Three of us are at a trade fair and none of the cards work.,closed
TICKET-006273,ACCOUNT-1001,statements,2026-07-24T20:39:10Z,Statement missing for last month,July is not in the list. June and August are.,closed
TICKET-006274,ACCOUNT-1005,payments,2026-06-18T12:32:08Z,Payment went to the wrong supplier,I picked the wrong saved payee. Can it be stopped?,closed
TICKET-006275,ACCOUNT-1002,cards,2026-08-20T04:24:44Z,New card has not arrived,Ordered three weeks ago for a new starter.,closed
TICKET-006276,ACCOUNT-1005,statements,2026-06-13T07:17:23Z,Export will not download,The download starts and then stops at nothing.,closed
TICKET-006277,ACCOUNT-1001,statements,2026-07-28T10:16:29Z,Need statements for the accountant,Our accountant needs the last two quarters as one file.,closed
TICKET-006278,ACCOUNT-1005,access,2026-08-15T20:41:51Z,Cannot add a new user,New bookkeeper starts Monday and I cannot give her access.,closed
TICKET-006279,ACCOUNT-1003,cards,2026-08-20T11:34:10Z,Card declined in a shop,Declined twice at a builders merchant with money in the account.,closed
TICKET-006280,ACCOUNT-1003,account-restrictions,2026-07-14T01:00:07Z,Why is the account restricted?,It happened overnight with no warning and no explanation.,closed
TICKET-006281,ACCOUNT-1004,account-restrictions,2026-07-06T16:54:23Z,Why is the account restricted?,It happened overnight with no warning and no explanation.,closed
TICKET-006282,ACCOUNT-1003,access,2026-07-27T12:22:22Z,Cannot add a new user,New bookkeeper starts Monday and I cannot give her access.,closed
TICKET-006283,ACCOUNT-1002,scheduled-payments,2026-07-18T11:11:47Z,The rent was taken twice,"Same amount, same day, twice. We are now overdrawn.",closed
TICKET-006284,ACCOUNT-1004,payments,2026-07-29T16:41:08Z,Payment went to the wrong supplier,I picked the wrong saved payee. Can it be stopped?,closed
TICKET-006285,ACCOUNT-1003,scheduled-payments,2026-08-22T06:00:50Z,The rent was taken twice,"Same amount, same day, twice. We are now overdrawn.",closed
TICKET-006286,ACCOUNT-1003,scheduled-payments,2026-07-09T03:17:56Z,The rent was taken twice,"Same amount, same day, twice. We are now overdrawn.",closed
TICKET-006287,ACCOUNT-1001,account-opening,2026-07-18T09:49:21Z,Which documents do you actually need?,The list on the site and the email we got ask for different things.,closed
TICKET-006288,ACCOUNT-1003,fees,2026-07-02T13:55:58Z,What is this monthly fee?,The fee went up this month and we were not told.,closed
TICKET-006289,ACCOUNT-1004,payments,2026-07-10T06:28:58Z,Payment went to the wrong supplier,I picked the wrong saved payee. Can it be stopped?,closed
TICKET-006290,ACCOUNT-1002,fees,2026-07-06T17:31:57Z,Credit line interest is higher than we were quoted,We were quoted one rate and the statement shows another.,closed
TICKET-006291,ACCOUNT-1001,account-opening,2026-06-06T14:43:31Z,Verification photo keeps failing,I have tried six times with two phones. It says the photo is unclear.,closed
TICKET-006292,ACCOUNT-1001,payments,2026-06-11T07:53:56Z,How long does a payment take to arrive?,We have been told same day and we have been told two days.,closed
TICKET-006293,ACCOUNT-1003,payments,2026-08-02T14:45:21Z,Payment went to the wrong supplier,I picked the wrong saved payee. Can it be stopped?,closed
TICKET-006294,ACCOUNT-1002,account-restrictions,2026-07-23T17:28:08Z,Why is the account restricted?,It happened overnight with no warning and no explanation.,closed
TICKET-006295,ACCOUNT-1002,statements,2026-06-06T18:38:59Z,Need statements for the accountant,Our accountant needs the last two quarters as one file.,closed
TICKET-006296,ACCOUNT-1001,payments,2026-07-17T08:16:06Z,Payment failed but the money left the account,The screen said failed. The balance says otherwise.,closed
TICKET-006297,ACCOUNT-1004,scheduled-payments,2026-07-16T23:10:58Z,How do I cancel a scheduled payment?,I cannot find where to stop one that is already set up.,closed
